[dotenv@17.2.3] injecting env (6) from ../.env -- tip: ⚙️  enable debug logging with { debug: true }
🗂️ Departamentos detectados hoy: [ 'Alta Verapaz', 'Noticias', 'Portada', '#JotaCe', 'Escuintla' ]

📰 Notas agrupadas por departamento:
- Alta Verapaz (1 nota(s))
   📝 San Miguel Tucurú entrega 68 escrituras a familias de la aldea 15 de Octubre
- Noticias (2 nota(s))
   📝 San Miguel Tucurú entrega 68 escrituras a familias de la aldea 15 de Octubre
   📝 #JotaCe En la colonia 20 de Octubre, la revolución llega con Q3.8 millones en tubería
- Portada (2 nota(s))
   📝 San Miguel Tucurú entrega 68 escrituras a familias de la aldea 15 de Octubre
   📝 #JotaCe En la colonia 20 de Octubre, la revolución llega con Q3.8 millones en tubería
- #JotaCe (1 nota(s))
   📝 #JotaCe En la colonia 20 de Octubre, la revolución llega con Q3.8 millones en tubería
- Escuintla (1 nota(s))
   📝 #JotaCe En la colonia 20 de Octubre, la revolución llega con Q3.8 millones en tubería

🚀 Preparando envío de mensajes...


✅ Envío finalizado: 0 enviados ✅, 0 errores ❌.
[dotenv@17.2.3] injecting env (6) from ../.env -- tip: 🔐 encrypt with Dotenvx: https://dotenvx.com
🗂️ Departamentos detectados hoy: [ 'Alta Verapaz', 'Noticias', 'Portada', '#JotaCe', 'Escuintla' ]

📰 Notas agrupadas por departamento:
- Alta Verapaz (1 nota(s))
   📝 San Miguel Tucurú entrega 68 escrituras a familias de la aldea 15 de Octubre
- Noticias (2 nota(s))
   📝 San Miguel Tucurú entrega 68 escrituras a familias de la aldea 15 de Octubre
   📝 #JotaCe En la colonia 20 de Octubre, la revolución llega con Q3.8 millones en tubería
- Portada (2 nota(s))
   📝 San Miguel Tucurú entrega 68 escrituras a familias de la aldea 15 de Octubre
   📝 #JotaCe En la colonia 20 de Octubre, la revolución llega con Q3.8 millones en tubería
- #JotaCe (1 nota(s))
   📝 #JotaCe En la colonia 20 de Octubre, la revolución llega con Q3.8 millones en tubería
- Escuintla (1 nota(s))
   📝 #JotaCe En la colonia 20 de Octubre, la revolución llega con Q3.8 millones en tubería

🚀 Preparando envío de mensajes...

- Alta Verapaz: 2 suscriptor(es)
   📱 William: 50255629247
   📱 Gladys: 50254827902
[32minfo[39m:     
   _       ______  ____  ______                            __ 
  | |     / / __ \/ __ \/ ____/___  ____  ____  ___  _____/ /_
  | | /| / / /_/ / /_/ / /   / __ \/ __ \/ __ \/ _ \/ ___/ __/
  | |/ |/ / ____/ ____/ /___/ /_/ / / / / / / /  __/ /__/ /_  
  |__/|__/_/   /_/    \____/\____/_/ /_/_/ /_/\___/\___/\__/
[32minfo[39m:     Checking for updates
[32minfo[39m:     You're up to date
[32minfo[39m:     [ocmp-bot:browser] Using browser folder '/Users/wmaas/Desktop/OCMP/ojoalanota/wpp-ocmp/cron/tokens/ocmp-bot'
[32minfo[39m:     [ocmp-bot:browser] Initializing browser...
[32mhttp[39m:     [ocmp-bot:browser] checking headless...
[32mhttp[39m:     [ocmp-bot:browser] headless option is disabled, browser visible
[32minfo[39m:     [ocmp-bot:client] Initializing...
[36mverbose[39m:  [ocmp-bot:client] Setting WhatsApp WEB version to 2.3000.10258x
[31merror[39m:    [ocmp-bot:client] Version not available for 2.3000.10258x, using latest as fallback
[36mverbose[39m:  [ocmp-bot:client] Loading WhatsApp WEB
[36mverbose[39m:  [ocmp-bot:page] Page loaded
[36mverbose[39m:  [ocmp-bot:client] Injecting wapi.js
[36mverbose[39m:  [ocmp-bot:client] WhatsApp WEB loaded
[32mhttp[39m:     [ocmp-bot:client] Waiting page load
[32minfo[39m:     [ocmp-bot:session] Session Unpaired
[36mverbose[39m:  [ocmp-bot:client] wapi.js injected
[34mdebug[39m:    [ocmp-bot:client] Exposing onMessage function
[32minfo[39m:     [ocmp-bot:client] Waiting for QRCode Scan (Attempt 1)...:
▄▄▄▄▄▄▄▄▄▄▄▄▄▄▄▄▄▄▄▄▄▄▄▄▄▄▄▄▄▄▄▄▄▄▄▄▄▄▄▄▄▄▄▄▄▄▄▄▄▄▄▄▄▄▄▄▄▄▄▄▄▄▄
█ ▄▄▄▄▄ █▀ ▄▄█▀▀▀ █ ▄▀▀█▀ ▀████▀ ██▀██▄▀▀▄▄ █▀▀▀▀███  █ ▄▄▄▄▄ █
█ █   █ █▀ ▄█  ██ ▀▀███▄▀ ▀█   ▄██▄█  ▄▄ ██▄▀▄  ▄▀▀ ▄ █ █   █ █
█ █▄▄▄█ █▀▀▀▄ █ ▄▀▄ ▄█▄█ ▄▀ ▀ ▄▄▄ ▄██ ▄▀▀█ ▄▄ ▀█▄ █ ▄██ █▄▄▄█ █
█▄▄▄▄▄▄▄█▄█▄█▄█ ▀▄▀ █ █ ▀ █ ▀ █▄█ ▀ █▄▀ ▀▄▀ █ ▀▄▀▄▀▄█ █▄▄▄▄▄▄▄█
█▄▄ ▄▄▀▄ ▄▀█ ▀▄▀██▀ ▀▀▀▀  ▄▄█▄▄  ▄▄▄ ▄ ▄█▀   ▀▀█  ▄█▄▄▄▀ ▀ █ ██
█▀▄█▀ ▄▄▀█▀▄▀ █▄█ ██▀ ▄▀ █▀█▀█  ▀█ █▄   ▀ ▀▀█▄█▄███▄█▄█▀ ▄██▄ █
█▄  █▄ ▄███▀█ ▀▀▄█   █▀█  ▄▀▀█▀█▀▀█▄▄█▀ █▀   ▀ ▄▄  ▄█▄ ▀ ▀ ▄█▀█
█▀  █▄▄▄▄█▄ █▀▀█▀▄ ▄▀▀▀ ▀  █▄█▀█▀▀▀ ▄█▀█▀ ▄▄███▄██▀█ ▄█▄ █ ▄ ▄█
█  █ ▄▀▄▄▀    ▀█▀█  ▀▄▀▄▀▄▄▀  ▀ ▀█▄▄ ▄ ████ ▄▀█▄   █▄▄▀  █▀▄▀ █
██▀ █ ▄▄█▀▀█   ▀▀█▀▄▀██ ▀██▀▄█▀▀ █▄▀ ▄ ▄▄ ▄▀▄ ▀ ▀▀█ █▀▄  ▀▀▄  █
█▀█▀█ █▄▄█ ▀▀  ▀██▀▄ ▄▀█ ▀ █▄███ ▀▄ █ ▀▄ █▀▀▀█▄█ ▄▄▄▄█▀ █▀█▄ ██
█▀▄▄▀█ ▄▀▀██▀█▀▄▀▄▄█▄▄▀ █▄▀█▄▄  █▀▄█ ██▀▀ ▀▀█▀ ▄▄▄  ▀ ▀▄▄ ▄█▄ █
█▀▄    ▄▀▀▀█▄▄▄ ▄█▄▀▄█▄▀█▀▀█▀▀▀▄██▄▄▄ ▀▄█▀▀ ▄▀█▄ ▄ ▄▀▄ ▀█▀█ ▄██
█ ▀█▄▀ ▄█ ▄  █▀ ▀▄▀▀▄█▄▄█ █▄▄▀█ ▄  ▄  ██  ▄▄▄▄  ▄█ ▄▄▄ ▀▀ ██  █
█ █ ▀ ▄▄▄ █ █▀▀▀▄█▄▄█▄▀█▄▀▀▀▄ ▄▄▄ ▀█▀ ▄███▀  ▀▄█▄  ██ ▄▄▄ ▀ ▄▄█
█▀█▄▄ █▄█ ▄█▄▀█  ▄▀  ▀▄█▄ ▀ █ █▄█ ▀▄▀▄▄█▀▀▀ ██▀███▀▀▀ █▄█ ██▄▄█
███▀   ▄ ▄ █  ██▄▀▄▄ ▄▄█▄  ██  ▄  ▄▄█▄▄▄▀▀▀▀ ▀▀▄▄  █    ▄▄ █▄▀█
█▀▄▀ ▀▄▄█▄▄▀▄▀█▄▄   █▀▀ ▄  █▄▄▀  █▀▄█▄█ ▀▀▄█  ▄▄▄▄█▀▄▀ ▄▀▄▀█ ▄█
█▀▀▀ ▀█▄▄▄█  ██ ██▄▄ █▀█  ▀▀▄▄▀ ▄█▀█   ▄▄██▀ ▀▄█  ▀█▄▀▄▄▀██▄▄██
█▀███▀▄▄▄▄▄▄▄▀▄▄▄█▀ █ ▄█ ▄▄  █ ▄ █▀▀▀██▀▀▄ ██ █ ███▄▀▀▄▄  ▄█ ▄█
█▀▄▀▄█ ▄▄▄█▄▀ █▀█▄▀ ▀▀▄▀ ▀▄▄█    █▄▄▄  █▀▀ ▀ █▀▄▀  ▄▄▄▀▄▀██▄▀▀█
█▄ █▀ █▄▀█▀█▄ ▄▄  ▄▄▀ ▄▀▀▄▄█▄█ ▀▀█▄▄█   ▄▀█▀█▄█▄ ██   ▀▄ ██▄▀ █
█  ▀██▄▄▄████▀▀ ██▄ ▄▄▀█ ▀▄█▀▄ ▄▄▀▄▄▄█▀ ▄▀▀▀ ██▄▀▄ ▄ ▀ ▄▄▄▀▀█ █
█ █▄ ▀▄▄▀▀ █▀▄▀  █  ▄ ▀   ▀█ ▄▄ ▄█▄▄ ████▀█ █▀▄  ▄▄▀▄ ▄▄▄▄▀▄  █
█▄█▀ ▀█▄   ▄█▄█ ▀█   ▄▀▄▀▄▀▀  █▄▄█▄█  ▄▄██▄ ▄██▄▄  ▄ █▀▀▀█▀▄███
█▀▀ ▄ ▄▄█  █▀  ▄▀█▄▀▄▄▀█▀█▄▀▄ ▄█ ▄█▀▀█ ▄█▀ ▀▄  ▄ ▄█▄██ ▄▄▄▄▄▀ █
█▄▄▄▄██▄█ ▀██▀▄███▄▄▀██▀▀  █▀ ▄▄▄ ▄ █ ▄█▄▀▀▀ ▀██▄▄▄█▄ ▄▄▄  ▄▄▀█
█ ▄▄▄▄▄ █▄█ ▀▄ ▀▄▄▄█▄▄ █  ▀█▄ █▄█ ▄▀▄  ▄█▀ ▀▄ ▄▀█▄ ▄  █▄█ ▄█  █
█ █   █ █ █▀▄▀▄▀▄█▄▀▄█▀▀█▀▀█   ▄ ▄▄█▄▄ ▄▄█▀ ▄█▀█   █▄▄  ▄ ▀▄█ █
█ █▄▄▄█ █ ▀▄   ▀▀▀▀▀▄█▀█ ▄▀█▀▀▀ ▀▀ ▄▀ ██ ▄██▄  ▄ ▄▄ ▀▀▀ ▀█▄██ █
█▄▄▄▄▄▄▄█▄▄▄█▄████▄▄█▄██▄█▄███▄████▄█▄▄████▄▄██▄▄▄█▄██▄██▄██▄▄█
 {"code":"https://wa.me/settings/linked_devices#2@twjFjliB0VgWjyfah4Auq4SONDsJSxJYfIPRCMaKlqmwPUN3EyxtrsEKZw8hjHdqOkq+eXBHG5olfKE49l0Sq6c5UXyMvH4IEkQ=,p/Wn10cxtbGQeYJsOZm/MR9K9/EXVdtV7emKem/iq3o=,oNHH6q92KoOzIwIr7jzBtQqS1l4/SzDbU6UMXwSICDk=,RS5lfTSS89NcC12cF7PC6SKLK8a2ygQ68WcaCCBrj6w=,1"}
[34mdebug[39m:    [ocmp-bot:client] Exposing onAnyMessage function
[32minfo[39m:     [ocmp-bot:client] WhatsApp WEB version: 2.3000.1028678529
[32minfo[39m:     [ocmp-bot:client] WA-JS version: 3.18.7
[34mdebug[39m:    [ocmp-bot:client] Exposing onAck function
[34mdebug[39m:    [ocmp-bot:client] Exposing onMessageEdit function
[34mdebug[39m:    [ocmp-bot:client] Exposing onNotificationMessage function
[34mdebug[39m:    [ocmp-bot:client] Exposing onParticipantsChanged function
[34mdebug[39m:    [ocmp-bot:client] Exposing onStateChange function
[34mdebug[39m:    [ocmp-bot:client] Exposing onStreamChange function
[34mdebug[39m:    [ocmp-bot:client] Exposing onIncomingCall function
[34mdebug[39m:    [ocmp-bot:client] Exposing onInterfaceChange function
[34mdebug[39m:    [ocmp-bot:client] Exposing onPresenceChanged function
[34mdebug[39m:    [ocmp-bot:client] Exposing onLiveLocation function
[34mdebug[39m:    [ocmp-bot:client] Exposing onAddedToGroup function
[34mdebug[39m:    [ocmp-bot:client] Exposing onRevokedMessage function
[34mdebug[39m:    [ocmp-bot:client] Exposing onReactionMessage function
[34mdebug[39m:    [ocmp-bot:client] Exposing onPollResponse function
[34mdebug[39m:    [ocmp-bot:client] Exposing onUpdateLabel function
[34mdebug[39m:    [ocmp-bot:client] Exposing onOrderStatusUpdate function
[34mdebug[39m:    [ocmp-bot:client] Emitting onInterfaceChange event (1 registered)
[32mhttp[39m:     [ocmp-bot:client] Current state: QR (CONNECTING)
[32mhttp[39m:     [ocmp-bot:client] Checking is logged...
[32minfo[39m:     [ocmp-bot:client] Auto close configured to 60s
[32mhttp[39m:     [ocmp-bot:client] Waiting for QRCode Scan...
[32mhttp[39m:     [ocmp-bot:client] Auto close remain: 50s
[32mhttp[39m:     [ocmp-bot:client] Auto close remain: 40s
[32mhttp[39m:     [ocmp-bot:client] Auto close remain: 30s
[32mhttp[39m:     [ocmp-bot:client] Checking QRCode status...
[34mdebug[39m:    [ocmp-bot:client] Emitting onInterfaceChange event (1 registered)
[32mhttp[39m:     [ocmp-bot:client] Current state: SYNCING (CONNECTING)
[34mdebug[39m:    [ocmp-bot:client] Emitting onInterfaceChange event (1 registered)
[32mhttp[39m:     [ocmp-bot:client] Current state: SYNCING (CONNECTING)
[32mhttp[39m:     [ocmp-bot:client] Login with success
[34mdebug[39m:    [ocmp-bot:client] Emitting onInterfaceChange event (1 registered)
[32mhttp[39m:     [ocmp-bot:client] Current state: SYNCING (CONNECTING)
[34mdebug[39m:    [ocmp-bot:client] Emitting onInterfaceChange event (1 registered)
[32mhttp[39m:     [ocmp-bot:client] Current state: SYNCING (CONNECTING)
[32minfo[39m:     [ocmp-bot:client] Auto close configured to 180s
[32mhttp[39m:     [ocmp-bot:client] Checking phone is connected...
[32mhttp[39m:     [ocmp-bot:client] Connected
[34mdebug[39m:    [ocmp-bot:client] Registering onStateChange event
✅ Mensaje enviado a 50255629247
✅ Mensaje enviado a 50254827902

✅ Envío finalizado: 2 enviados ✅, 0 errores ❌.
[34mdebug[39m:    [ocmp-bot:client] Emitting onInterfaceChange event (1 registered)
[32mhttp[39m:     [ocmp-bot:client] Current state: MAIN (NORMAL)
[34mdebug[39m:    [ocmp-bot:client] Emitting onInterfaceChange event (1 registered)
[32mhttp[39m:     [ocmp-bot:client] Current state: MAIN (NORMAL)
[34mdebug[39m:    [ocmp-bot:client] Emitting onInterfaceChange event (1 registered)
[32mhttp[39m:     [ocmp-bot:client] Current state: MAIN (NORMAL)
[dotenv@17.2.3] injecting env (6) from ../.env -- tip: 🔐 prevent building .env in docker: https://dotenvx.com/prebuild
🗂️ Departamentos detectados hoy: [ 'Alta Verapaz', 'Noticias', 'Portada', '#JotaCe', 'Escuintla' ]

📰 Notas agrupadas por departamento:
- Alta Verapaz (1 nota(s))
   📝 San Miguel Tucurú entrega 68 escrituras a familias de la aldea 15 de Octubre
- Noticias (2 nota(s))
   📝 San Miguel Tucurú entrega 68 escrituras a familias de la aldea 15 de Octubre
   📝 #JotaCe En la colonia 20 de Octubre, la revolución llega con Q3.8 millones en tubería
- Portada (2 nota(s))
   📝 San Miguel Tucurú entrega 68 escrituras a familias de la aldea 15 de Octubre
   📝 #JotaCe En la colonia 20 de Octubre, la revolución llega con Q3.8 millones en tubería
- #JotaCe (1 nota(s))
   📝 #JotaCe En la colonia 20 de Octubre, la revolución llega con Q3.8 millones en tubería
- Escuintla (1 nota(s))
   📝 #JotaCe En la colonia 20 de Octubre, la revolución llega con Q3.8 millones en tubería

🚀 Preparando envío de mensajes...

- Alta Verapaz: 2 suscriptor(es)
   📱 William: 50255629247
   📱 Gladys: 50254827902
[32minfo[39m:     
   _       ______  ____  ______                            __ 
  | |     / / __ \/ __ \/ ____/___  ____  ____  ___  _____/ /_
  | | /| / / /_/ / /_/ / /   / __ \/ __ \/ __ \/ _ \/ ___/ __/
  | |/ |/ / ____/ ____/ /___/ /_/ / / / / / / /  __/ /__/ /_  
  |__/|__/_/   /_/    \____/\____/_/ /_/_/ /_/\___/\___/\__/
[32minfo[39m:     Checking for updates
[32minfo[39m:     You're up to date
[32minfo[39m:     [ocmp-bot:browser] Using browser folder '/Users/wmaas/Desktop/OCMP/ojoalanota/wpp-ocmp/cron/tokens/ocmp-bot'
[32minfo[39m:     [ocmp-bot:browser] Initializing browser...
[32mhttp[39m:     [ocmp-bot:browser] checking headless...
[32mhttp[39m:     [ocmp-bot:browser] headless option is disabled, browser visible
[32minfo[39m:     [ocmp-bot:client] Initializing...
[36mverbose[39m:  [ocmp-bot:client] Setting WhatsApp WEB version to 2.3000.10258x
[31merror[39m:    [ocmp-bot:client] Version not available for 2.3000.10258x, using latest as fallback
[36mverbose[39m:  [ocmp-bot:client] Loading WhatsApp WEB
[36mverbose[39m:  [ocmp-bot:page] Page loaded
[36mverbose[39m:  [ocmp-bot:client] Injecting wapi.js
[36mverbose[39m:  [ocmp-bot:client] WhatsApp WEB loaded
[32mhttp[39m:     [ocmp-bot:client] Waiting page load
[36mverbose[39m:  [ocmp-bot:client] wapi.js injected
[32mhttp[39m:     [ocmp-bot:client] Connected
[34mdebug[39m:    [ocmp-bot:client] Exposing onMessage function
[34mdebug[39m:    [ocmp-bot:client] Exposing onAnyMessage function
[32minfo[39m:     [ocmp-bot:client] WhatsApp WEB version: 2.3000.1028678529
[32minfo[39m:     [ocmp-bot:client] WA-JS version: 3.18.7
[32mhttp[39m:     [ocmp-bot:client] Checking is logged...
[34mdebug[39m:    [ocmp-bot:client] Exposing onAck function
[32minfo[39m:     [ocmp-bot:client] Auto close configured to 60s
[32mhttp[39m:     [ocmp-bot:client] Authenticated
[34mdebug[39m:    [ocmp-bot:client] Exposing onMessageEdit function
[34mdebug[39m:    [ocmp-bot:client] Exposing onNotificationMessage function
[34mdebug[39m:    [ocmp-bot:client] Exposing onParticipantsChanged function
[34mdebug[39m:    [ocmp-bot:client] Exposing onStateChange function
[34mdebug[39m:    [ocmp-bot:client] Exposing onStreamChange function
[34mdebug[39m:    [ocmp-bot:client] Exposing onIncomingCall function
[34mdebug[39m:    [ocmp-bot:client] Exposing onInterfaceChange function
[34mdebug[39m:    [ocmp-bot:client] Exposing onPresenceChanged function
[34mdebug[39m:    [ocmp-bot:client] Exposing onLiveLocation function
[34mdebug[39m:    [ocmp-bot:client] Exposing onAddedToGroup function
[34mdebug[39m:    [ocmp-bot:client] Exposing onRevokedMessage function
[34mdebug[39m:    [ocmp-bot:client] Exposing onReactionMessage function
[34mdebug[39m:    [ocmp-bot:client] Exposing onPollResponse function
[34mdebug[39m:    [ocmp-bot:client] Exposing onUpdateLabel function
[34mdebug[39m:    [ocmp-bot:client] Exposing onOrderStatusUpdate function
[34mdebug[39m:    [ocmp-bot:client] Emitting onInterfaceChange event (1 registered)
[32mhttp[39m:     [ocmp-bot:client] Current state: MAIN (NORMAL)
[32minfo[39m:     [ocmp-bot:client] Auto close configured to 180s
[32mhttp[39m:     [ocmp-bot:client] Checking phone is connected...
[34mdebug[39m:    [ocmp-bot:client] Registering onStateChange event
✅ Mensaje enviado a 50255629247
✅ Mensaje enviado a 50254827902

✅ Envío finalizado: 2 enviados ✅, 0 errores ❌.
[dotenv@17.2.3] injecting env (6) from ../.env -- tip: 🔐 encrypt with Dotenvx: https://dotenvx.com
🗂️ Departamentos detectados hoy: [ 'Alta Verapaz', 'Noticias', 'Portada', '#JotaCe', 'Escuintla' ]

📰 Notas agrupadas por departamento:
- Alta Verapaz (1 nota(s))
   📝 San Miguel Tucurú entrega 68 escrituras a familias de la aldea 15 de Octubre
- Noticias (2 nota(s))
   📝 San Miguel Tucurú entrega 68 escrituras a familias de la aldea 15 de Octubre
   📝 #JotaCe En la colonia 20 de Octubre, la revolución llega con Q3.8 millones en tubería
- Portada (2 nota(s))
   📝 San Miguel Tucurú entrega 68 escrituras a familias de la aldea 15 de Octubre
   📝 #JotaCe En la colonia 20 de Octubre, la revolución llega con Q3.8 millones en tubería
- #JotaCe (1 nota(s))
   📝 #JotaCe En la colonia 20 de Octubre, la revolución llega con Q3.8 millones en tubería
- Escuintla (1 nota(s))
   📝 #JotaCe En la colonia 20 de Octubre, la revolución llega con Q3.8 millones en tubería

🚀 Preparando envío de mensajes...

- Alta Verapaz: 2 suscriptor(es)
   📱 William: 50255629247
   📱 Gladys: 50254827902
[32minfo[39m:     
   _       ______  ____  ______                            __ 
  | |     / / __ \/ __ \/ ____/___  ____  ____  ___  _____/ /_
  | | /| / / /_/ / /_/ / /   / __ \/ __ \/ __ \/ _ \/ ___/ __/
  | |/ |/ / ____/ ____/ /___/ /_/ / / / / / / /  __/ /__/ /_  
  |__/|__/_/   /_/    \____/\____/_/ /_/_/ /_/\___/\___/\__/
[32minfo[39m:     Checking for updates
[32minfo[39m:     You're up to date
[32minfo[39m:     [ocmp-bot:browser] Using browser folder '/Users/wmaas/Desktop/OCMP/ojoalanota/wpp-ocmp/cron/tokens/ocmp-bot'
[32minfo[39m:     [ocmp-bot:browser] Initializing browser...
[32mhttp[39m:     [ocmp-bot:browser] checking headless...
[32mhttp[39m:     [ocmp-bot:browser] headless option is disabled, browser visible
[32minfo[39m:     [ocmp-bot:client] Initializing...
[36mverbose[39m:  [ocmp-bot:client] Setting WhatsApp WEB version to 2.3000.10258x
[31merror[39m:    [ocmp-bot:client] Version not available for 2.3000.10258x, using latest as fallback
[36mverbose[39m:  [ocmp-bot:client] Loading WhatsApp WEB
[36mverbose[39m:  [ocmp-bot:page] Page loaded
[36mverbose[39m:  [ocmp-bot:client] Injecting wapi.js
[36mverbose[39m:  [ocmp-bot:client] WhatsApp WEB loaded
[32mhttp[39m:     [ocmp-bot:client] Waiting page load
[36mverbose[39m:  [ocmp-bot:client] wapi.js injected
[32mhttp[39m:     [ocmp-bot:client] Connected
[34mdebug[39m:    [ocmp-bot:client] Exposing onMessage function
[34mdebug[39m:    [ocmp-bot:client] Exposing onAnyMessage function
[32minfo[39m:     [ocmp-bot:client] WhatsApp WEB version: 2.3000.1028678529
[32minfo[39m:     [ocmp-bot:client] WA-JS version: 3.18.7
[34mdebug[39m:    [ocmp-bot:client] Exposing onAck function
[34mdebug[39m:    [ocmp-bot:client] Exposing onMessageEdit function
[34mdebug[39m:    [ocmp-bot:client] Exposing onNotificationMessage function
[34mdebug[39m:    [ocmp-bot:client] Exposing onParticipantsChanged function
[34mdebug[39m:    [ocmp-bot:client] Exposing onStateChange function
[34mdebug[39m:    [ocmp-bot:client] Exposing onStreamChange function
[34mdebug[39m:    [ocmp-bot:client] Exposing onIncomingCall function
[34mdebug[39m:    [ocmp-bot:client] Exposing onInterfaceChange function
[34mdebug[39m:    [ocmp-bot:client] Exposing onPresenceChanged function
[34mdebug[39m:    [ocmp-bot:client] Exposing onLiveLocation function
[34mdebug[39m:    [ocmp-bot:client] Exposing onAddedToGroup function
[34mdebug[39m:    [ocmp-bot:client] Exposing onRevokedMessage function
[34mdebug[39m:    [ocmp-bot:client] Exposing onReactionMessage function
[34mdebug[39m:    [ocmp-bot:client] Exposing onPollResponse function
[34mdebug[39m:    [ocmp-bot:client] Exposing onUpdateLabel function
[34mdebug[39m:    [ocmp-bot:client] Exposing onOrderStatusUpdate function
[34mdebug[39m:    [ocmp-bot:client] Emitting onInterfaceChange event (1 registered)
[32mhttp[39m:     [ocmp-bot:client] Current state: MAIN (NORMAL)
[32mhttp[39m:     [ocmp-bot:client] Checking is logged...
[32minfo[39m:     [ocmp-bot:client] Auto close configured to 60s
[32mhttp[39m:     [ocmp-bot:client] Authenticated
[32minfo[39m:     [ocmp-bot:client] Auto close configured to 180s
[32mhttp[39m:     [ocmp-bot:client] Checking phone is connected...
[34mdebug[39m:    [ocmp-bot:client] Registering onStateChange event
✅ Mensaje enviado a 50255629247
✅ Mensaje enviado a 50254827902

✅ Envío finalizado: 2 enviados ✅, 0 errores ❌.
node:internal/modules/cjs/loader:1215
  throw err;
  ^

Error: Cannot find module '/Users/wmaas/Desktop/OCMP/ojoalanota/wpp-ocmp/cron/sendDailyNews2.js'
    at Module._resolveFilename (node:internal/modules/cjs/loader:1212:15)
    at Module._load (node:internal/modules/cjs/loader:1043:27)
    at Function.executeUserEntryPoint [as runMain] (node:internal/modules/run_main:164:12)
    at node:internal/main/run_main_module:28:49 {
  code: 'MODULE_NOT_FOUND',
  requireStack: []
}

Node.js v20.19.4
[dotenv@17.2.3] injecting env (6) from ../.env -- tip: 🗂️ backup and recover secrets: https://dotenvx.com/ops
🗂️ Departamentos detectados hoy: [ 'Noticias', 'Portada', 'Sololá', 'Guatemala', 'Quetzaltenango' ]

📰 Notas agrupadas por departamento:
- Noticias (4 nota(s))
   📝 San Lucas Tolimán en disputa por parque que San Antonio Palopó autorizó
   📝 #20MinutosCon Juan Pablo Ligorría «Urbanizamos y anulamos la absorción de la tierra»
   📝 Vecinos del Valle de Palajunoj construyeron calle con sus propios recursos
   📝 El Transmetro alcanzó su mayoría de edad, pero los usuarios no sienten su desarrollo
- Portada (3 nota(s))
   📝 San Lucas Tolimán en disputa por parque que San Antonio Palopó autorizó
   📝 #20MinutosCon Juan Pablo Ligorría «Urbanizamos y anulamos la absorción de la tierra»
   📝 Vecinos del Valle de Palajunoj construyeron calle con sus propios recursos
- Sololá (1 nota(s))
   📝 San Lucas Tolimán en disputa por parque que San Antonio Palopó autorizó
- Guatemala (1 nota(s))
   📝 #20MinutosCon Juan Pablo Ligorría «Urbanizamos y anulamos la absorción de la tierra»
- Quetzaltenango (1 nota(s))
   📝 Vecinos del Valle de Palajunoj construyeron calle con sus propios recursos

🚀 Preparando envío de mensajes...

- Guatemala: 6 suscriptor(es)
   📱 Ana Carolina Alpirez: 50257049220
   📱 William: 50255629247
   📱 Mirja: 50253065146
   📱 Pilar: 50230465423
   📱 Jimena: 50253460168
   📱 Gaby: 50230080060
[32minfo[39m:     
   _       ______  ____  ______                            __ 
  | |     / / __ \/ __ \/ ____/___  ____  ____  ___  _____/ /_
  | | /| / / /_/ / /_/ / /   / __ \/ __ \/ __ \/ _ \/ ___/ __/
  | |/ |/ / ____/ ____/ /___/ /_/ / / / / / / /  __/ /__/ /_  
  |__/|__/_/   /_/    \____/\____/_/ /_/_/ /_/\___/\___/\__/
[32minfo[39m:     Checking for updates
[32minfo[39m:     You're up to date
[32minfo[39m:     [ocmp-bot:browser] Using browser folder '/Users/wmaas/Desktop/OCMP/ojoalanota/wpp-ocmp/cron/tokens/ocmp-bot'
[32minfo[39m:     [ocmp-bot:browser] Initializing browser...
[32mhttp[39m:     [ocmp-bot:browser] checking headless...
[32mhttp[39m:     [ocmp-bot:browser] headless option is disabled, browser visible
[32minfo[39m:     [ocmp-bot:client] Initializing...
[36mverbose[39m:  [ocmp-bot:client] Setting WhatsApp WEB version to 2.3000.10258x
[31merror[39m:    [ocmp-bot:client] Version not available for 2.3000.10258x, using latest as fallback
[36mverbose[39m:  [ocmp-bot:client] Loading WhatsApp WEB
[36mverbose[39m:  [ocmp-bot:page] Page loaded
[36mverbose[39m:  [ocmp-bot:client] Injecting wapi.js
[36mverbose[39m:  [ocmp-bot:client] WhatsApp WEB loaded
[32mhttp[39m:     [ocmp-bot:client] Waiting page load
[36mverbose[39m:  [ocmp-bot:client] wapi.js injected
[34mdebug[39m:    [ocmp-bot:client] Exposing onMessage function
[34mdebug[39m:    [ocmp-bot:client] Exposing onAnyMessage function
[32mhttp[39m:     [ocmp-bot:client] Checking is logged...
[32minfo[39m:     [ocmp-bot:client] WhatsApp WEB version: 2.3000.1028798214
[32minfo[39m:     [ocmp-bot:client] WA-JS version: 3.18.7
[32minfo[39m:     [ocmp-bot:client] Auto close configured to 60s
[32mhttp[39m:     [ocmp-bot:client] Authenticated
[34mdebug[39m:    [ocmp-bot:client] Exposing onAck function
[34mdebug[39m:    [ocmp-bot:client] Exposing onMessageEdit function
[34mdebug[39m:    [ocmp-bot:client] Exposing onNotificationMessage function
[34mdebug[39m:    [ocmp-bot:client] Exposing onParticipantsChanged function
[32minfo[39m:     [ocmp-bot:client] Auto close configured to 180s
[32mhttp[39m:     [ocmp-bot:client] Checking phone is connected...
[34mdebug[39m:    [ocmp-bot:client] Exposing onStateChange function
[34mdebug[39m:    [ocmp-bot:client] Exposing onStreamChange function
[34mdebug[39m:    [ocmp-bot:client] Exposing onIncomingCall function
[34mdebug[39m:    [ocmp-bot:client] Exposing onInterfaceChange function
[34mdebug[39m:    [ocmp-bot:client] Exposing onPresenceChanged function
[34mdebug[39m:    [ocmp-bot:client] Exposing onLiveLocation function
[34mdebug[39m:    [ocmp-bot:client] Exposing onAddedToGroup function
[34mdebug[39m:    [ocmp-bot:client] Exposing onRevokedMessage function
[34mdebug[39m:    [ocmp-bot:client] Exposing onReactionMessage function
[34mdebug[39m:    [ocmp-bot:client] Exposing onPollResponse function
[34mdebug[39m:    [ocmp-bot:client] Exposing onUpdateLabel function
[34mdebug[39m:    [ocmp-bot:client] Exposing onOrderStatusUpdate function
[34mdebug[39m:    [ocmp-bot:client] Emitting onInterfaceChange event (1 registered)
[32mhttp[39m:     [ocmp-bot:client] Current state: SYNCING (CONNECTING)
[34mdebug[39m:    [ocmp-bot:client] Emitting onInterfaceChange event (1 registered)
[32mhttp[39m:     [ocmp-bot:client] Current state: SYNCING (CONNECTING)
[34mdebug[39m:    [ocmp-bot:client] Emitting onInterfaceChange event (1 registered)
[32mhttp[39m:     [ocmp-bot:client] Current state: SYNCING (CONNECTING)
[34mdebug[39m:    [ocmp-bot:client] Registering onStateChange event
[34mdebug[39m:    [ocmp-bot:client] Emitting onInterfaceChange event (1 registered)
[32mhttp[39m:     [ocmp-bot:client] Current state: MAIN (NORMAL)
[34mdebug[39m:    [ocmp-bot:client] Emitting onInterfaceChange event (1 registered)
[32mhttp[39m:     [ocmp-bot:client] Current state: MAIN (NORMAL)
[34mdebug[39m:    [ocmp-bot:client] Emitting onInterfaceChange event (1 registered)
[32mhttp[39m:     [ocmp-bot:client] Current state: MAIN (NORMAL)
[32mhttp[39m:     [ocmp-bot:client] Connected
✅ Mensaje enviado a 50257049220
✅ Mensaje enviado a 50255629247
✅ Mensaje enviado a 50253065146
✅ Mensaje enviado a 50230465423
✅ Mensaje enviado a 50253460168
✅ Mensaje enviado a 50230080060
- Quetzaltenango: 1 suscriptor(es)
   📱 Gaby: 50230080060
✅ Mensaje enviado a 50230080060

✅ Envío finalizado: 7 enviados ✅, 0 errores ❌.
[dotenv@17.2.3] injecting env (6) from ../.env -- tip: ⚙️  load multiple .env files with { path: ['.env.local', '.env'] }
🗂️ Departamentos detectados hoy: [ 'Guatemala', 'Noticias', 'Portada', 'Sololá' ]

📰 Notas agrupadas por departamento:
- Guatemala (2 nota(s))
   📝 Sin vías alternas el ​transporte pesado provocará más accidentes
   📝 #20MinutosCon Juan Pablo Ligorría «Urbanizamos y anulamos la absorción de la tierra»
- Noticias (3 nota(s))
   📝 Sin vías alternas el ​transporte pesado provocará más accidentes
   📝 San Lucas Tolimán en disputa por parque que San Antonio Palopó autorizó
   📝 #20MinutosCon Juan Pablo Ligorría «Urbanizamos y anulamos la absorción de la tierra»
- Portada (3 nota(s))
   📝 Sin vías alternas el ​transporte pesado provocará más accidentes
   📝 San Lucas Tolimán en disputa por parque que San Antonio Palopó autorizó
   📝 #20MinutosCon Juan Pablo Ligorría «Urbanizamos y anulamos la absorción de la tierra»
- Sololá (1 nota(s))
   📝 San Lucas Tolimán en disputa por parque que San Antonio Palopó autorizó

🚀 Preparando envío de mensajes...

- Guatemala: 2 suscriptor(es)
   📱 William: 50255629247
   📱 Jimena: 50253460168
[32minfo[39m:     
   _       ______  ____  ______                            __ 
  | |     / / __ \/ __ \/ ____/___  ____  ____  ___  _____/ /_
  | | /| / / /_/ / /_/ / /   / __ \/ __ \/ __ \/ _ \/ ___/ __/
  | |/ |/ / ____/ ____/ /___/ /_/ / / / / / / /  __/ /__/ /_  
  |__/|__/_/   /_/    \____/\____/_/ /_/_/ /_/\___/\___/\__/
[32minfo[39m:     Checking for updates
[32minfo[39m:     You're up to date
[32minfo[39m:     [ocmp-bot:browser] Using browser folder '/Users/wmaas/Desktop/OCMP/ojoalanota/wpp-ocmp/cron/tokens/ocmp-bot'
[32minfo[39m:     [ocmp-bot:browser] Initializing browser...
[32mhttp[39m:     [ocmp-bot:browser] checking headless...
[32mhttp[39m:     [ocmp-bot:browser] headless option is disabled, browser visible
[32minfo[39m:     [ocmp-bot:client] Initializing...
[36mverbose[39m:  [ocmp-bot:client] Setting WhatsApp WEB version to 2.3000.10258x
[31merror[39m:    [ocmp-bot:client] Version not available for 2.3000.10258x, using latest as fallback
[36mverbose[39m:  [ocmp-bot:client] Loading WhatsApp WEB
[36mverbose[39m:  [ocmp-bot:page] Page loaded
[36mverbose[39m:  [ocmp-bot:client] Injecting wapi.js
[36mverbose[39m:  [ocmp-bot:client] WhatsApp WEB loaded
[32mhttp[39m:     [ocmp-bot:client] Waiting page load
[36mverbose[39m:  [ocmp-bot:client] wapi.js injected
[34mdebug[39m:    [ocmp-bot:client] Exposing onMessage function
[34mdebug[39m:    [ocmp-bot:client] Exposing onAnyMessage function
[32minfo[39m:     [ocmp-bot:client] WhatsApp WEB version: 2.3000.1028848439
[32minfo[39m:     [ocmp-bot:client] WA-JS version: 3.18.7
[34mdebug[39m:    [ocmp-bot:client] Exposing onAck function
[34mdebug[39m:    [ocmp-bot:client] Exposing onMessageEdit function
[34mdebug[39m:    [ocmp-bot:client] Exposing onNotificationMessage function
[34mdebug[39m:    [ocmp-bot:client] Exposing onParticipantsChanged function
[34mdebug[39m:    [ocmp-bot:client] Exposing onStateChange function
[34mdebug[39m:    [ocmp-bot:client] Exposing onStreamChange function
[34mdebug[39m:    [ocmp-bot:client] Exposing onIncomingCall function
[34mdebug[39m:    [ocmp-bot:client] Exposing onInterfaceChange function
[34mdebug[39m:    [ocmp-bot:client] Exposing onPresenceChanged function
[34mdebug[39m:    [ocmp-bot:client] Exposing onLiveLocation function
[34mdebug[39m:    [ocmp-bot:client] Exposing onAddedToGroup function
[34mdebug[39m:    [ocmp-bot:client] Exposing onRevokedMessage function
[34mdebug[39m:    [ocmp-bot:client] Exposing onReactionMessage function
[34mdebug[39m:    [ocmp-bot:client] Exposing onPollResponse function
[34mdebug[39m:    [ocmp-bot:client] Exposing onUpdateLabel function
[34mdebug[39m:    [ocmp-bot:client] Exposing onOrderStatusUpdate function
[34mdebug[39m:    [ocmp-bot:client] Emitting onInterfaceChange event (1 registered)
[32mhttp[39m:     [ocmp-bot:client] Current state: SYNCING (CONNECTING)
[32mhttp[39m:     [ocmp-bot:client] Checking is logged...
[32minfo[39m:     [ocmp-bot:client] Auto close configured to 60s
[32mhttp[39m:     [ocmp-bot:client] Authenticated
[32minfo[39m:     [ocmp-bot:client] Auto close configured to 180s
[32mhttp[39m:     [ocmp-bot:client] Checking phone is connected...
[34mdebug[39m:    [ocmp-bot:client] Emitting onInterfaceChange event (1 registered)
[32mhttp[39m:     [ocmp-bot:client] Current state: MAIN (NORMAL)
[34mdebug[39m:    [ocmp-bot:client] Emitting onInterfaceChange event (1 registered)
[32mhttp[39m:     [ocmp-bot:client] Current state: MAIN (NORMAL)
[34mdebug[39m:    [ocmp-bot:client] Emitting onInterfaceChange event (1 registered)
[32mhttp[39m:     [ocmp-bot:client] Current state: MAIN (NORMAL)
[32mhttp[39m:     [ocmp-bot:client] Connected
[34mdebug[39m:    [ocmp-bot:client] Registering onStateChange event
✅ Mensaje enviado a 50255629247
✅ Mensaje enviado a 50253460168
- Sololá: 1 suscriptor(es)
   📱 Jimena: 50253460168
✅ Mensaje enviado a 50253460168

✅ Envío finalizado: 3 enviados ✅, 0 errores ❌.
[dotenv@17.2.3] injecting env (6) from ../.env -- tip: ✅ audit secrets and track compliance: https://dotenvx.com/ops
🗂️ Departamentos detectados hoy: [ 'Escuintla', 'Noticias', 'Portada', 'Quiché' ]

📰 Notas agrupadas por departamento:
- Escuintla (2 nota(s))
   📝 Capillas y mejoras de caminos a cementerios forman parte de preparativos del 1 de noviembre
   📝 Vecinos de El Paredón usan los manglares como basureros
- Noticias (1 nota(s))
   📝 Capillas y mejoras de caminos a cementerios forman parte de preparativos del 1 de noviembre
- Portada (1 nota(s))
   📝 Capillas y mejoras de caminos a cementerios forman parte de preparativos del 1 de noviembre
- Quiché (1 nota(s))
   📝 Capillas y mejoras de caminos a cementerios forman parte de preparativos del 1 de noviembre

🚀 Preparando envío de mensajes...


✅ Envío finalizado: 0 enviados ✅, 0 errores ❌.
[dotenv@17.2.3] injecting env (6) from ../.env -- tip: 🗂️ backup and recover secrets: https://dotenvx.com/ops
🗂️ Departamentos detectados hoy: [
  'Alta Verapaz',
  'Noticias',
  'Portada',
  'Guatemala',
  'Escuintla',
  'Quiché'
]

📰 Notas agrupadas por departamento:
- Alta Verapaz (1 nota(s))
   📝 Municipalidad obsequia ataúdes rotulados “Alcalde de Tamahú, él sí cumple”
- Noticias (3 nota(s))
   📝 Municipalidad obsequia ataúdes rotulados “Alcalde de Tamahú, él sí cumple”
   📝 La Anam desconoce la propuesta de Ley de Aguas
   📝 Capillas y mejoras de caminos a cementerios forman parte de preparativos del 1 de noviembre
- Portada (3 nota(s))
   📝 Municipalidad obsequia ataúdes rotulados “Alcalde de Tamahú, él sí cumple”
   📝 La Anam desconoce la propuesta de Ley de Aguas
   📝 Capillas y mejoras de caminos a cementerios forman parte de preparativos del 1 de noviembre
- Guatemala (1 nota(s))
   📝 La Anam desconoce la propuesta de Ley de Aguas
- Escuintla (2 nota(s))
   📝 Capillas y mejoras de caminos a cementerios forman parte de preparativos del 1 de noviembre
   📝 Vecinos de El Paredón usan los manglares como basureros
- Quiché (1 nota(s))
   📝 Capillas y mejoras de caminos a cementerios forman parte de preparativos del 1 de noviembre

🚀 Preparando envío de mensajes...

- Guatemala: 2 suscriptor(es)
   📱 William: 50255629247
   📱 Jimena: 50253460168
[32minfo[39m:     
   _       ______  ____  ______                            __ 
  | |     / / __ \/ __ \/ ____/___  ____  ____  ___  _____/ /_
  | | /| / / /_/ / /_/ / /   / __ \/ __ \/ __ \/ _ \/ ___/ __/
  | |/ |/ / ____/ ____/ /___/ /_/ / / / / / / /  __/ /__/ /_  
  |__/|__/_/   /_/    \____/\____/_/ /_/_/ /_/\___/\___/\__/
[32minfo[39m:     Checking for updates
[32minfo[39m:     You're up to date
[32minfo[39m:     [ocmp-bot:browser] Using browser folder '/Users/wmaas/Desktop/OCMP/ojoalanota/wpp-ocmp/cron/tokens/ocmp-bot'
[32minfo[39m:     [ocmp-bot:browser] Initializing browser...
[32mhttp[39m:     [ocmp-bot:browser] checking headless...
[32mhttp[39m:     [ocmp-bot:browser] headless option is disabled, browser visible
[32minfo[39m:     [ocmp-bot:client] Initializing...
[36mverbose[39m:  [ocmp-bot:client] Setting WhatsApp WEB version to 2.3000.10258x
[31merror[39m:    [ocmp-bot:client] Version not available for 2.3000.10258x, using latest as fallback
[36mverbose[39m:  [ocmp-bot:client] Loading WhatsApp WEB
[36mverbose[39m:  [ocmp-bot:client] WhatsApp WEB loaded
❌ Error enviando a 50255629247: Protocol error (Page.addScriptToEvaluateOnNewDocument): Target closed
[36mverbose[39m:  [ocmp-bot:page] Page Closed
[32minfo[39m:     [ocmp-bot:browser] Using browser folder '/Users/wmaas/Desktop/OCMP/ojoalanota/wpp-ocmp/cron/tokens/ocmp-bot'
[32minfo[39m:     [ocmp-bot:browser] Initializing browser...
[32mhttp[39m:     [ocmp-bot:browser] checking headless...
[32mhttp[39m:     [ocmp-bot:browser] headless option is disabled, browser visible
[32minfo[39m:     [ocmp-bot:client] Initializing...
[36mverbose[39m:  [ocmp-bot:client] Setting WhatsApp WEB version to 2.3000.10258x
[31merror[39m:    [ocmp-bot:client] Version not available for 2.3000.10258x, using latest as fallback
[36mverbose[39m:  [ocmp-bot:client] Loading WhatsApp WEB
[36mverbose[39m:  [ocmp-bot:page] Page loaded
[36mverbose[39m:  [ocmp-bot:client] Injecting wapi.js
[36mverbose[39m:  [ocmp-bot:client] WhatsApp WEB loaded
[32mhttp[39m:     [ocmp-bot:client] Waiting page load
[36mverbose[39m:  [ocmp-bot:client] wapi.js injected
[34mdebug[39m:    [ocmp-bot:client] Exposing onMessage function
[34mdebug[39m:    [ocmp-bot:client] Exposing onAnyMessage function
[32mhttp[39m:     [ocmp-bot:client] Checking is logged...
[32minfo[39m:     [ocmp-bot:client] WhatsApp WEB version: 2.3000.1029062957
[32minfo[39m:     [ocmp-bot:client] WA-JS version: 3.18.7
[32minfo[39m:     [ocmp-bot:client] Auto close configured to 60s
[32mhttp[39m:     [ocmp-bot:client] Authenticated
[34mdebug[39m:    [ocmp-bot:client] Exposing onAck function
[34mdebug[39m:    [ocmp-bot:client] Exposing onMessageEdit function
[34mdebug[39m:    [ocmp-bot:client] Exposing onNotificationMessage function
[34mdebug[39m:    [ocmp-bot:client] Exposing onParticipantsChanged function
[32minfo[39m:     [ocmp-bot:client] Auto close configured to 180s
[32mhttp[39m:     [ocmp-bot:client] Checking phone is connected...
[34mdebug[39m:    [ocmp-bot:client] Exposing onStateChange function
[34mdebug[39m:    [ocmp-bot:client] Exposing onStreamChange function
[34mdebug[39m:    [ocmp-bot:client] Exposing onIncomingCall function
[34mdebug[39m:    [ocmp-bot:client] Exposing onInterfaceChange function
[34mdebug[39m:    [ocmp-bot:client] Exposing onPresenceChanged function
[34mdebug[39m:    [ocmp-bot:client] Exposing onLiveLocation function
[34mdebug[39m:    [ocmp-bot:client] Exposing onAddedToGroup function
[34mdebug[39m:    [ocmp-bot:client] Exposing onRevokedMessage function
[34mdebug[39m:    [ocmp-bot:client] Exposing onReactionMessage function
[34mdebug[39m:    [ocmp-bot:client] Exposing onPollResponse function
[34mdebug[39m:    [ocmp-bot:client] Exposing onUpdateLabel function
[34mdebug[39m:    [ocmp-bot:client] Exposing onOrderStatusUpdate function
[34mdebug[39m:    [ocmp-bot:client] Emitting onInterfaceChange event (1 registered)
[32mhttp[39m:     [ocmp-bot:client] Current state: SYNCING (CONNECTING)
[34mdebug[39m:    [ocmp-bot:client] Registering onStateChange event
[34mdebug[39m:    [ocmp-bot:client] Emitting onInterfaceChange event (1 registered)
[32mhttp[39m:     [ocmp-bot:client] Current state: SYNCING (CONNECTING)
[34mdebug[39m:    [ocmp-bot:client] Emitting onStateChange event (1 registered)
[34mdebug[39m:    [ocmp-bot:client] Emitting onInterfaceChange event (1 registered)
[32mhttp[39m:     [ocmp-bot:client] Current state: SYNCING (CONNECTING)
[34mdebug[39m:    [ocmp-bot:client] Emitting onStateChange event (1 registered)
[34mdebug[39m:    [ocmp-bot:client] Emitting onInterfaceChange event (1 registered)
[32mhttp[39m:     [ocmp-bot:client] Current state: MAIN (NORMAL)
[34mdebug[39m:    [ocmp-bot:client] Emitting onInterfaceChange event (1 registered)
[32mhttp[39m:     [ocmp-bot:client] Current state: MAIN (NORMAL)
[34mdebug[39m:    [ocmp-bot:client] Emitting onInterfaceChange event (1 registered)
[32mhttp[39m:     [ocmp-bot:client] Current state: MAIN (NORMAL)
[32mhttp[39m:     [ocmp-bot:client] Connected
✅ Mensaje enviado a 50253460168

✅ Envío finalizado: 1 enviados ✅, 1 errores ❌.
[dotenv@17.2.3] injecting env (6) from ../.env -- tip: 📡 add observability to secrets: https://dotenvx.com/ops
🗂️ Departamentos detectados hoy: [ 'Noticias', 'Portada', 'Guatemala' ]

📰 Notas agrupadas por departamento:
- Noticias (2 nota(s))
   📝 Solo una de 43 alcaldías que visita la Vuelta Ciclística bacheó sus calles
   📝 Camión que derribó pasarela en Aguilar Batres no solicitó permiso para circular
- Portada (2 nota(s))
   📝 Solo una de 43 alcaldías que visita la Vuelta Ciclística bacheó sus calles
   📝 Camión que derribó pasarela en Aguilar Batres no solicitó permiso para circular
- Guatemala (1 nota(s))
   📝 Camión que derribó pasarela en Aguilar Batres no solicitó permiso para circular

🚀 Preparando envío de mensajes...

- Guatemala: 2 suscriptor(es)
   📱 William: 50255629247
   📱 Jimena: 50253460168
[32minfo[39m:     
   _       ______  ____  ______                            __ 
  | |     / / __ \/ __ \/ ____/___  ____  ____  ___  _____/ /_
  | | /| / / /_/ / /_/ / /   / __ \/ __ \/ __ \/ _ \/ ___/ __/
  | |/ |/ / ____/ ____/ /___/ /_/ / / / / / / /  __/ /__/ /_  
  |__/|__/_/   /_/    \____/\____/_/ /_/_/ /_/\___/\___/\__/
[32minfo[39m:     Checking for updates
[32minfo[39m:     You're up to date
[32minfo[39m:     [ocmp-bot:browser] Using browser folder '/Users/wmaas/Desktop/OCMP/ojoalanota/wpp-ocmp/cron/tokens/ocmp-bot'
[32minfo[39m:     [ocmp-bot:browser] Initializing browser...
[32mhttp[39m:     [ocmp-bot:browser] checking headless...
[32mhttp[39m:     [ocmp-bot:browser] headless option is disabled, browser visible
[32minfo[39m:     [ocmp-bot:client] Initializing...
[36mverbose[39m:  [ocmp-bot:client] Setting WhatsApp WEB version to 2.3000.10258x
[31merror[39m:    [ocmp-bot:client] Version not available for 2.3000.10258x, using latest as fallback
[36mverbose[39m:  [ocmp-bot:client] Loading WhatsApp WEB
[36mverbose[39m:  [ocmp-bot:page] Page loaded
[36mverbose[39m:  [ocmp-bot:client] Injecting wapi.js
[36mverbose[39m:  [ocmp-bot:client] WhatsApp WEB loaded
[32mhttp[39m:     [ocmp-bot:client] Waiting page load
[36mverbose[39m:  [ocmp-bot:client] wapi.js injected
[34mdebug[39m:    [ocmp-bot:client] Exposing onMessage function
[34mdebug[39m:    [ocmp-bot:client] Exposing onAnyMessage function
[32minfo[39m:     [ocmp-bot:client] WhatsApp WEB version: 2.3000.1029125653
[32minfo[39m:     [ocmp-bot:client] WA-JS version: 3.18.7
[34mdebug[39m:    [ocmp-bot:client] Exposing onAck function
[34mdebug[39m:    [ocmp-bot:client] Exposing onMessageEdit function
[34mdebug[39m:    [ocmp-bot:client] Exposing onNotificationMessage function
[34mdebug[39m:    [ocmp-bot:client] Exposing onParticipantsChanged function
[34mdebug[39m:    [ocmp-bot:client] Exposing onStateChange function
[34mdebug[39m:    [ocmp-bot:client] Exposing onStreamChange function
[34mdebug[39m:    [ocmp-bot:client] Exposing onIncomingCall function
[34mdebug[39m:    [ocmp-bot:client] Exposing onInterfaceChange function
[34mdebug[39m:    [ocmp-bot:client] Exposing onPresenceChanged function
[32mhttp[39m:     [ocmp-bot:client] Checking is logged...
[34mdebug[39m:    [ocmp-bot:client] Exposing onLiveLocation function
[32minfo[39m:     [ocmp-bot:client] Auto close configured to 60s
[32mhttp[39m:     [ocmp-bot:client] Authenticated
[34mdebug[39m:    [ocmp-bot:client] Exposing onAddedToGroup function
[34mdebug[39m:    [ocmp-bot:client] Exposing onRevokedMessage function
[34mdebug[39m:    [ocmp-bot:client] Exposing onReactionMessage function
[34mdebug[39m:    [ocmp-bot:client] Exposing onPollResponse function
[34mdebug[39m:    [ocmp-bot:client] Exposing onUpdateLabel function
[34mdebug[39m:    [ocmp-bot:client] Exposing onOrderStatusUpdate function
[34mdebug[39m:    [ocmp-bot:client] Emitting onInterfaceChange event (1 registered)
[32mhttp[39m:     [ocmp-bot:client] Current state: SYNCING (CONNECTING)
[32minfo[39m:     [ocmp-bot:client] Auto close configured to 180s
[32mhttp[39m:     [ocmp-bot:client] Checking phone is connected...
[34mdebug[39m:    [ocmp-bot:client] Emitting onInterfaceChange event (1 registered)
[32mhttp[39m:     [ocmp-bot:client] Current state: MAIN (NORMAL)
[34mdebug[39m:    [ocmp-bot:client] Emitting onInterfaceChange event (1 registered)
[32mhttp[39m:     [ocmp-bot:client] Current state: MAIN (NORMAL)
[34mdebug[39m:    [ocmp-bot:client] Emitting onInterfaceChange event (1 registered)
[32mhttp[39m:     [ocmp-bot:client] Current state: MAIN (NORMAL)
[32mhttp[39m:     [ocmp-bot:client] Connected
[34mdebug[39m:    [ocmp-bot:client] Registering onStateChange event
✅ Mensaje enviado a 50255629247
✅ Mensaje enviado a 50253460168

✅ Envío finalizado: 2 enviados ✅, 0 errores ❌.
[dotenv@17.2.3] injecting env (6) from ../.env -- tip: 📡 add observability to secrets: https://dotenvx.com/ops
🗂️ Departamentos detectados hoy: [ 'Noticias', 'Portada', 'Guatemala' ]

📰 Notas agrupadas por departamento:
- Noticias (2 nota(s))
   📝 Solo una de 43 alcaldías que visita la Vuelta Ciclística bacheó sus calles
   📝 Camión que derribó pasarela en Aguilar Batres no solicitó permiso para circular
- Portada (2 nota(s))
   📝 Solo una de 43 alcaldías que visita la Vuelta Ciclística bacheó sus calles
   📝 Camión que derribó pasarela en Aguilar Batres no solicitó permiso para circular
- Guatemala (1 nota(s))
   📝 Camión que derribó pasarela en Aguilar Batres no solicitó permiso para circular

🚀 Preparando envío de mensajes...

- Guatemala: 3 suscriptor(es)
   📱 William: 50255629247
   📱 Ana: 50257049220
   📱 Jimena: 50253460168
[32minfo[39m:     
   _       ______  ____  ______                            __ 
  | |     / / __ \/ __ \/ ____/___  ____  ____  ___  _____/ /_
  | | /| / / /_/ / /_/ / /   / __ \/ __ \/ __ \/ _ \/ ___/ __/
  | |/ |/ / ____/ ____/ /___/ /_/ / / / / / / /  __/ /__/ /_  
  |__/|__/_/   /_/    \____/\____/_/ /_/_/ /_/\___/\___/\__/
[32minfo[39m:     Checking for updates
[32minfo[39m:     You're up to date
[32minfo[39m:     [ocmp-bot:browser] Using browser folder '/Users/wmaas/Desktop/OCMP/ojoalanota/wpp-ocmp/cron/tokens/ocmp-bot'
[32minfo[39m:     [ocmp-bot:browser] Initializing browser...
[32mhttp[39m:     [ocmp-bot:browser] checking headless...
[32mhttp[39m:     [ocmp-bot:browser] headless option is disabled, browser visible
[32minfo[39m:     [ocmp-bot:client] Initializing...
[36mverbose[39m:  [ocmp-bot:client] Setting WhatsApp WEB version to 2.3000.10258x
[31merror[39m:    [ocmp-bot:client] Version not available for 2.3000.10258x, using latest as fallback
[36mverbose[39m:  [ocmp-bot:client] Loading WhatsApp WEB
[36mverbose[39m:  [ocmp-bot:page] Page loaded
[36mverbose[39m:  [ocmp-bot:client] Injecting wapi.js
[36mverbose[39m:  [ocmp-bot:client] WhatsApp WEB loaded
[32mhttp[39m:     [ocmp-bot:client] Waiting page load
[36mverbose[39m:  [ocmp-bot:client] wapi.js injected
[34mdebug[39m:    [ocmp-bot:client] Exposing onMessage function
[34mdebug[39m:    [ocmp-bot:client] Exposing onAnyMessage function
[32minfo[39m:     [ocmp-bot:client] WhatsApp WEB version: 2.3000.1029125653
[32minfo[39m:     [ocmp-bot:client] WA-JS version: 3.18.7
[34mdebug[39m:    [ocmp-bot:client] Exposing onAck function
[34mdebug[39m:    [ocmp-bot:client] Exposing onMessageEdit function
[34mdebug[39m:    [ocmp-bot:client] Exposing onNotificationMessage function
[34mdebug[39m:    [ocmp-bot:client] Exposing onParticipantsChanged function
[34mdebug[39m:    [ocmp-bot:client] Exposing onStateChange function
[34mdebug[39m:    [ocmp-bot:client] Exposing onStreamChange function
[34mdebug[39m:    [ocmp-bot:client] Exposing onIncomingCall function
[34mdebug[39m:    [ocmp-bot:client] Exposing onInterfaceChange function
[34mdebug[39m:    [ocmp-bot:client] Exposing onPresenceChanged function
[34mdebug[39m:    [ocmp-bot:client] Exposing onLiveLocation function
[34mdebug[39m:    [ocmp-bot:client] Exposing onAddedToGroup function
[34mdebug[39m:    [ocmp-bot:client] Exposing onRevokedMessage function
[34mdebug[39m:    [ocmp-bot:client] Exposing onReactionMessage function
[34mdebug[39m:    [ocmp-bot:client] Exposing onPollResponse function
[34mdebug[39m:    [ocmp-bot:client] Exposing onUpdateLabel function
[34mdebug[39m:    [ocmp-bot:client] Exposing onOrderStatusUpdate function
[34mdebug[39m:    [ocmp-bot:client] Emitting onInterfaceChange event (1 registered)
[32mhttp[39m:     [ocmp-bot:client] Current state: SYNCING (CONNECTING)
[32mhttp[39m:     [ocmp-bot:client] Checking is logged...
[32minfo[39m:     [ocmp-bot:client] Auto close configured to 60s
[32mhttp[39m:     [ocmp-bot:client] Authenticated
[34mdebug[39m:    [ocmp-bot:client] Emitting onInterfaceChange event (1 registered)
[32mhttp[39m:     [ocmp-bot:client] Current state: MAIN (NORMAL)
[34mdebug[39m:    [ocmp-bot:client] Emitting onInterfaceChange event (1 registered)
[32mhttp[39m:     [ocmp-bot:client] Current state: MAIN (NORMAL)
[34mdebug[39m:    [ocmp-bot:client] Emitting onInterfaceChange event (1 registered)
[32mhttp[39m:     [ocmp-bot:client] Current state: MAIN (NORMAL)
[32mhttp[39m:     [ocmp-bot:client] Connected
[32minfo[39m:     [ocmp-bot:client] Auto close configured to 180s
[32mhttp[39m:     [ocmp-bot:client] Checking phone is connected...
[34mdebug[39m:    [ocmp-bot:client] Registering onStateChange event
✅ Mensaje enviado a 50255629247
✅ Mensaje enviado a 50257049220
✅ Mensaje enviado a 50253460168

✅ Envío finalizado: 3 enviados ✅, 0 errores ❌.
[dotenv@17.2.3] injecting env (8) from ../.env -- tip: 🔐 encrypt with Dotenvx: https://dotenvx.com
[dotenv@17.2.3] injecting env (0) from .env -- tip: ⚙️  suppress all logs with { quiet: true }
🗂️ Departamentos detectados hoy: [
  'Guatemala',
  'Movilidad',
  'Noticias',
  'Portada',
  'Quetzaltenango',
  'Sacatepéquez'
]

📰 Notas agrupadas por departamento:
- Guatemala (2 nota(s))
   📝 Suspenden audiencia de conductora que presentó denuncia contra PMT
   📝 Acá encuentras los horarios de cementerios para el 1 de noviembre
- Movilidad (1 nota(s))
   📝 Suspenden audiencia de conductora que presentó denuncia contra PMT
- Noticias (3 nota(s))
   📝 Suspenden audiencia de conductora que presentó denuncia contra PMT
   📝 Acá encuentras los horarios de cementerios para el 1 de noviembre
   📝 Sumpango celebra su bicentenario con el festival 47 de barriletes
- Portada (3 nota(s))
   📝 Suspenden audiencia de conductora que presentó denuncia contra PMT
   📝 Acá encuentras los horarios de cementerios para el 1 de noviembre
   📝 Sumpango celebra su bicentenario con el festival 47 de barriletes
- Quetzaltenango (1 nota(s))
   📝 Acá encuentras los horarios de cementerios para el 1 de noviembre
- Sacatepéquez (2 nota(s))
   📝 Acá encuentras los horarios de cementerios para el 1 de noviembre
   📝 Sumpango celebra su bicentenario con el festival 47 de barriletes

🚀 Preparando envío de mensajes diarios...

- Guatemala: 3 suscriptor(es)
   📱 William: 50255629247
   📱 Ana: 50257049220
   📱 Jimena: 50253460168
🔐 Autenticando con Google Sheets API...
📄 Leyendo hoja 1Ou9Tr4t2iwEWi4w3RQgGV1QdcuU0WvfXIkkyyugyK7Y...
❌ Error al obtener el OjoAlDato: Headers is not defined
[32minfo[39m:     
   _       ______  ____  ______                            __ 
  | |     / / __ \/ __ \/ ____/___  ____  ____  ___  _____/ /_
  | | /| / / /_/ / /_/ / /   / __ \/ __ \/ __ \/ _ \/ ___/ __/
  | |/ |/ / ____/ ____/ /___/ /_/ / / / / / / /  __/ /__/ /_  
  |__/|__/_/   /_/    \____/\____/_/ /_/_/ /_/\___/\___/\__/
[32minfo[39m:     Checking for updates
[32minfo[39m:     You're up to date
[32minfo[39m:     [ocmp-bot:browser] Using browser folder '/Users/wmaas/Desktop/OCMP/ojoalanota/wpp-ocmp/cron/tokens/ocmp-bot'
[32minfo[39m:     [ocmp-bot:browser] Initializing browser...
[32mhttp[39m:     [ocmp-bot:browser] checking headless...
[32mhttp[39m:     [ocmp-bot:browser] headless option is disabled, browser visible
[32minfo[39m:     [ocmp-bot:client] Initializing...
[36mverbose[39m:  [ocmp-bot:client] Setting WhatsApp WEB version to 2.3000.10258x
[31merror[39m:    [ocmp-bot:client] Version not available for 2.3000.10258x, using latest as fallback
[36mverbose[39m:  [ocmp-bot:client] Loading WhatsApp WEB
[36mverbose[39m:  [ocmp-bot:page] Page loaded
[36mverbose[39m:  [ocmp-bot:client] Injecting wapi.js
[36mverbose[39m:  [ocmp-bot:client] WhatsApp WEB loaded
[32mhttp[39m:     [ocmp-bot:client] Waiting page load
[36mverbose[39m:  [ocmp-bot:client] wapi.js injected
[34mdebug[39m:    [ocmp-bot:client] Exposing onMessage function
[34mdebug[39m:    [ocmp-bot:client] Exposing onAnyMessage function
[32mhttp[39m:     [ocmp-bot:client] Checking is logged...
[32minfo[39m:     [ocmp-bot:client] WhatsApp WEB version: 2.3000.1029171514
[32minfo[39m:     [ocmp-bot:client] WA-JS version: 3.18.7
[32minfo[39m:     [ocmp-bot:client] Auto close configured to 60s
[32mhttp[39m:     [ocmp-bot:client] Authenticated
[34mdebug[39m:    [ocmp-bot:client] Exposing onAck function
[34mdebug[39m:    [ocmp-bot:client] Exposing onMessageEdit function
[34mdebug[39m:    [ocmp-bot:client] Exposing onNotificationMessage function
[34mdebug[39m:    [ocmp-bot:client] Exposing onParticipantsChanged function
[34mdebug[39m:    [ocmp-bot:client] Exposing onStateChange function
[34mdebug[39m:    [ocmp-bot:client] Exposing onStreamChange function
[34mdebug[39m:    [ocmp-bot:client] Exposing onIncomingCall function
[34mdebug[39m:    [ocmp-bot:client] Exposing onInterfaceChange function
[34mdebug[39m:    [ocmp-bot:client] Exposing onPresenceChanged function
[34mdebug[39m:    [ocmp-bot:client] Exposing onLiveLocation function
[34mdebug[39m:    [ocmp-bot:client] Exposing onAddedToGroup function
[34mdebug[39m:    [ocmp-bot:client] Exposing onRevokedMessage function
[34mdebug[39m:    [ocmp-bot:client] Exposing onReactionMessage function
[34mdebug[39m:    [ocmp-bot:client] Exposing onPollResponse function
[32minfo[39m:     [ocmp-bot:client] Auto close configured to 180s
[32mhttp[39m:     [ocmp-bot:client] Checking phone is connected...
[34mdebug[39m:    [ocmp-bot:client] Exposing onUpdateLabel function
[34mdebug[39m:    [ocmp-bot:client] Exposing onOrderStatusUpdate function
[34mdebug[39m:    [ocmp-bot:client] Emitting onInterfaceChange event (1 registered)
[32mhttp[39m:     [ocmp-bot:client] Current state: SYNCING (CONNECTING)
[34mdebug[39m:    [ocmp-bot:client] Emitting onInterfaceChange event (1 registered)
[32mhttp[39m:     [ocmp-bot:client] Current state: SYNCING (CONNECTING)
[34mdebug[39m:    [ocmp-bot:client] Registering onStateChange event
[34mdebug[39m:    [ocmp-bot:client] Emitting onInterfaceChange event (1 registered)
[32mhttp[39m:     [ocmp-bot:client] Current state: SYNCING (CONNECTING)
[34mdebug[39m:    [ocmp-bot:client] Emitting onStateChange event (1 registered)
[34mdebug[39m:    [ocmp-bot:client] Emitting onInterfaceChange event (1 registered)
[32mhttp[39m:     [ocmp-bot:client] Current state: SYNCING (CONNECTING)
[34mdebug[39m:    [ocmp-bot:client] Emitting onStateChange event (1 registered)
[34mdebug[39m:    [ocmp-bot:client] Emitting onInterfaceChange event (1 registered)
[32mhttp[39m:     [ocmp-bot:client] Current state: MAIN (NORMAL)
[34mdebug[39m:    [ocmp-bot:client] Emitting onInterfaceChange event (1 registered)
[32mhttp[39m:     [ocmp-bot:client] Current state: MAIN (NORMAL)
[34mdebug[39m:    [ocmp-bot:client] Emitting onInterfaceChange event (1 registered)
[32mhttp[39m:     [ocmp-bot:client] Current state: MAIN (NORMAL)
[32mhttp[39m:     [ocmp-bot:client] Connected
✅ Mensaje enviado a 50255629247
✅ Mensaje enviado a 50257049220
✅ Mensaje enviado a 50253460168
- Quetzaltenango: 1 suscriptor(es)
   📱 German Carranza: 50232050537
🔐 Autenticando con Google Sheets API...
📄 Leyendo hoja 1Ou9Tr4t2iwEWi4w3RQgGV1QdcuU0WvfXIkkyyugyK7Y...
❌ Error al obtener el OjoAlDato: Headers is not defined
✅ Mensaje enviado a 50232050537
- Sacatepéquez: 1 suscriptor(es)
   📱 Alex: 50247858363
🔐 Autenticando con Google Sheets API...
📄 Leyendo hoja 1Ou9Tr4t2iwEWi4w3RQgGV1QdcuU0WvfXIkkyyugyK7Y...
❌ Error al obtener el OjoAlDato: Headers is not defined
✅ Mensaje enviado a 50247858363

✅ Envío finalizado: 5 enviados ✅, 0 errores ❌.
[dotenv@17.2.3] injecting env (8) from ../.env -- tip: 🗂️ backup and recover secrets: https://dotenvx.com/ops
🗓️ Iniciando envío semanal (por tema)...
🗂️ Temas detectados esta semana: [ 'movilidad' ]
- movilidad (1 nota(s))
   📝 Suspenden audiencia de conductora que presentó denuncia contra PMT

🚀 Preparando envío de mensajes semanales...

- movilidad: 7 suscriptor(es)
   📱 William: 50255629247
   📱 Gladys: 50254827902
   📱 Ana: 50257049220
   📱 Gaby: 50230080060
   📱 Alex: 50247858363
   📱 Jimena: 50253460168
   📱 Mirja: 50253065146
[32minfo[39m:     
   _       ______  ____  ______                            __ 
  | |     / / __ \/ __ \/ ____/___  ____  ____  ___  _____/ /_
  | | /| / / /_/ / /_/ / /   / __ \/ __ \/ __ \/ _ \/ ___/ __/
  | |/ |/ / ____/ ____/ /___/ /_/ / / / / / / /  __/ /__/ /_  
  |__/|__/_/   /_/    \____/\____/_/ /_/_/ /_/\___/\___/\__/
[32minfo[39m:     Checking for updates
[32minfo[39m:     You're up to date
[32minfo[39m:     [ocmp-bot:browser] Using browser folder '/Users/wmaas/Desktop/OCMP/ojoalanota/wpp-ocmp/cron/tokens/ocmp-bot'
[32minfo[39m:     [ocmp-bot:browser] Initializing browser...
[32mhttp[39m:     [ocmp-bot:browser] checking headless...
[32mhttp[39m:     [ocmp-bot:browser] headless option is disabled, browser visible
[32minfo[39m:     [ocmp-bot:client] Initializing...
[36mverbose[39m:  [ocmp-bot:client] Setting WhatsApp WEB version to 2.3000.10258x
[31merror[39m:    [ocmp-bot:client] Version not available for 2.3000.10258x, using latest as fallback
[36mverbose[39m:  [ocmp-bot:client] Loading WhatsApp WEB
[36mverbose[39m:  [ocmp-bot:page] Page loaded
[36mverbose[39m:  [ocmp-bot:client] Injecting wapi.js
[36mverbose[39m:  [ocmp-bot:client] WhatsApp WEB loaded
[32mhttp[39m:     [ocmp-bot:client] Waiting page load
[36mverbose[39m:  [ocmp-bot:client] wapi.js injected
[32mhttp[39m:     [ocmp-bot:client] Connected
[34mdebug[39m:    [ocmp-bot:client] Exposing onMessage function
[34mdebug[39m:    [ocmp-bot:client] Exposing onAnyMessage function
[32minfo[39m:     [ocmp-bot:client] WhatsApp WEB version: 2.3000.1029241508
[32minfo[39m:     [ocmp-bot:client] WA-JS version: 3.18.7
[34mdebug[39m:    [ocmp-bot:client] Exposing onAck function
[34mdebug[39m:    [ocmp-bot:client] Exposing onMessageEdit function
[34mdebug[39m:    [ocmp-bot:client] Exposing onNotificationMessage function
[34mdebug[39m:    [ocmp-bot:client] Exposing onParticipantsChanged function
[34mdebug[39m:    [ocmp-bot:client] Exposing onStateChange function
[32mhttp[39m:     [ocmp-bot:client] Checking is logged...
[34mdebug[39m:    [ocmp-bot:client] Exposing onStreamChange function
[32minfo[39m:     [ocmp-bot:client] Auto close configured to 60s
[32mhttp[39m:     [ocmp-bot:client] Authenticated
[34mdebug[39m:    [ocmp-bot:client] Exposing onIncomingCall function
[34mdebug[39m:    [ocmp-bot:client] Exposing onInterfaceChange function
[34mdebug[39m:    [ocmp-bot:client] Exposing onPresenceChanged function
[34mdebug[39m:    [ocmp-bot:client] Exposing onLiveLocation function
[34mdebug[39m:    [ocmp-bot:client] Exposing onAddedToGroup function
[34mdebug[39m:    [ocmp-bot:client] Exposing onRevokedMessage function
[34mdebug[39m:    [ocmp-bot:client] Exposing onReactionMessage function
[34mdebug[39m:    [ocmp-bot:client] Exposing onPollResponse function
[34mdebug[39m:    [ocmp-bot:client] Exposing onUpdateLabel function
[34mdebug[39m:    [ocmp-bot:client] Exposing onOrderStatusUpdate function
[34mdebug[39m:    [ocmp-bot:client] Emitting onInterfaceChange event (1 registered)
[32mhttp[39m:     [ocmp-bot:client] Current state: MAIN (NORMAL)
[32minfo[39m:     [ocmp-bot:client] Auto close configured to 180s
[32mhttp[39m:     [ocmp-bot:client] Checking phone is connected...
[34mdebug[39m:    [ocmp-bot:client] Registering onStateChange event
✅ Mensaje enviado a 50255629247
✅ Mensaje enviado a 50254827902
✅ Mensaje enviado a 50257049220
✅ Mensaje enviado a 50230080060
✅ Mensaje enviado a 50247858363
✅ Mensaje enviado a 50253460168
✅ Mensaje enviado a 50253065146

✅ Envío semanal finalizado: 7 enviados ✅, 0 errores ❌.
/home/william_maas/wpp-ocmp/scripts/run-news.sh: line 26: /usr/local/bin/node: No such file or directory
/home/william_maas/wpp-ocmp/scripts/run-news.sh: line 26: /usr/local/bin/node: No such file or directory
./run-news.sh: line 26: /usr/local/bin/node: No such file or directory
[dotenv@17.2.3] injecting env (8) from ../.env -- tip: 🔐 prevent committing .env to code: https://dotenvx.com/precommit
[dotenv@17.2.3] injecting env (0) from .env -- tip: ⚙️  override existing env vars with { override: true }
[dotenv@17.2.3] injecting env (0) from ../.env -- tip: ⚙️  enable debug logging with { debug: true }
🕓 Iniciando envío automático de noticias diarias...

🗂️ Departamentos detectados hoy: [ 'Guatemala', 'Noticias', 'Portada', 'Consejos de Desarrollo' ]
- Guatemala: 2 nota(s)
   📝 Ojoconmipisto introduce servicio de mensajería por WhatsApp
   📝 Copresam busca prorrogar vigencia en medio de denuncias 
- Noticias: 2 nota(s)
   📝 Ojoconmipisto introduce servicio de mensajería por WhatsApp
   📝 Copresam busca prorrogar vigencia en medio de denuncias 
- Portada: 2 nota(s)
   📝 Ojoconmipisto introduce servicio de mensajería por WhatsApp
   📝 Copresam busca prorrogar vigencia en medio de denuncias 
- Consejos de Desarrollo: 1 nota(s)
   📝 Copresam busca prorrogar vigencia en medio de denuncias 

👥 Suscriptores activos encontrados: 11

📍 Guatemala: 3 suscriptor(es)
🔐 Autenticando con Google Sheets API...
📄 Leyendo hoja 1Ou9Tr4t2iwEWi4w3RQgGV1QdcuU0WvfXIkkyyugyK7Y...
✅ Se encontraron 60 registros (sin encabezado).
⚠️ No hay datos para el departamento: Guatemala
📡 Enviando mensaje vía API local del bot...
✅ Mensaje enviado a 50255629247 vía bot activo
✅ Enviado a 50255629247
📡 Enviando mensaje vía API local del bot...
✅ Mensaje enviado a 50257049220 vía bot activo
✅ Enviado a 50257049220
📡 Enviando mensaje vía API local del bot...
✅ Mensaje enviado a 50253460168 vía bot activo
✅ Enviado a 50253460168

📊 Resumen del envío diario:
✅ 3 enviados correctamente.
❌ 0 con errores.

🟢 Conexión a base de datos cerrada.
[dotenv@17.2.3] injecting env (8) from ../.env -- tip: 🔑 add access controls to secrets: https://dotenvx.com/ops
🚀 Probando getOjoAlDato(Todos)...

📊 #OjoAlDato (11/11/2025, Guatemala): Amatitlán adjudicó la construcción de un monumento a la pepesca en Campos de la Cruz, esta deberá ser una escultura de peces de material fibra de vidrio o metal, resistente a la interperie y deberá incluir la instalación de la misma.. Osman Saúl Barrios Anelu presentó la única oferta por Q90 mil.
[dotenv@17.2.3] injecting env (8) from ../.env -- tip: ⚙️  suppress all logs with { quiet: true }
🚀 Probando getOjoAlDato(Todos)...

📊 #OjoAlDato (11/11/2025, Guatemala): Amatitlán adjudicó la construcción de un monumento a la pepesca en Campos de la Cruz, esta deberá ser una escultura de peces de material fibra de vidrio o metal, resistente a la interperie y deberá incluir la instalación de la misma.. Osman Saúl Barrios Anelu presentó la única oferta por Q90 mil.
[dotenv@17.2.3] injecting env (8) from ../.env -- tip: 👥 sync secrets across teammates & machines: https://dotenvx.com/ops
[dotenv@17.2.3] injecting env (0) from .env -- tip: ⚙️  specify custom .env file path with { path: '/custom/path/.env' }
[dotenv@17.2.3] injecting env (0) from ../.env -- tip: 🔐 prevent committing .env to code: https://dotenvx.com/precommit
🕓 Iniciando envío automático de noticias diarias...

🗂️ Departamentos con notas hoy: [ 'Guatemala', 'Noticias', 'Portada', 'Ambiente', 'Congreso' ]
👥 Suscriptores activos encontrados: 22
📍 Guatemala: 10 suscriptor(es)
📡 Enviando mensaje vía API local del bot...
✅ Mensaje enviado a 50255629247 vía bot activo
✅ Enviado a 50255629247
📡 Enviando mensaje vía API local del bot...
✅ Mensaje enviado a 50257049220 vía bot activo
✅ Enviado a 50257049220
📡 Enviando mensaje vía API local del bot...
✅ Mensaje enviado a 50253460168 vía bot activo
✅ Enviado a 50253460168
📡 Enviando mensaje vía API local del bot...
✅ Mensaje enviado a 50255284110 vía bot activo
✅ Enviado a 50255284110
📡 Enviando mensaje vía API local del bot...
✅ Mensaje enviado a 50237330000 vía bot activo
✅ Enviado a 50237330000
📡 Enviando mensaje vía API local del bot...
✅ Mensaje enviado a 50245491953 vía bot activo
✅ Enviado a 50245491953
📡 Enviando mensaje vía API local del bot...
✅ Mensaje enviado a 50257186094 vía bot activo
✅ Enviado a 50257186094
📡 Enviando mensaje vía API local del bot...
✅ Mensaje enviado a 50233610326 vía bot activo
✅ Enviado a 50233610326
📡 Enviando mensaje vía API local del bot...
✅ Mensaje enviado a 50259906516 vía bot activo
✅ Enviado a 50259906516
📡 Enviando mensaje vía API local del bot...
✅ Mensaje enviado a 50254263749 vía bot activo
✅ Enviado a 50254263749
📍 Alta Verapaz: 2 suscriptor(es)
⚠️ No hay #OjoAlDato para hoy (11/11/2025) en Alta Verapaz
📍 Baja Verapaz: 2 suscriptor(es)
⚠️ No hay #OjoAlDato para hoy (11/11/2025) en Baja Verapaz
📍 Chimaltenango: 2 suscriptor(es)
⚠️ No hay #OjoAlDato para hoy (11/11/2025) en Chimaltenango
📍 Chiquimula: 3 suscriptor(es)
⚠️ No hay #OjoAlDato para hoy (11/11/2025) en Chiquimula
📍 El Progreso: 2 suscriptor(es)
⚠️ No hay #OjoAlDato para hoy (11/11/2025) en El Progreso
📍 Escuintla: 3 suscriptor(es)
⚠️ No hay #OjoAlDato para hoy (11/11/2025) en Escuintla
📍 Huehuetenango: 1 suscriptor(es)
⚠️ No hay #OjoAlDato para hoy (11/11/2025) en Huehuetenango
📍 Izabal: 3 suscriptor(es)
⚠️ No hay #OjoAlDato para hoy (11/11/2025) en Izabal
📍 Jalapa: 2 suscriptor(es)
⚠️ No hay #OjoAlDato para hoy (11/11/2025) en Jalapa
📍 Jutiapa: 2 suscriptor(es)
⚠️ No hay #OjoAlDato para hoy (11/11/2025) en Jutiapa
📍 Petén: 1 suscriptor(es)
⚠️ No hay #OjoAlDato para hoy (11/11/2025) en Petén
📍 Quetzaltenango: 5 suscriptor(es)
⚠️ No hay #OjoAlDato para hoy (11/11/2025) en Quetzaltenango
📍 Quiché: 2 suscriptor(es)
⚠️ No hay #OjoAlDato para hoy (11/11/2025) en Quiché
📍 Retalhuleu: 2 suscriptor(es)
⚠️ No hay #OjoAlDato para hoy (11/11/2025) en Retalhuleu
📍 Sacatepéquez: 2 suscriptor(es)
⚠️ No hay #OjoAlDato para hoy (11/11/2025) en Sacatepéquez
📍 San Marcos: 2 suscriptor(es)
⚠️ No hay #OjoAlDato para hoy (11/11/2025) en San Marcos
📍 Santa Rosa: 3 suscriptor(es)
⚠️ No hay #OjoAlDato para hoy (11/11/2025) en Santa Rosa
📍 Sololá: 4 suscriptor(es)
⚠️ No hay #OjoAlDato para hoy (11/11/2025) en Sololá
📍 Suchitepéquez: 2 suscriptor(es)
⚠️ No hay #OjoAlDato para hoy (11/11/2025) en Suchitepéquez
📍 Totonicapán: 2 suscriptor(es)
⚠️ No hay #OjoAlDato para hoy (11/11/2025) en Totonicapán
📍 Zacapa: 2 suscriptor(es)
⚠️ No hay #OjoAlDato para hoy (11/11/2025) en Zacapa

📊 Resumen del envío diario:
✅ 10 enviados correctamente.
❌ 0 con errores.

📡 Enviando mensaje vía API local del bot...
❌ Error al enviar mensaje vía API local: HTTP 500 wid error: invalid wid
⚠️ No se pudo enviar el resumen al administrador: HTTP 500 wid error: invalid wid
🟢 Conexión a base de datos cerrada.
[dotenv@17.2.3] injecting env (9) from ../.env -- tip: ⚙️  write to custom object with { processEnv: myObject }
[dotenv@17.2.3] injecting env (0) from .env -- tip: 🔄 add secrets lifecycle management: https://dotenvx.com/ops
[dotenv@17.2.3] injecting env (0) from ../.env -- tip: ⚙️  write to custom object with { processEnv: myObject }
🕓 Iniciando envío automático de noticias diarias...

🗂️ Departamentos con notas hoy: [
  'Ambiente',
  'Concejos municipales',
  'Guatemala',
  'Portada',
  'Movilidad',
  'Noticias'
]
👥 Suscriptores activos encontrados: 23
📍 Guatemala: 11 suscriptor(es)
⚠️ No hay #OjoAlDato para hoy (12/11/2025) en Guatemala
📡 Enviando mensaje vía API local del bot...
✅ Mensaje enviado a 50255629247 vía bot activo
✅ Enviado a 50255629247
📡 Enviando mensaje vía API local del bot...
✅ Mensaje enviado a 50257049220 vía bot activo
✅ Enviado a 50257049220
📡 Enviando mensaje vía API local del bot...
✅ Mensaje enviado a 50253460168 vía bot activo
✅ Enviado a 50253460168
📡 Enviando mensaje vía API local del bot...
✅ Mensaje enviado a 50255284110 vía bot activo
✅ Enviado a 50255284110
📡 Enviando mensaje vía API local del bot...
✅ Mensaje enviado a 50237330000 vía bot activo
✅ Enviado a 50237330000
📡 Enviando mensaje vía API local del bot...
✅ Mensaje enviado a 50245491953 vía bot activo
✅ Enviado a 50245491953
📡 Enviando mensaje vía API local del bot...
✅ Mensaje enviado a 50257186094 vía bot activo
✅ Enviado a 50257186094
📡 Enviando mensaje vía API local del bot...
✅ Mensaje enviado a 50233610326 vía bot activo
✅ Enviado a 50233610326
📡 Enviando mensaje vía API local del bot...
✅ Mensaje enviado a 50259906516 vía bot activo
✅ Enviado a 50259906516
📡 Enviando mensaje vía API local del bot...
✅ Mensaje enviado a 50254263749 vía bot activo
✅ Enviado a 50254263749
📡 Enviando mensaje vía API local del bot...
✅ Mensaje enviado a 50249728550 vía bot activo
✅ Enviado a 50249728550
📍 Alta Verapaz: 2 suscriptor(es)
📡 Enviando mensaje vía API local del bot...
✅ Mensaje enviado a 50257049220 vía bot activo
✅ Enviado a 50257049220
📡 Enviando mensaje vía API local del bot...
✅ Mensaje enviado a 50253065146 vía bot activo
✅ Enviado a 50253065146
📍 Baja Verapaz: 2 suscriptor(es)
⚠️ No hay #OjoAlDato para hoy (12/11/2025) en Baja Verapaz
📍 Chimaltenango: 2 suscriptor(es)
⚠️ No hay #OjoAlDato para hoy (12/11/2025) en Chimaltenango
📍 Chiquimula: 3 suscriptor(es)
⚠️ No hay #OjoAlDato para hoy (12/11/2025) en Chiquimula
📍 El Progreso: 2 suscriptor(es)
⚠️ No hay #OjoAlDato para hoy (12/11/2025) en El Progreso
📍 Escuintla: 3 suscriptor(es)
⚠️ No hay #OjoAlDato para hoy (12/11/2025) en Escuintla
📍 Huehuetenango: 1 suscriptor(es)
⚠️ No hay #OjoAlDato para hoy (12/11/2025) en Huehuetenango
📍 Izabal: 3 suscriptor(es)
⚠️ No hay #OjoAlDato para hoy (12/11/2025) en Izabal
📍 Jalapa: 2 suscriptor(es)
⚠️ No hay #OjoAlDato para hoy (12/11/2025) en Jalapa
📍 Jutiapa: 2 suscriptor(es)
⚠️ No hay #OjoAlDato para hoy (12/11/2025) en Jutiapa
📍 Petén: 1 suscriptor(es)
⚠️ No hay #OjoAlDato para hoy (12/11/2025) en Petén
📍 Quetzaltenango: 5 suscriptor(es)
⚠️ No hay #OjoAlDato para hoy (12/11/2025) en Quetzaltenango
📍 Quiché: 2 suscriptor(es)
⚠️ No hay #OjoAlDato para hoy (12/11/2025) en Quiché
📍 Retalhuleu: 2 suscriptor(es)
⚠️ No hay #OjoAlDato para hoy (12/11/2025) en Retalhuleu
📍 Sacatepéquez: 2 suscriptor(es)
⚠️ No hay #OjoAlDato para hoy (12/11/2025) en Sacatepéquez
📍 San Marcos: 2 suscriptor(es)
⚠️ No hay #OjoAlDato para hoy (12/11/2025) en San Marcos
📍 Santa Rosa: 3 suscriptor(es)
⚠️ No hay #OjoAlDato para hoy (12/11/2025) en Santa Rosa
📍 Sololá: 4 suscriptor(es)
⚠️ No hay #OjoAlDato para hoy (12/11/2025) en Sololá
📍 Suchitepéquez: 2 suscriptor(es)
⚠️ No hay #OjoAlDato para hoy (12/11/2025) en Suchitepéquez
📍 Totonicapán: 2 suscriptor(es)
⚠️ No hay #OjoAlDato para hoy (12/11/2025) en Totonicapán
📍 Zacapa: 2 suscriptor(es)
⚠️ No hay #OjoAlDato para hoy (12/11/2025) en Zacapa

📊 Resumen del envío diario:
✅ 13 enviados correctamente.
❌ 0 con errores.

📡 Enviando mensaje vía API local del bot...
❌ Error al enviar mensaje vía API local: HTTP 500 wid error: invalid wid
⚠️ No se pudo enviar el resumen al administrador: HTTP 500 wid error: invalid wid
🟢 Conexión a base de datos cerrada.
[dotenv@17.2.3] injecting env (10) from ../.env -- tip: 🔐 prevent building .env in docker: https://dotenvx.com/prebuild
[dotenv@17.2.3] injecting env (0) from .env -- tip: 🔐 prevent committing .env to code: https://dotenvx.com/precommit
[dotenv@17.2.3] injecting env (0) from ../.env -- tip: 🔐 encrypt with Dotenvx: https://dotenvx.com
🕓 Iniciando envío automático de noticias diarias...

🗂️ Departamentos con notas hoy: [
  'Concejos municipales',
  'Noticias',
  'Portada',
  'Alta Verapaz',
  'Guatemala',
  'Huehuetenango',
  'Petén',
  'Sacatepéquez',
  'Santa Rosa',
  'Sololá',
  'Totonicapán'
]
👥 Suscriptores activos encontrados: 24
📍 Guatemala: 12 suscriptor(es)
⚠️ No hay #OjoAlDato para hoy (13/11/2025) en Guatemala
📡 Enviando mensaje vía API local del bot...
✅ Mensaje enviado a 50255629247 vía bot activo
✅ Enviado a 50255629247
📡 Enviando mensaje vía API local del bot...
✅ Mensaje enviado a 50257049220 vía bot activo
✅ Enviado a 50257049220
📡 Enviando mensaje vía API local del bot...
✅ Mensaje enviado a 50253460168 vía bot activo
✅ Enviado a 50253460168
📡 Enviando mensaje vía API local del bot...
✅ Mensaje enviado a 50255284110 vía bot activo
✅ Enviado a 50255284110
📡 Enviando mensaje vía API local del bot...
✅ Mensaje enviado a 50237330000 vía bot activo
✅ Enviado a 50237330000
📡 Enviando mensaje vía API local del bot...
✅ Mensaje enviado a 50245491953 vía bot activo
✅ Enviado a 50245491953
📡 Enviando mensaje vía API local del bot...
✅ Mensaje enviado a 50257186094 vía bot activo
✅ Enviado a 50257186094
📡 Enviando mensaje vía API local del bot...
✅ Mensaje enviado a 50233610326 vía bot activo
✅ Enviado a 50233610326
📡 Enviando mensaje vía API local del bot...
✅ Mensaje enviado a 50259906516 vía bot activo
✅ Enviado a 50259906516
📡 Enviando mensaje vía API local del bot...
✅ Mensaje enviado a 50254263749 vía bot activo
✅ Enviado a 50254263749
📡 Enviando mensaje vía API local del bot...
✅ Mensaje enviado a 50249728550 vía bot activo
✅ Enviado a 50249728550
📡 Enviando mensaje vía API local del bot...
✅ Mensaje enviado a 50235245779 vía bot activo
✅ Enviado a 50235245779
📍 Alta Verapaz: 2 suscriptor(es)
⚠️ No hay #OjoAlDato para hoy (13/11/2025) en Alta Verapaz
📡 Enviando mensaje vía API local del bot...
✅ Mensaje enviado a 50257049220 vía bot activo
✅ Enviado a 50257049220
📡 Enviando mensaje vía API local del bot...
✅ Mensaje enviado a 50253065146 vía bot activo
✅ Enviado a 50253065146
📍 Baja Verapaz: 2 suscriptor(es)
⚠️ No hay #OjoAlDato para hoy (13/11/2025) en Baja Verapaz
📍 Chimaltenango: 2 suscriptor(es)
⚠️ No hay #OjoAlDato para hoy (13/11/2025) en Chimaltenango
📍 Chiquimula: 3 suscriptor(es)
⚠️ No hay #OjoAlDato para hoy (13/11/2025) en Chiquimula
📍 El Progreso: 2 suscriptor(es)
📡 Enviando mensaje vía API local del bot...
✅ Mensaje enviado a 50257049220 vía bot activo
✅ Enviado a 50257049220
📡 Enviando mensaje vía API local del bot...
✅ Mensaje enviado a 50230080060 vía bot activo
✅ Enviado a 50230080060
📍 Escuintla: 3 suscriptor(es)
⚠️ No hay #OjoAlDato para hoy (13/11/2025) en Escuintla
📍 Huehuetenango: 1 suscriptor(es)
⚠️ No hay #OjoAlDato para hoy (13/11/2025) en Huehuetenango
📡 Enviando mensaje vía API local del bot...
✅ Mensaje enviado a 50257049220 vía bot activo
✅ Enviado a 50257049220
📍 Izabal: 3 suscriptor(es)
⚠️ No hay #OjoAlDato para hoy (13/11/2025) en Izabal
📍 Jalapa: 2 suscriptor(es)
⚠️ No hay #OjoAlDato para hoy (13/11/2025) en Jalapa
📍 Jutiapa: 2 suscriptor(es)
⚠️ No hay #OjoAlDato para hoy (13/11/2025) en Jutiapa
📍 Petén: 2 suscriptor(es)
⚠️ No hay #OjoAlDato para hoy (13/11/2025) en Petén
📡 Enviando mensaje vía API local del bot...
✅ Mensaje enviado a 50257049220 vía bot activo
✅ Enviado a 50257049220
📡 Enviando mensaje vía API local del bot...
✅ Mensaje enviado a 50235245779 vía bot activo
✅ Enviado a 50235245779
📍 Quetzaltenango: 6 suscriptor(es)
⚠️ No hay #OjoAlDato para hoy (13/11/2025) en Quetzaltenango
📍 Quiché: 2 suscriptor(es)
⚠️ No hay #OjoAlDato para hoy (13/11/2025) en Quiché
📍 Retalhuleu: 2 suscriptor(es)
⚠️ No hay #OjoAlDato para hoy (13/11/2025) en Retalhuleu
📍 Sacatepéquez: 2 suscriptor(es)
⚠️ No hay #OjoAlDato para hoy (13/11/2025) en Sacatepéquez
📡 Enviando mensaje vía API local del bot...
✅ Mensaje enviado a 50257049220 vía bot activo
✅ Enviado a 50257049220
📡 Enviando mensaje vía API local del bot...
✅ Mensaje enviado a 50247858363 vía bot activo
✅ Enviado a 50247858363
📍 San Marcos: 2 suscriptor(es)
⚠️ No hay #OjoAlDato para hoy (13/11/2025) en San Marcos
📍 Santa Rosa: 3 suscriptor(es)
⚠️ No hay #OjoAlDato para hoy (13/11/2025) en Santa Rosa
📡 Enviando mensaje vía API local del bot...
✅ Mensaje enviado a 50255629247 vía bot activo
✅ Enviado a 50255629247
📡 Enviando mensaje vía API local del bot...
✅ Mensaje enviado a 50257049220 vía bot activo
✅ Enviado a 50257049220
📡 Enviando mensaje vía API local del bot...
✅ Mensaje enviado a 50253065146 vía bot activo
✅ Enviado a 50253065146
📍 Sololá: 4 suscriptor(es)
⚠️ No hay #OjoAlDato para hoy (13/11/2025) en Sololá
📡 Enviando mensaje vía API local del bot...
✅ Mensaje enviado a 50257049220 vía bot activo
✅ Enviado a 50257049220
📡 Enviando mensaje vía API local del bot...
✅ Mensaje enviado a 50253460168 vía bot activo
✅ Enviado a 50253460168
📡 Enviando mensaje vía API local del bot...
✅ Mensaje enviado a 50255284110 vía bot activo
✅ Enviado a 50255284110
📡 Enviando mensaje vía API local del bot...
✅ Mensaje enviado a 50250190948 vía bot activo
✅ Enviado a 50250190948
📍 Suchitepéquez: 2 suscriptor(es)
⚠️ No hay #OjoAlDato para hoy (13/11/2025) en Suchitepéquez
📍 Totonicapán: 2 suscriptor(es)
⚠️ No hay #OjoAlDato para hoy (13/11/2025) en Totonicapán
📡 Enviando mensaje vía API local del bot...
✅ Mensaje enviado a 50257049220 vía bot activo
✅ Enviado a 50257049220
📡 Enviando mensaje vía API local del bot...
✅ Mensaje enviado a 50230080060 vía bot activo
✅ Enviado a 50230080060
📍 Zacapa: 2 suscriptor(es)
⚠️ No hay #OjoAlDato para hoy (13/11/2025) en Zacapa

📊 Resumen del envío diario:
✅ 30 enviados correctamente.
❌ 0 con errores.

📡 Enviando mensaje vía API local del bot...
✅ Mensaje enviado a 50255629247 vía bot activo
📤 Resumen enviado al administrador (50255629247)
🟢 Conexión a base de datos cerrada.
[dotenv@17.2.3] injecting env (10) from ../.env -- tip: ⚙️  override existing env vars with { override: true }
[dotenv@17.2.3] injecting env (0) from .env -- tip: ⚙️  write to custom object with { processEnv: myObject }
🗓️ Iniciando envío semanal (por tema)...
🗂️ Temas detectados esta semana: [
  'consejos de desarrollo',
  'acceso a la información',
  'ambiente',
  'concejos municipales',
  'movilidad',
  'congreso'
]
- consejos de desarrollo (1 nota(s))
   📝 San Miguel La Palotada retoma el manejo de su bosque
- acceso a la información (1 nota(s))
   📝 MuniGuate no lleva registro sobre los car wash en su territorio
- ambiente (4 nota(s))
   📝 MuniGuate no lleva registro sobre los car wash en su territorio
   📝 MuniGuate cambia el mapa de su POT sin dictamen técnico
   📝 Guatemala va 39 años tarde a cumplir el compromiso de tener una Ley de Aguas
   📝 Pozo privado provocó inundaciones en edificio de zona 13
- concejos municipales (4 nota(s))
   📝 Comudes obtuvieron 12 sobre 100 en cumplimiento de información pública
   📝 Anam reconoce “buenas prácticas”, uno de los premiados ya no es alcalde
   📝 MuniGuate cambia el mapa de su POT sin dictamen técnico
   📝 Gradas de la municipalidad de La Antigua dañadas por ebrio, un patrón recurrente
- movilidad (4 nota(s))
   📝 Tráfico por juego de la Selección: PMT desplegará 100 agentes en estadio El Trébol
   📝 Gradas de la municipalidad de La Antigua dañadas por ebrio, un patrón recurrente
   📝 La Antigua estrena aplicación que reporta parqueos privados disponibles
   📝 MuniGuate repetirá desfiles navideños en todas las zonas de la ciudad
- congreso (1 nota(s))
   📝 Guatemala va 39 años tarde a cumplir el compromiso de tener una Ley de Aguas

🚀 Preparando envío de mensajes semanales...

- consejos de desarrollo: 21 suscriptor(es)
   📱 William: 50255629247
   📱 Alejandro: 50254747827
   📱 Ana: 50257049220
   📱 Gaby: 50230080060
   📱 Alex: 50247858363
   📱 German Carranza: 50232050537
   📱 Jimena: 50253460168
   📱 Mirja: 50253065146
   📱 Beatriz Colmenares: 50255284110
   📱 Josue Cameros: 50254210055
   📱 Omar Cifuentes: 50255294247
   📱 Ricardo: 50237330000
   📱 Tefo: 50245491953
   📱 Ángel: 50257186094
   📱 José Hernández: 50257171707
   📱 Manuel: 50233610326
   📱 JuanCa: 50259906516
   📱 Amilcar Juracan: 50250190948
   📱 Fernando Samayoa: 50254263749
   📱 Demetrio Pérez: 50249728550
   📱 Cristina: 50235245779
📡 Enviando mensaje vía API local del bot...
✅ Mensaje enviado a 50255629247 vía bot activo
📡 Enviando mensaje vía API local del bot...
✅ Mensaje enviado a 50254747827 vía bot activo
📡 Enviando mensaje vía API local del bot...
✅ Mensaje enviado a 50257049220 vía bot activo
📡 Enviando mensaje vía API local del bot...
✅ Mensaje enviado a 50230080060 vía bot activo
📡 Enviando mensaje vía API local del bot...
✅ Mensaje enviado a 50247858363 vía bot activo
📡 Enviando mensaje vía API local del bot...
✅ Mensaje enviado a 50232050537 vía bot activo
📡 Enviando mensaje vía API local del bot...
✅ Mensaje enviado a 50253460168 vía bot activo
📡 Enviando mensaje vía API local del bot...
✅ Mensaje enviado a 50253065146 vía bot activo
📡 Enviando mensaje vía API local del bot...
✅ Mensaje enviado a 50255284110 vía bot activo
📡 Enviando mensaje vía API local del bot...
✅ Mensaje enviado a 50254210055 vía bot activo
📡 Enviando mensaje vía API local del bot...
✅ Mensaje enviado a 50255294247 vía bot activo
📡 Enviando mensaje vía API local del bot...
✅ Mensaje enviado a 50237330000 vía bot activo
📡 Enviando mensaje vía API local del bot...
✅ Mensaje enviado a 50245491953 vía bot activo
📡 Enviando mensaje vía API local del bot...
✅ Mensaje enviado a 50257186094 vía bot activo
📡 Enviando mensaje vía API local del bot...
✅ Mensaje enviado a 50257171707 vía bot activo
📡 Enviando mensaje vía API local del bot...
✅ Mensaje enviado a 50233610326 vía bot activo
📡 Enviando mensaje vía API local del bot...
✅ Mensaje enviado a 50259906516 vía bot activo
📡 Enviando mensaje vía API local del bot...
✅ Mensaje enviado a 50250190948 vía bot activo
📡 Enviando mensaje vía API local del bot...
✅ Mensaje enviado a 50254263749 vía bot activo
📡 Enviando mensaje vía API local del bot...
✅ Mensaje enviado a 50249728550 vía bot activo
📡 Enviando mensaje vía API local del bot...
✅ Mensaje enviado a 50235245779 vía bot activo
- acceso a la información: 18 suscriptor(es)
   📱 William: 50255629247
   📱 Alejandro: 50254747827
   📱 Ana: 50257049220
   📱 Gaby: 50230080060
   📱 Jimena: 50253460168
   📱 Mirja: 50253065146
   📱 Josue Cameros: 50254210055
   📱 Omar Cifuentes: 50255294247
   📱 Ricardo: 50237330000
   📱 Tefo: 50245491953
   📱 Ángel: 50257186094
   📱 José Hernández: 50257171707
   📱 Manuel: 50233610326
   📱 JuanCa: 50259906516
   📱 Amilcar Juracan: 50250190948
   📱 Fernando Samayoa: 50254263749
   📱 Demetrio Pérez: 50249728550
   📱 Cristina: 50235245779
📡 Enviando mensaje vía API local del bot...
✅ Mensaje enviado a 50255629247 vía bot activo
📡 Enviando mensaje vía API local del bot...
✅ Mensaje enviado a 50254747827 vía bot activo
📡 Enviando mensaje vía API local del bot...
✅ Mensaje enviado a 50257049220 vía bot activo
📡 Enviando mensaje vía API local del bot...
✅ Mensaje enviado a 50230080060 vía bot activo
📡 Enviando mensaje vía API local del bot...
✅ Mensaje enviado a 50253460168 vía bot activo
📡 Enviando mensaje vía API local del bot...
✅ Mensaje enviado a 50253065146 vía bot activo
📡 Enviando mensaje vía API local del bot...
✅ Mensaje enviado a 50254210055 vía bot activo
📡 Enviando mensaje vía API local del bot...
✅ Mensaje enviado a 50255294247 vía bot activo
📡 Enviando mensaje vía API local del bot...
✅ Mensaje enviado a 50237330000 vía bot activo
📡 Enviando mensaje vía API local del bot...
✅ Mensaje enviado a 50245491953 vía bot activo
📡 Enviando mensaje vía API local del bot...
✅ Mensaje enviado a 50257186094 vía bot activo
📡 Enviando mensaje vía API local del bot...
✅ Mensaje enviado a 50257171707 vía bot activo
📡 Enviando mensaje vía API local del bot...
✅ Mensaje enviado a 50233610326 vía bot activo
📡 Enviando mensaje vía API local del bot...
✅ Mensaje enviado a 50259906516 vía bot activo
📡 Enviando mensaje vía API local del bot...
✅ Mensaje enviado a 50250190948 vía bot activo
📡 Enviando mensaje vía API local del bot...
✅ Mensaje enviado a 50254263749 vía bot activo
📡 Enviando mensaje vía API local del bot...
✅ Mensaje enviado a 50249728550 vía bot activo
📡 Enviando mensaje vía API local del bot...
✅ Mensaje enviado a 50235245779 vía bot activo
- ambiente: 18 suscriptor(es)
   📱 William: 50255629247
   📱 Ana: 50257049220
   📱 Gaby: 50230080060
   📱 Alex: 50247858363
   📱 Jimena: 50253460168
   📱 Mirja: 50253065146
   📱 Beatriz Colmenares: 50255284110
   📱 Josue Cameros: 50254210055
   📱 Omar Cifuentes: 50255294247
   📱 Ricardo: 50237330000
   📱 Tefo: 50245491953
   📱 Ángel: 50257186094
   📱 José Hernández: 50257171707
   📱 Manuel: 50233610326
   📱 JuanCa: 50259906516
   📱 Amilcar Juracan: 50250190948
   📱 Fernando Samayoa: 50254263749
   📱 Cristina: 50235245779
📡 Enviando mensaje vía API local del bot...
✅ Mensaje enviado a 50255629247 vía bot activo
📡 Enviando mensaje vía API local del bot...
✅ Mensaje enviado a 50257049220 vía bot activo
📡 Enviando mensaje vía API local del bot...
✅ Mensaje enviado a 50230080060 vía bot activo
📡 Enviando mensaje vía API local del bot...
✅ Mensaje enviado a 50247858363 vía bot activo
📡 Enviando mensaje vía API local del bot...
✅ Mensaje enviado a 50253460168 vía bot activo
📡 Enviando mensaje vía API local del bot...
✅ Mensaje enviado a 50253065146 vía bot activo
📡 Enviando mensaje vía API local del bot...
✅ Mensaje enviado a 50255284110 vía bot activo
📡 Enviando mensaje vía API local del bot...
✅ Mensaje enviado a 50254210055 vía bot activo
📡 Enviando mensaje vía API local del bot...
✅ Mensaje enviado a 50255294247 vía bot activo
📡 Enviando mensaje vía API local del bot...
✅ Mensaje enviado a 50237330000 vía bot activo
📡 Enviando mensaje vía API local del bot...
✅ Mensaje enviado a 50245491953 vía bot activo
📡 Enviando mensaje vía API local del bot...
✅ Mensaje enviado a 50257186094 vía bot activo
📡 Enviando mensaje vía API local del bot...
✅ Mensaje enviado a 50257171707 vía bot activo
📡 Enviando mensaje vía API local del bot...
✅ Mensaje enviado a 50233610326 vía bot activo
📡 Enviando mensaje vía API local del bot...
✅ Mensaje enviado a 50259906516 vía bot activo
📡 Enviando mensaje vía API local del bot...
✅ Mensaje enviado a 50250190948 vía bot activo
📡 Enviando mensaje vía API local del bot...
✅ Mensaje enviado a 50254263749 vía bot activo
📡 Enviando mensaje vía API local del bot...
✅ Mensaje enviado a 50235245779 vía bot activo
- concejos municipales: 18 suscriptor(es)
   📱 William: 50255629247
   📱 Alejandro: 50254747827
   📱 Ana: 50257049220
   📱 German Carranza: 50232050537
   📱 Jimena: 50253460168
   📱 Mirja: 50253065146
   📱 Josue Cameros: 50254210055
   📱 Omar Cifuentes: 50255294247
   📱 Ricardo: 50237330000
   📱 Tefo: 50245491953
   📱 Ángel: 50257186094
   📱 José Hernández: 50257171707
   📱 Manuel: 50233610326
   📱 JuanCa: 50259906516
   📱 Amilcar Juracan: 50250190948
   📱 Fernando Samayoa: 50254263749
   📱 Demetrio Pérez: 50249728550
   📱 Cristina: 50235245779
📡 Enviando mensaje vía API local del bot...
✅ Mensaje enviado a 50255629247 vía bot activo
📡 Enviando mensaje vía API local del bot...
✅ Mensaje enviado a 50254747827 vía bot activo
📡 Enviando mensaje vía API local del bot...
✅ Mensaje enviado a 50257049220 vía bot activo
📡 Enviando mensaje vía API local del bot...
✅ Mensaje enviado a 50232050537 vía bot activo
📡 Enviando mensaje vía API local del bot...
✅ Mensaje enviado a 50253460168 vía bot activo
📡 Enviando mensaje vía API local del bot...
✅ Mensaje enviado a 50253065146 vía bot activo
📡 Enviando mensaje vía API local del bot...
✅ Mensaje enviado a 50254210055 vía bot activo
📡 Enviando mensaje vía API local del bot...
✅ Mensaje enviado a 50255294247 vía bot activo
📡 Enviando mensaje vía API local del bot...
✅ Mensaje enviado a 50237330000 vía bot activo
📡 Enviando mensaje vía API local del bot...
✅ Mensaje enviado a 50245491953 vía bot activo
📡 Enviando mensaje vía API local del bot...
✅ Mensaje enviado a 50257186094 vía bot activo
📡 Enviando mensaje vía API local del bot...
✅ Mensaje enviado a 50257171707 vía bot activo
📡 Enviando mensaje vía API local del bot...
✅ Mensaje enviado a 50233610326 vía bot activo
📡 Enviando mensaje vía API local del bot...
✅ Mensaje enviado a 50259906516 vía bot activo
📡 Enviando mensaje vía API local del bot...
✅ Mensaje enviado a 50250190948 vía bot activo
📡 Enviando mensaje vía API local del bot...
✅ Mensaje enviado a 50254263749 vía bot activo
📡 Enviando mensaje vía API local del bot...
✅ Mensaje enviado a 50249728550 vía bot activo
📡 Enviando mensaje vía API local del bot...
✅ Mensaje enviado a 50235245779 vía bot activo
- movilidad: 20 suscriptor(es)
   📱 William: 50255629247
   📱 Gladys: 50254827902
   📱 Ana: 50257049220
   📱 Gaby: 50230080060
   📱 Alex: 50247858363
   📱 Jimena: 50253460168
   📱 Mirja: 50253065146
   📱 Beatriz Colmenares: 50255284110
   📱 Josue Cameros: 50254210055
   📱 Omar Cifuentes: 50255294247
   📱 Ricardo: 50237330000
   📱 Tefo: 50245491953
   📱 Ángel: 50257186094
   📱 José Hernández: 50257171707
   📱 Manuel: 50233610326
   📱 JuanCa: 50259906516
   📱 Amilcar Juracan: 50250190948
   📱 Fernando Samayoa: 50254263749
   📱 Demetrio Pérez: 50249728550
   📱 Cristina: 50235245779
📡 Enviando mensaje vía API local del bot...
✅ Mensaje enviado a 50255629247 vía bot activo
📡 Enviando mensaje vía API local del bot...
✅ Mensaje enviado a 50254827902 vía bot activo
📡 Enviando mensaje vía API local del bot...
✅ Mensaje enviado a 50257049220 vía bot activo
📡 Enviando mensaje vía API local del bot...
✅ Mensaje enviado a 50230080060 vía bot activo
📡 Enviando mensaje vía API local del bot...
✅ Mensaje enviado a 50247858363 vía bot activo
📡 Enviando mensaje vía API local del bot...
✅ Mensaje enviado a 50253460168 vía bot activo
📡 Enviando mensaje vía API local del bot...
✅ Mensaje enviado a 50253065146 vía bot activo
📡 Enviando mensaje vía API local del bot...
✅ Mensaje enviado a 50255284110 vía bot activo
📡 Enviando mensaje vía API local del bot...
✅ Mensaje enviado a 50254210055 vía bot activo
📡 Enviando mensaje vía API local del bot...
✅ Mensaje enviado a 50255294247 vía bot activo
📡 Enviando mensaje vía API local del bot...
✅ Mensaje enviado a 50237330000 vía bot activo
📡 Enviando mensaje vía API local del bot...
✅ Mensaje enviado a 50245491953 vía bot activo
📡 Enviando mensaje vía API local del bot...
✅ Mensaje enviado a 50257186094 vía bot activo
📡 Enviando mensaje vía API local del bot...
✅ Mensaje enviado a 50257171707 vía bot activo
📡 Enviando mensaje vía API local del bot...
✅ Mensaje enviado a 50233610326 vía bot activo
📡 Enviando mensaje vía API local del bot...
✅ Mensaje enviado a 50259906516 vía bot activo
📡 Enviando mensaje vía API local del bot...
✅ Mensaje enviado a 50250190948 vía bot activo
📡 Enviando mensaje vía API local del bot...
✅ Mensaje enviado a 50254263749 vía bot activo
📡 Enviando mensaje vía API local del bot...
✅ Mensaje enviado a 50249728550 vía bot activo
📡 Enviando mensaje vía API local del bot...
✅ Mensaje enviado a 50235245779 vía bot activo
- congreso: 16 suscriptor(es)
   📱 William: 50255629247
   📱 Ana: 50257049220
   📱 German Carranza: 50232050537
   📱 Jimena: 50253460168
   📱 Mirja: 50253065146
   📱 Josue Cameros: 50254210055
   📱 Omar Cifuentes: 50255294247
   📱 Ricardo: 50237330000
   📱 Tefo: 50245491953
   📱 Ángel: 50257186094
   📱 José Hernández: 50257171707
   📱 Manuel: 50233610326
   📱 JuanCa: 50259906516
   📱 Amilcar Juracan: 50250190948
   📱 Fernando Samayoa: 50254263749
   📱 Cristina: 50235245779
📡 Enviando mensaje vía API local del bot...
✅ Mensaje enviado a 50255629247 vía bot activo
📡 Enviando mensaje vía API local del bot...
✅ Mensaje enviado a 50257049220 vía bot activo
📡 Enviando mensaje vía API local del bot...
✅ Mensaje enviado a 50232050537 vía bot activo
📡 Enviando mensaje vía API local del bot...
✅ Mensaje enviado a 50253460168 vía bot activo
📡 Enviando mensaje vía API local del bot...
✅ Mensaje enviado a 50253065146 vía bot activo
📡 Enviando mensaje vía API local del bot...
✅ Mensaje enviado a 50254210055 vía bot activo
📡 Enviando mensaje vía API local del bot...
✅ Mensaje enviado a 50255294247 vía bot activo
📡 Enviando mensaje vía API local del bot...
✅ Mensaje enviado a 50237330000 vía bot activo
📡 Enviando mensaje vía API local del bot...
✅ Mensaje enviado a 50245491953 vía bot activo
📡 Enviando mensaje vía API local del bot...
✅ Mensaje enviado a 50257186094 vía bot activo
📡 Enviando mensaje vía API local del bot...
✅ Mensaje enviado a 50257171707 vía bot activo
📡 Enviando mensaje vía API local del bot...
✅ Mensaje enviado a 50233610326 vía bot activo
📡 Enviando mensaje vía API local del bot...
✅ Mensaje enviado a 50259906516 vía bot activo
📡 Enviando mensaje vía API local del bot...
✅ Mensaje enviado a 50250190948 vía bot activo
📡 Enviando mensaje vía API local del bot...
✅ Mensaje enviado a 50254263749 vía bot activo
📡 Enviando mensaje vía API local del bot...
✅ Mensaje enviado a 50235245779 vía bot activo

✅ Envío semanal finalizado: 111 enviados ✅, 0 errores ❌.
[dotenv@17.2.3] injecting env (10) from ../.env -- tip: ⚙️  override existing env vars with { override: true }
[dotenv@17.2.3] injecting env (0) from .env -- tip: ⚙️  enable debug logging with { debug: true }
[dotenv@17.2.3] injecting env (0) from ../.env -- tip: ✅ audit secrets and track compliance: https://dotenvx.com/ops
🕓 Iniciando envío automático de noticias diarias...

🗂️ Departamentos con notas hoy: [
  'Guatemala',
  'Ley de Acceso a La información Pública',
  'Noticias',
  'Portada',
  'Concejos municipales'
]
👥 Suscriptores activos encontrados: 26
⚠️ No hay #OjoAlDato para hoy (17/11/2025) en Guatemala
📡 Enviando mensaje vía API local del bot...
✅ Mensaje enviado a 50432745042 vía bot activo
✅ Enviado a 50432745042
⚠️ No hay #OjoAlDato para hoy (17/11/2025) en guatemala
📡 Enviando mensaje vía API local del bot...
✅ Mensaje enviado a 50255629247 vía bot activo
✅ Enviado a 50255629247
⚠️ No hay #OjoAlDato para hoy (17/11/2025) en Guatemala
📡 Enviando mensaje vía API local del bot...
✅ Mensaje enviado a 50254747827 vía bot activo
✅ Enviado a 50254747827
⚠️ No hay #OjoAlDato para hoy (17/11/2025) en Guatemala
📡 Enviando mensaje vía API local del bot...
✅ Mensaje enviado a 50254827902 vía bot activo
✅ Enviado a 50254827902
⚠️ No hay #OjoAlDato para hoy (17/11/2025) en Guatemala
📡 Enviando mensaje vía API local del bot...
✅ Mensaje enviado a 50257049220 vía bot activo
✅ Enviado a 50257049220
⚠️ No hay #OjoAlDato para hoy (17/11/2025) en Guatemala
📡 Enviando mensaje vía API local del bot...
✅ Mensaje enviado a 50230080060 vía bot activo
✅ Enviado a 50230080060
⚠️ No hay #OjoAlDato para hoy (17/11/2025) en Guatemala
📡 Enviando mensaje vía API local del bot...
✅ Mensaje enviado a 50247858363 vía bot activo
✅ Enviado a 50247858363
⚠️ No hay #OjoAlDato para hoy (17/11/2025) en Guatemala
📡 Enviando mensaje vía API local del bot...
✅ Mensaje enviado a 50232050537 vía bot activo
✅ Enviado a 50232050537
⚠️ No hay #OjoAlDato para hoy (17/11/2025) en guatemala
📡 Enviando mensaje vía API local del bot...
✅ Mensaje enviado a 50253460168 vía bot activo
✅ Enviado a 50253460168
⚠️ No hay #OjoAlDato para hoy (17/11/2025) en Guatemala
📡 Enviando mensaje vía API local del bot...
✅ Mensaje enviado a 50230465423 vía bot activo
✅ Enviado a 50230465423
⚠️ No hay #OjoAlDato para hoy (17/11/2025) en Guatemala
📡 Enviando mensaje vía API local del bot...
✅ Mensaje enviado a 50253065146 vía bot activo
✅ Enviado a 50253065146
⚠️ No hay #OjoAlDato para hoy (17/11/2025) en guatemala
📡 Enviando mensaje vía API local del bot...
✅ Mensaje enviado a 50255284110 vía bot activo
✅ Enviado a 50255284110
⚠️ No hay #OjoAlDato para hoy (17/11/2025) en Guatemala
📡 Enviando mensaje vía API local del bot...
✅ Mensaje enviado a 50254210055 vía bot activo
✅ Enviado a 50254210055
⚠️ No hay #OjoAlDato para hoy (17/11/2025) en Guatemala
📡 Enviando mensaje vía API local del bot...
✅ Mensaje enviado a 50255294247 vía bot activo
✅ Enviado a 50255294247
⚠️ No hay #OjoAlDato para hoy (17/11/2025) en guatemala
📡 Enviando mensaje vía API local del bot...
✅ Mensaje enviado a 50237330000 vía bot activo
✅ Enviado a 50237330000
⚠️ No hay #OjoAlDato para hoy (17/11/2025) en guatemala
📡 Enviando mensaje vía API local del bot...
✅ Mensaje enviado a 50245491953 vía bot activo
✅ Enviado a 50245491953
⚠️ No hay #OjoAlDato para hoy (17/11/2025) en guatemala
📡 Enviando mensaje vía API local del bot...
✅ Mensaje enviado a 50257186094 vía bot activo
✅ Enviado a 50257186094
⚠️ No hay #OjoAlDato para hoy (17/11/2025) en Guatemala
📡 Enviando mensaje vía API local del bot...
✅ Mensaje enviado a 50257171707 vía bot activo
✅ Enviado a 50257171707
⚠️ No hay #OjoAlDato para hoy (17/11/2025) en guatemala
📡 Enviando mensaje vía API local del bot...
✅ Mensaje enviado a 50233610326 vía bot activo
✅ Enviado a 50233610326
⚠️ No hay #OjoAlDato para hoy (17/11/2025) en Guatemala
📡 Enviando mensaje vía API local del bot...
✅ Mensaje enviado a 50259906516 vía bot activo
✅ Enviado a 50259906516
⚠️ No hay #OjoAlDato para hoy (17/11/2025) en Guatemala
📡 Enviando mensaje vía API local del bot...
✅ Mensaje enviado a 50250190948 vía bot activo
✅ Enviado a 50250190948
⚠️ No hay #OjoAlDato para hoy (17/11/2025) en guatemala
📡 Enviando mensaje vía API local del bot...
✅ Mensaje enviado a 50254263749 vía bot activo
✅ Enviado a 50254263749
⚠️ No hay #OjoAlDato para hoy (17/11/2025) en guatemala
📡 Enviando mensaje vía API local del bot...
✅ Mensaje enviado a 50249728550 vía bot activo
✅ Enviado a 50249728550
⚠️ No hay #OjoAlDato para hoy (17/11/2025) en guatemala
📡 Enviando mensaje vía API local del bot...
✅ Mensaje enviado a 50235245779 vía bot activo
✅ Enviado a 50235245779
⚠️ No hay #OjoAlDato para hoy (17/11/2025) en guatemala
📡 Enviando mensaje vía API local del bot...
✅ Mensaje enviado a 50246532572 vía bot activo
✅ Enviado a 50246532572
⚠️ No hay #OjoAlDato para hoy (17/11/2025) en Guatemala
📡 Enviando mensaje vía API local del bot...
✅ Mensaje enviado a 50249313997 vía bot activo
✅ Enviado a 50249313997

📊 Resumen del envío diario:
✅ 26 enviados correctamente.
❌ 0 con errores.

📡 Enviando mensaje vía API local del bot...
✅ Mensaje enviado a 50255629247 vía bot activo
📤 Resumen enviado al administrador (50255629247)
🟢 Conexión a base de datos cerrada.
[dotenv@17.2.3] injecting env (11) from ../.env -- tip: ⚙️  enable debug logging with { debug: true }
[dotenv@17.2.3] injecting env (0) from .env -- tip: ⚙️  enable debug logging with { debug: true }
[dotenv@17.2.3] injecting env (0) from ../.env -- tip: ⚙️  enable debug logging with { debug: true }
[dotenv@17.2.3] injecting env (0) from .env -- tip: 🔐 prevent committing .env to code: https://dotenvx.com/precommit
🕓 Iniciando envío automático de noticias diarias...

🗂️ Departamentos con notas hoy: [
  'Guatemala',
  'Movilidad',
  'Noticias',
  'Portada',
  'Concejos municipales',
  'Quiché'
]
📊 OjoAlDato cargado: {
  fecha: '18/11/2025',
  departamento: 'Santa Rosa',
  texto: 'para mejorar el ambiente de atención a las personas, la municipalidad de Oratorio, Santa Rosa, compró un aire acondicionado para su despacho municipal. Costó Q24 mil 990  a Logistika Urbanistika y Construcción.'
}
👥 Suscriptores activos: 26
⚠️ 50432745042: sin contenido relevante → no se envía mensaje.
📡 Enviando mensaje vía API local del bot...
✅ Mensaje enviado a 50255629247 vía bot activo
✅ Enviado a 50255629247
⚠️ 50254747827: sin contenido relevante → no se envía mensaje.
⚠️ 50254827902: sin contenido relevante → no se envía mensaje.
📡 Enviando mensaje vía API local del bot...
✅ Mensaje enviado a 50257049220 vía bot activo
✅ Enviado a 50257049220
⚠️ 50230080060: sin contenido relevante → no se envía mensaje.
⚠️ 50247858363: sin contenido relevante → no se envía mensaje.
⚠️ 50232050537: sin contenido relevante → no se envía mensaje.
📡 Enviando mensaje vía API local del bot...
✅ Mensaje enviado a 50253460168 vía bot activo
✅ Enviado a 50253460168
⚠️ 50230465423: sin contenido relevante → no se envía mensaje.
📡 Enviando mensaje vía API local del bot...
✅ Mensaje enviado a 50253065146 vía bot activo
✅ Enviado a 50253065146
📡 Enviando mensaje vía API local del bot...
✅ Mensaje enviado a 50255284110 vía bot activo
✅ Enviado a 50255284110
⚠️ 50254210055: sin contenido relevante → no se envía mensaje.
⚠️ 50255294247: sin contenido relevante → no se envía mensaje.
📡 Enviando mensaje vía API local del bot...
✅ Mensaje enviado a 50237330000 vía bot activo
✅ Enviado a 50237330000
📡 Enviando mensaje vía API local del bot...
✅ Mensaje enviado a 50245491953 vía bot activo
✅ Enviado a 50245491953
📡 Enviando mensaje vía API local del bot...
✅ Mensaje enviado a 50257186094 vía bot activo
✅ Enviado a 50257186094
⚠️ 50257171707: sin contenido relevante → no se envía mensaje.
📡 Enviando mensaje vía API local del bot...
✅ Mensaje enviado a 50233610326 vía bot activo
✅ Enviado a 50233610326
📡 Enviando mensaje vía API local del bot...
✅ Mensaje enviado a 50259906516 vía bot activo
✅ Enviado a 50259906516
⚠️ 50250190948: sin contenido relevante → no se envía mensaje.
📡 Enviando mensaje vía API local del bot...
✅ Mensaje enviado a 50254263749 vía bot activo
✅ Enviado a 50254263749
📡 Enviando mensaje vía API local del bot...
✅ Mensaje enviado a 50249728550 vía bot activo
✅ Enviado a 50249728550
📡 Enviando mensaje vía API local del bot...
✅ Mensaje enviado a 50235245779 vía bot activo
✅ Enviado a 50235245779
📡 Enviando mensaje vía API local del bot...
✅ Mensaje enviado a 50246532572 vía bot activo
✅ Enviado a 50246532572
📡 Enviando mensaje vía API local del bot...
✅ Mensaje enviado a 50249313997 vía bot activo
✅ Enviado a 50249313997
📡 Enviando mensaje vía API local del bot...
✅ Mensaje enviado a 50255629247 vía bot activo
🟢 Finalizado y DB cerrada.
[dotenv@17.2.3] injecting env (11) from ../.env -- tip: 🛠️  run anywhere with `dotenvx run -- yourcommand`
[dotenv@17.2.3] injecting env (0) from .env -- tip: ⚙️  suppress all logs with { quiet: true }
[dotenv@17.2.3] injecting env (0) from ../.env -- tip: 🔐 encrypt with Dotenvx: https://dotenvx.com
[dotenv@17.2.3] injecting env (0) from .env -- tip: ⚙️  write to custom object with { processEnv: myObject }
🕓 Iniciando envío automático de noticias diarias...

🗂️ Departamentos con notas hoy: [
  'Guatemala',
  'Movilidad',
  'Noticias',
  'Portada',
  'Acceso a la Información',
  'Duda y Comprueba',
  'Ley de Acceso a La información Pública'
]
📊 OjoAlDato cargado: {
  fecha: '19/11/2025',
  departamento: 'Huehuetenango',
  texto: 'Por la compra de juegos pirotécnicos, la municipalidad de Colotenango, Huehuetenango, adjudicó Q15 mil a Rocael Vásquez.'
}
👥 Suscriptores activos: 28
⚠️ 50432745042: sin contenido relevante → no se envía mensaje.
📡 Enviando mensaje vía API local del bot...
✅ Mensaje enviado a 50255629247 vía bot activo
✅ Enviado a 50255629247
⚠️ 50254747827: sin contenido relevante → no se envía mensaje.
⚠️ 50254827902: sin contenido relevante → no se envía mensaje.
📡 Enviando mensaje vía API local del bot...
✅ Mensaje enviado a 50257049220 vía bot activo
✅ Enviado a 50257049220
⚠️ 50230080060: sin contenido relevante → no se envía mensaje.
⚠️ 50247858363: sin contenido relevante → no se envía mensaje.
⚠️ 50232050537: sin contenido relevante → no se envía mensaje.
📡 Enviando mensaje vía API local del bot...
✅ Mensaje enviado a 50253460168 vía bot activo
✅ Enviado a 50253460168
⚠️ 50230465423: sin contenido relevante → no se envía mensaje.
⚠️ 50253065146: sin contenido relevante → no se envía mensaje.
📡 Enviando mensaje vía API local del bot...
✅ Mensaje enviado a 50255284110 vía bot activo
✅ Enviado a 50255284110
⚠️ 50254210055: sin contenido relevante → no se envía mensaje.
⚠️ 50255294247: sin contenido relevante → no se envía mensaje.
📡 Enviando mensaje vía API local del bot...
✅ Mensaje enviado a 50237330000 vía bot activo
✅ Enviado a 50237330000
📡 Enviando mensaje vía API local del bot...
✅ Mensaje enviado a 50245491953 vía bot activo
✅ Enviado a 50245491953
📡 Enviando mensaje vía API local del bot...
✅ Mensaje enviado a 50257186094 vía bot activo
✅ Enviado a 50257186094
⚠️ 50257171707: sin contenido relevante → no se envía mensaje.
📡 Enviando mensaje vía API local del bot...
✅ Mensaje enviado a 50233610326 vía bot activo
✅ Enviado a 50233610326
📡 Enviando mensaje vía API local del bot...
✅ Mensaje enviado a 50259906516 vía bot activo
✅ Enviado a 50259906516
⚠️ 50250190948: sin contenido relevante → no se envía mensaje.
📡 Enviando mensaje vía API local del bot...
✅ Mensaje enviado a 50254263749 vía bot activo
✅ Enviado a 50254263749
📡 Enviando mensaje vía API local del bot...
✅ Mensaje enviado a 50249728550 vía bot activo
✅ Enviado a 50249728550
📡 Enviando mensaje vía API local del bot...
✅ Mensaje enviado a 50235245779 vía bot activo
✅ Enviado a 50235245779
📡 Enviando mensaje vía API local del bot...
✅ Mensaje enviado a 50246532572 vía bot activo
✅ Enviado a 50246532572
📡 Enviando mensaje vía API local del bot...
✅ Mensaje enviado a 50249313997 vía bot activo
✅ Enviado a 50249313997
📡 Enviando mensaje vía API local del bot...
✅ Mensaje enviado a 50247685876 vía bot activo
✅ Enviado a 50247685876
⚠️ 50246032841: sin contenido relevante → no se envía mensaje.
📡 Enviando mensaje vía API local del bot...
✅ Mensaje enviado a 50255629247 vía bot activo
🟢 Finalizado y DB cerrada.
[dotenv@17.2.3] injecting env (11) from ../.env -- tip: 👥 sync secrets across teammates & machines: https://dotenvx.com/ops
[dotenv@17.2.3] injecting env (0) from .env -- tip: 🔐 prevent committing .env to code: https://dotenvx.com/precommit
[dotenv@17.2.3] injecting env (0) from ../.env -- tip: 🔐 prevent building .env in docker: https://dotenvx.com/prebuild
[dotenv@17.2.3] injecting env (0) from .env -- tip: ⚙️  suppress all logs with { quiet: true }
🕓 Iniciando envío automático de noticias diarias...

🗂️ Departamentos con notas hoy: [ 'Guatemala', 'GuatemalaLeaks', 'Noticias', 'Portada' ]
📊 OjoAlDato cargado: {
  fecha: '20/11/2025',
  departamento: 'Santa Rosa',
  texto: 'Por la corona para premiar a la ganadora de la elección en su feria, la municipalidad de Santa María Ixhuatán adjudicó Q2,800 a Carlos René Chin.'
}
👥 Suscriptores activos: 28
⚠️ 50432745042: sin contenido relevante → no se envía mensaje.
📡 Enviando mensaje vía API local del bot...
✅ Mensaje enviado a 50255629247 vía bot activo
✅ Enviado a 50255629247
⚠️ 50254747827: sin contenido relevante → no se envía mensaje.
⚠️ 50254827902: sin contenido relevante → no se envía mensaje.
📡 Enviando mensaje vía API local del bot...
✅ Mensaje enviado a 50257049220 vía bot activo
✅ Enviado a 50257049220
⚠️ 50230080060: sin contenido relevante → no se envía mensaje.
⚠️ 50247858363: sin contenido relevante → no se envía mensaje.
⚠️ 50232050537: sin contenido relevante → no se envía mensaje.
📡 Enviando mensaje vía API local del bot...
✅ Mensaje enviado a 50253460168 vía bot activo
✅ Enviado a 50253460168
⚠️ 50230465423: sin contenido relevante → no se envía mensaje.
📡 Enviando mensaje vía API local del bot...
✅ Mensaje enviado a 50253065146 vía bot activo
✅ Enviado a 50253065146
📡 Enviando mensaje vía API local del bot...
✅ Mensaje enviado a 50255284110 vía bot activo
✅ Enviado a 50255284110
⚠️ 50254210055: sin contenido relevante → no se envía mensaje.
⚠️ 50255294247: sin contenido relevante → no se envía mensaje.
📡 Enviando mensaje vía API local del bot...
✅ Mensaje enviado a 50237330000 vía bot activo
✅ Enviado a 50237330000
📡 Enviando mensaje vía API local del bot...
✅ Mensaje enviado a 50245491953 vía bot activo
✅ Enviado a 50245491953
📡 Enviando mensaje vía API local del bot...
✅ Mensaje enviado a 50257186094 vía bot activo
✅ Enviado a 50257186094
⚠️ 50257171707: sin contenido relevante → no se envía mensaje.
📡 Enviando mensaje vía API local del bot...
✅ Mensaje enviado a 50233610326 vía bot activo
✅ Enviado a 50233610326
📡 Enviando mensaje vía API local del bot...
✅ Mensaje enviado a 50259906516 vía bot activo
✅ Enviado a 50259906516
⚠️ 50250190948: sin contenido relevante → no se envía mensaje.
📡 Enviando mensaje vía API local del bot...
✅ Mensaje enviado a 50254263749 vía bot activo
✅ Enviado a 50254263749
📡 Enviando mensaje vía API local del bot...
✅ Mensaje enviado a 50249728550 vía bot activo
✅ Enviado a 50249728550
📡 Enviando mensaje vía API local del bot...
✅ Mensaje enviado a 50235245779 vía bot activo
✅ Enviado a 50235245779
📡 Enviando mensaje vía API local del bot...
✅ Mensaje enviado a 50246532572 vía bot activo
✅ Enviado a 50246532572
⚠️ 50249313997: sin contenido relevante → no se envía mensaje.
📡 Enviando mensaje vía API local del bot...
✅ Mensaje enviado a 50247685876 vía bot activo
✅ Enviado a 50247685876
⚠️ 50246032841: sin contenido relevante → no se envía mensaje.
📡 Enviando mensaje vía API local del bot...
✅ Mensaje enviado a 50255629247 vía bot activo
🟢 Finalizado y DB cerrada.
[dotenv@17.2.3] injecting env (11) from ../.env -- tip: ⚙️  specify custom .env file path with { path: '/custom/path/.env' }
[dotenv@17.2.3] injecting env (0) from .env -- tip: ✅ audit secrets and track compliance: https://dotenvx.com/ops
[dotenv@17.2.3] injecting env (0) from .env -- tip: 🔐 prevent committing .env to code: https://dotenvx.com/precommit
🗓️ Iniciando envío semanal (por tema)...
🗂️ Temas detectados esta semana: [
  'movilidad',
  'concejos municipales',
  'acceso a la información',
  'duda y comprueba',
  'consejos de desarrollo',
  'ambiente'
]

🚀 Preparando envío semanal...

📌 Tema: movilidad → 3 nota(s)
📡 Enviando mensaje vía API local del bot...
✅ Mensaje enviado a 50255629247 vía bot activo
✅ Enviado a 50255629247
📡 Enviando mensaje vía API local del bot...
✅ Mensaje enviado a 50254827902 vía bot activo
✅ Enviado a 50254827902
📡 Enviando mensaje vía API local del bot...
✅ Mensaje enviado a 50257049220 vía bot activo
✅ Enviado a 50257049220
📡 Enviando mensaje vía API local del bot...
✅ Mensaje enviado a 50230080060 vía bot activo
✅ Enviado a 50230080060
📡 Enviando mensaje vía API local del bot...
✅ Mensaje enviado a 50247858363 vía bot activo
✅ Enviado a 50247858363
📡 Enviando mensaje vía API local del bot...
✅ Mensaje enviado a 50253460168 vía bot activo
✅ Enviado a 50253460168
📡 Enviando mensaje vía API local del bot...
✅ Mensaje enviado a 50253065146 vía bot activo
✅ Enviado a 50253065146
📡 Enviando mensaje vía API local del bot...
✅ Mensaje enviado a 50255284110 vía bot activo
✅ Enviado a 50255284110
📡 Enviando mensaje vía API local del bot...
✅ Mensaje enviado a 50254210055 vía bot activo
✅ Enviado a 50254210055
📡 Enviando mensaje vía API local del bot...
✅ Mensaje enviado a 50255294247 vía bot activo
✅ Enviado a 50255294247
📡 Enviando mensaje vía API local del bot...
✅ Mensaje enviado a 50237330000 vía bot activo
✅ Enviado a 50237330000
📡 Enviando mensaje vía API local del bot...
✅ Mensaje enviado a 50245491953 vía bot activo
✅ Enviado a 50245491953
📡 Enviando mensaje vía API local del bot...
✅ Mensaje enviado a 50257186094 vía bot activo
✅ Enviado a 50257186094
📡 Enviando mensaje vía API local del bot...
✅ Mensaje enviado a 50257171707 vía bot activo
✅ Enviado a 50257171707
📡 Enviando mensaje vía API local del bot...
✅ Mensaje enviado a 50233610326 vía bot activo
✅ Enviado a 50233610326
📡 Enviando mensaje vía API local del bot...
✅ Mensaje enviado a 50259906516 vía bot activo
✅ Enviado a 50259906516
📡 Enviando mensaje vía API local del bot...
✅ Mensaje enviado a 50250190948 vía bot activo
✅ Enviado a 50250190948
📡 Enviando mensaje vía API local del bot...
✅ Mensaje enviado a 50254263749 vía bot activo
✅ Enviado a 50254263749
📡 Enviando mensaje vía API local del bot...
✅ Mensaje enviado a 50249728550 vía bot activo
✅ Enviado a 50249728550
📡 Enviando mensaje vía API local del bot...
✅ Mensaje enviado a 50235245779 vía bot activo
✅ Enviado a 50235245779
📡 Enviando mensaje vía API local del bot...
✅ Mensaje enviado a 50246532572 vía bot activo
✅ Enviado a 50246532572
📡 Enviando mensaje vía API local del bot...
✅ Mensaje enviado a 50249313997 vía bot activo
✅ Enviado a 50249313997
📡 Enviando mensaje vía API local del bot...
✅ Mensaje enviado a 50247685876 vía bot activo
✅ Enviado a 50247685876
📡 Enviando mensaje vía API local del bot...
✅ Mensaje enviado a 50246032841 vía bot activo
✅ Enviado a 50246032841
📌 Tema: concejos municipales → 3 nota(s)
📡 Enviando mensaje vía API local del bot...
✅ Mensaje enviado a 50255629247 vía bot activo
✅ Enviado a 50255629247
📡 Enviando mensaje vía API local del bot...
✅ Mensaje enviado a 50254747827 vía bot activo
✅ Enviado a 50254747827
📡 Enviando mensaje vía API local del bot...
✅ Mensaje enviado a 50257049220 vía bot activo
✅ Enviado a 50257049220
📡 Enviando mensaje vía API local del bot...
✅ Mensaje enviado a 50232050537 vía bot activo
✅ Enviado a 50232050537
📡 Enviando mensaje vía API local del bot...
✅ Mensaje enviado a 50253460168 vía bot activo
✅ Enviado a 50253460168
📡 Enviando mensaje vía API local del bot...
✅ Mensaje enviado a 50253065146 vía bot activo
✅ Enviado a 50253065146
📡 Enviando mensaje vía API local del bot...
✅ Mensaje enviado a 50254210055 vía bot activo
✅ Enviado a 50254210055
📡 Enviando mensaje vía API local del bot...
✅ Mensaje enviado a 50255294247 vía bot activo
✅ Enviado a 50255294247
📡 Enviando mensaje vía API local del bot...
✅ Mensaje enviado a 50237330000 vía bot activo
✅ Enviado a 50237330000
📡 Enviando mensaje vía API local del bot...
✅ Mensaje enviado a 50245491953 vía bot activo
✅ Enviado a 50245491953
📡 Enviando mensaje vía API local del bot...
✅ Mensaje enviado a 50257186094 vía bot activo
✅ Enviado a 50257186094
📡 Enviando mensaje vía API local del bot...
✅ Mensaje enviado a 50257171707 vía bot activo
✅ Enviado a 50257171707
📡 Enviando mensaje vía API local del bot...
✅ Mensaje enviado a 50233610326 vía bot activo
✅ Enviado a 50233610326
📡 Enviando mensaje vía API local del bot...
✅ Mensaje enviado a 50259906516 vía bot activo
✅ Enviado a 50259906516
📡 Enviando mensaje vía API local del bot...
✅ Mensaje enviado a 50250190948 vía bot activo
✅ Enviado a 50250190948
📡 Enviando mensaje vía API local del bot...
✅ Mensaje enviado a 50254263749 vía bot activo
✅ Enviado a 50254263749
📡 Enviando mensaje vía API local del bot...
✅ Mensaje enviado a 50249728550 vía bot activo
✅ Enviado a 50249728550
📡 Enviando mensaje vía API local del bot...
✅ Mensaje enviado a 50235245779 vía bot activo
✅ Enviado a 50235245779
📡 Enviando mensaje vía API local del bot...
✅ Mensaje enviado a 50246532572 vía bot activo
✅ Enviado a 50246532572
📡 Enviando mensaje vía API local del bot...
✅ Mensaje enviado a 50249313997 vía bot activo
✅ Enviado a 50249313997
📡 Enviando mensaje vía API local del bot...
✅ Mensaje enviado a 50247685876 vía bot activo
✅ Enviado a 50247685876
📌 Tema: acceso a la información → 2 nota(s)
📡 Enviando mensaje vía API local del bot...
✅ Mensaje enviado a 50255629247 vía bot activo
✅ Enviado a 50255629247
📡 Enviando mensaje vía API local del bot...
✅ Mensaje enviado a 50254747827 vía bot activo
✅ Enviado a 50254747827
📡 Enviando mensaje vía API local del bot...
✅ Mensaje enviado a 50257049220 vía bot activo
✅ Enviado a 50257049220
📡 Enviando mensaje vía API local del bot...
✅ Mensaje enviado a 50230080060 vía bot activo
✅ Enviado a 50230080060
📡 Enviando mensaje vía API local del bot...
✅ Mensaje enviado a 50253460168 vía bot activo
✅ Enviado a 50253460168
📡 Enviando mensaje vía API local del bot...
✅ Mensaje enviado a 50253065146 vía bot activo
✅ Enviado a 50253065146
📡 Enviando mensaje vía API local del bot...
✅ Mensaje enviado a 50254210055 vía bot activo
✅ Enviado a 50254210055
📡 Enviando mensaje vía API local del bot...
✅ Mensaje enviado a 50255294247 vía bot activo
✅ Enviado a 50255294247
📡 Enviando mensaje vía API local del bot...
✅ Mensaje enviado a 50237330000 vía bot activo
✅ Enviado a 50237330000
📡 Enviando mensaje vía API local del bot...
✅ Mensaje enviado a 50245491953 vía bot activo
✅ Enviado a 50245491953
📡 Enviando mensaje vía API local del bot...
✅ Mensaje enviado a 50257186094 vía bot activo
✅ Enviado a 50257186094
📡 Enviando mensaje vía API local del bot...
✅ Mensaje enviado a 50257171707 vía bot activo
✅ Enviado a 50257171707
📡 Enviando mensaje vía API local del bot...
✅ Mensaje enviado a 50233610326 vía bot activo
✅ Enviado a 50233610326
📡 Enviando mensaje vía API local del bot...
✅ Mensaje enviado a 50259906516 vía bot activo
✅ Enviado a 50259906516
📡 Enviando mensaje vía API local del bot...
✅ Mensaje enviado a 50250190948 vía bot activo
✅ Enviado a 50250190948
📡 Enviando mensaje vía API local del bot...
✅ Mensaje enviado a 50254263749 vía bot activo
✅ Enviado a 50254263749
📡 Enviando mensaje vía API local del bot...
✅ Mensaje enviado a 50249728550 vía bot activo
✅ Enviado a 50249728550
📡 Enviando mensaje vía API local del bot...
✅ Mensaje enviado a 50235245779 vía bot activo
✅ Enviado a 50235245779
📡 Enviando mensaje vía API local del bot...
✅ Mensaje enviado a 50246532572 vía bot activo
✅ Enviado a 50246532572
📡 Enviando mensaje vía API local del bot...
✅ Mensaje enviado a 50249313997 vía bot activo
✅ Enviado a 50249313997
📡 Enviando mensaje vía API local del bot...
✅ Mensaje enviado a 50247685876 vía bot activo
✅ Enviado a 50247685876
📡 Enviando mensaje vía API local del bot...
✅ Mensaje enviado a 50246032841 vía bot activo
✅ Enviado a 50246032841
📌 Tema: duda y comprueba → 1 nota(s)
📡 Enviando mensaje vía API local del bot...
✅ Mensaje enviado a 50255629247 vía bot activo
✅ Enviado a 50255629247
📡 Enviando mensaje vía API local del bot...
✅ Mensaje enviado a 50257049220 vía bot activo
✅ Enviado a 50257049220
📡 Enviando mensaje vía API local del bot...
✅ Mensaje enviado a 50230080060 vía bot activo
✅ Enviado a 50230080060
📡 Enviando mensaje vía API local del bot...
✅ Mensaje enviado a 50253460168 vía bot activo
✅ Enviado a 50253460168
📡 Enviando mensaje vía API local del bot...
✅ Mensaje enviado a 50230465423 vía bot activo
✅ Enviado a 50230465423
📡 Enviando mensaje vía API local del bot...
✅ Mensaje enviado a 50253065146 vía bot activo
✅ Enviado a 50253065146
📡 Enviando mensaje vía API local del bot...
✅ Mensaje enviado a 50255284110 vía bot activo
✅ Enviado a 50255284110
📡 Enviando mensaje vía API local del bot...
✅ Mensaje enviado a 50254210055 vía bot activo
✅ Enviado a 50254210055
📡 Enviando mensaje vía API local del bot...
✅ Mensaje enviado a 50255294247 vía bot activo
✅ Enviado a 50255294247
📡 Enviando mensaje vía API local del bot...
✅ Mensaje enviado a 50237330000 vía bot activo
✅ Enviado a 50237330000
📡 Enviando mensaje vía API local del bot...
✅ Mensaje enviado a 50245491953 vía bot activo
✅ Enviado a 50245491953
📡 Enviando mensaje vía API local del bot...
✅ Mensaje enviado a 50257186094 vía bot activo
✅ Enviado a 50257186094
📡 Enviando mensaje vía API local del bot...
✅ Mensaje enviado a 50257171707 vía bot activo
✅ Enviado a 50257171707
📡 Enviando mensaje vía API local del bot...
✅ Mensaje enviado a 50233610326 vía bot activo
✅ Enviado a 50233610326
📡 Enviando mensaje vía API local del bot...
✅ Mensaje enviado a 50259906516 vía bot activo
✅ Enviado a 50259906516
📡 Enviando mensaje vía API local del bot...
✅ Mensaje enviado a 50250190948 vía bot activo
✅ Enviado a 50250190948
📡 Enviando mensaje vía API local del bot...
✅ Mensaje enviado a 50254263749 vía bot activo
✅ Enviado a 50254263749
📡 Enviando mensaje vía API local del bot...
✅ Mensaje enviado a 50235245779 vía bot activo
✅ Enviado a 50235245779
📡 Enviando mensaje vía API local del bot...
✅ Mensaje enviado a 50246532572 vía bot activo
✅ Enviado a 50246532572
📡 Enviando mensaje vía API local del bot...
✅ Mensaje enviado a 50249313997 vía bot activo
✅ Enviado a 50249313997
📡 Enviando mensaje vía API local del bot...
✅ Mensaje enviado a 50247685876 vía bot activo
✅ Enviado a 50247685876
📌 Tema: consejos de desarrollo → 1 nota(s)
📡 Enviando mensaje vía API local del bot...
✅ Mensaje enviado a 50255629247 vía bot activo
✅ Enviado a 50255629247
📡 Enviando mensaje vía API local del bot...
✅ Mensaje enviado a 50254747827 vía bot activo
✅ Enviado a 50254747827
📡 Enviando mensaje vía API local del bot...
✅ Mensaje enviado a 50257049220 vía bot activo
✅ Enviado a 50257049220
📡 Enviando mensaje vía API local del bot...
✅ Mensaje enviado a 50230080060 vía bot activo
✅ Enviado a 50230080060
📡 Enviando mensaje vía API local del bot...
✅ Mensaje enviado a 50247858363 vía bot activo
✅ Enviado a 50247858363
📡 Enviando mensaje vía API local del bot...
✅ Mensaje enviado a 50232050537 vía bot activo
✅ Enviado a 50232050537
📡 Enviando mensaje vía API local del bot...
✅ Mensaje enviado a 50253460168 vía bot activo
✅ Enviado a 50253460168
📡 Enviando mensaje vía API local del bot...
✅ Mensaje enviado a 50253065146 vía bot activo
✅ Enviado a 50253065146
📡 Enviando mensaje vía API local del bot...
✅ Mensaje enviado a 50255284110 vía bot activo
✅ Enviado a 50255284110
📡 Enviando mensaje vía API local del bot...
✅ Mensaje enviado a 50254210055 vía bot activo
✅ Enviado a 50254210055
📡 Enviando mensaje vía API local del bot...
✅ Mensaje enviado a 50255294247 vía bot activo
✅ Enviado a 50255294247
📡 Enviando mensaje vía API local del bot...
✅ Mensaje enviado a 50237330000 vía bot activo
✅ Enviado a 50237330000
📡 Enviando mensaje vía API local del bot...
✅ Mensaje enviado a 50245491953 vía bot activo
✅ Enviado a 50245491953
📡 Enviando mensaje vía API local del bot...
✅ Mensaje enviado a 50257186094 vía bot activo
✅ Enviado a 50257186094
📡 Enviando mensaje vía API local del bot...
✅ Mensaje enviado a 50257171707 vía bot activo
✅ Enviado a 50257171707
📡 Enviando mensaje vía API local del bot...
✅ Mensaje enviado a 50233610326 vía bot activo
✅ Enviado a 50233610326
📡 Enviando mensaje vía API local del bot...
✅ Mensaje enviado a 50259906516 vía bot activo
✅ Enviado a 50259906516
📡 Enviando mensaje vía API local del bot...
✅ Mensaje enviado a 50250190948 vía bot activo
✅ Enviado a 50250190948
📡 Enviando mensaje vía API local del bot...
✅ Mensaje enviado a 50254263749 vía bot activo
✅ Enviado a 50254263749
📡 Enviando mensaje vía API local del bot...
✅ Mensaje enviado a 50249728550 vía bot activo
✅ Enviado a 50249728550
📡 Enviando mensaje vía API local del bot...
✅ Mensaje enviado a 50235245779 vía bot activo
✅ Enviado a 50235245779
📡 Enviando mensaje vía API local del bot...
✅ Mensaje enviado a 50246532572 vía bot activo
✅ Enviado a 50246532572
📡 Enviando mensaje vía API local del bot...
✅ Mensaje enviado a 50249313997 vía bot activo
✅ Enviado a 50249313997
📡 Enviando mensaje vía API local del bot...
✅ Mensaje enviado a 50247685876 vía bot activo
✅ Enviado a 50247685876
📌 Tema: ambiente → 1 nota(s)
📡 Enviando mensaje vía API local del bot...
✅ Mensaje enviado a 50255629247 vía bot activo
✅ Enviado a 50255629247
📡 Enviando mensaje vía API local del bot...
✅ Mensaje enviado a 50257049220 vía bot activo
✅ Enviado a 50257049220
📡 Enviando mensaje vía API local del bot...
✅ Mensaje enviado a 50230080060 vía bot activo
✅ Enviado a 50230080060
📡 Enviando mensaje vía API local del bot...
✅ Mensaje enviado a 50247858363 vía bot activo
✅ Enviado a 50247858363
📡 Enviando mensaje vía API local del bot...
✅ Mensaje enviado a 50253460168 vía bot activo
✅ Enviado a 50253460168
📡 Enviando mensaje vía API local del bot...
✅ Mensaje enviado a 50253065146 vía bot activo
✅ Enviado a 50253065146
📡 Enviando mensaje vía API local del bot...
✅ Mensaje enviado a 50255284110 vía bot activo
✅ Enviado a 50255284110
📡 Enviando mensaje vía API local del bot...
✅ Mensaje enviado a 50254210055 vía bot activo
✅ Enviado a 50254210055
📡 Enviando mensaje vía API local del bot...
✅ Mensaje enviado a 50255294247 vía bot activo
✅ Enviado a 50255294247
📡 Enviando mensaje vía API local del bot...
✅ Mensaje enviado a 50237330000 vía bot activo
✅ Enviado a 50237330000
📡 Enviando mensaje vía API local del bot...
✅ Mensaje enviado a 50245491953 vía bot activo
✅ Enviado a 50245491953
📡 Enviando mensaje vía API local del bot...
✅ Mensaje enviado a 50257186094 vía bot activo
✅ Enviado a 50257186094
📡 Enviando mensaje vía API local del bot...
✅ Mensaje enviado a 50257171707 vía bot activo
✅ Enviado a 50257171707
📡 Enviando mensaje vía API local del bot...
✅ Mensaje enviado a 50233610326 vía bot activo
✅ Enviado a 50233610326
📡 Enviando mensaje vía API local del bot...
✅ Mensaje enviado a 50259906516 vía bot activo
✅ Enviado a 50259906516
📡 Enviando mensaje vía API local del bot...
✅ Mensaje enviado a 50250190948 vía bot activo
✅ Enviado a 50250190948
📡 Enviando mensaje vía API local del bot...
✅ Mensaje enviado a 50254263749 vía bot activo
✅ Enviado a 50254263749
📡 Enviando mensaje vía API local del bot...
✅ Mensaje enviado a 50235245779 vía bot activo
✅ Enviado a 50235245779
📡 Enviando mensaje vía API local del bot...
✅ Mensaje enviado a 50246532572 vía bot activo
✅ Enviado a 50246532572
📡 Enviando mensaje vía API local del bot...
✅ Mensaje enviado a 50249313997 vía bot activo
✅ Enviado a 50249313997
📡 Enviando mensaje vía API local del bot...
✅ Mensaje enviado a 50247685876 vía bot activo
✅ Enviado a 50247685876
📡 Enviando mensaje vía API local del bot...
✅ Mensaje enviado a 50255629247 vía bot activo
📤 Resumen enviado al administrador
[dotenv@17.2.3] injecting env (11) from ../.env -- tip: 🔐 encrypt with Dotenvx: https://dotenvx.com
[dotenv@17.2.3] injecting env (0) from .env -- tip: ⚙️  enable debug logging with { debug: true }
[dotenv@17.2.3] injecting env (0) from ../.env -- tip: ⚙️  load multiple .env files with { path: ['.env.local', '.env'] }
[dotenv@17.2.3] injecting env (0) from .env -- tip: 🛠️  run anywhere with `dotenvx run -- yourcommand`
🕓 Iniciando envío automático de noticias diarias...

🗂️ Departamentos con notas hoy: [
  'Consejos de Desarrollo',
  'Noticias',
  'Portada',
  'Concejos municipales',
  'Guatemala'
]
📊 OjoAlDato cargado: {
  fecha: '24/11/2025',
  departamento: 'Guatemala',
  texto: 'Por el pago de renovación de licencias especiales de portación de arma de fuego para quienes trabajen en entidades estatales, la comuna de Mixco Q2,990.00 adjudicó a la Dirección General de Control de Armas y Municiones del Ministerio de la Defensa Nacional.'
}
👥 Suscriptores activos: 29
⚠️ 50432745042: sin contenido relevante → no se envía mensaje.
📡 Enviando mensaje vía API local del bot...
✅ Mensaje enviado a 50255629247 vía bot activo
✅ Enviado a 50255629247
⚠️ 50254747827: sin contenido relevante → no se envía mensaje.
⚠️ 50254827902: sin contenido relevante → no se envía mensaje.
📡 Enviando mensaje vía API local del bot...
✅ Mensaje enviado a 50257049220 vía bot activo
✅ Enviado a 50257049220
⚠️ 50230080060: sin contenido relevante → no se envía mensaje.
⚠️ 50247858363: sin contenido relevante → no se envía mensaje.
⚠️ 50232050537: sin contenido relevante → no se envía mensaje.
📡 Enviando mensaje vía API local del bot...
✅ Mensaje enviado a 50253460168 vía bot activo
✅ Enviado a 50253460168
⚠️ 50230465423: sin contenido relevante → no se envía mensaje.
⚠️ 50253065146: sin contenido relevante → no se envía mensaje.
📡 Enviando mensaje vía API local del bot...
✅ Mensaje enviado a 50255284110 vía bot activo
✅ Enviado a 50255284110
⚠️ 50254210055: sin contenido relevante → no se envía mensaje.
⚠️ 50255294247: sin contenido relevante → no se envía mensaje.
📡 Enviando mensaje vía API local del bot...
✅ Mensaje enviado a 50237330000 vía bot activo
✅ Enviado a 50237330000
📡 Enviando mensaje vía API local del bot...
✅ Mensaje enviado a 50245491953 vía bot activo
✅ Enviado a 50245491953
📡 Enviando mensaje vía API local del bot...
✅ Mensaje enviado a 50257186094 vía bot activo
✅ Enviado a 50257186094
⚠️ 50257171707: sin contenido relevante → no se envía mensaje.
📡 Enviando mensaje vía API local del bot...
✅ Mensaje enviado a 50233610326 vía bot activo
✅ Enviado a 50233610326
📡 Enviando mensaje vía API local del bot...
✅ Mensaje enviado a 50259906516 vía bot activo
✅ Enviado a 50259906516
⚠️ 50250190948: sin contenido relevante → no se envía mensaje.
📡 Enviando mensaje vía API local del bot...
✅ Mensaje enviado a 50254263749 vía bot activo
✅ Enviado a 50254263749
📡 Enviando mensaje vía API local del bot...
✅ Mensaje enviado a 50249728550 vía bot activo
✅ Enviado a 50249728550
📡 Enviando mensaje vía API local del bot...
✅ Mensaje enviado a 50235245779 vía bot activo
✅ Enviado a 50235245779
📡 Enviando mensaje vía API local del bot...
✅ Mensaje enviado a 50246532572 vía bot activo
✅ Enviado a 50246532572
⚠️ 50249313997: sin contenido relevante → no se envía mensaje.
📡 Enviando mensaje vía API local del bot...
✅ Mensaje enviado a 50247685876 vía bot activo
✅ Enviado a 50247685876
⚠️ 50246032841: sin contenido relevante → no se envía mensaje.
📡 Enviando mensaje vía API local del bot...
✅ Mensaje enviado a 50255585677 vía bot activo
✅ Enviado a 50255585677
📡 Enviando mensaje vía API local del bot...
✅ Mensaje enviado a 50255629247 vía bot activo
🟢 Finalizado y DB cerrada.
[dotenv@17.2.3] injecting env (11) from ../.env -- tip: 🔐 prevent committing .env to code: https://dotenvx.com/precommit
[dotenv@17.2.3] injecting env (0) from .env -- tip: 🔄 add secrets lifecycle management: https://dotenvx.com/ops
[dotenv@17.2.3] injecting env (0) from ../.env -- tip: ⚙️  write to custom object with { processEnv: myObject }
[dotenv@17.2.3] injecting env (0) from .env -- tip: 🔄 add secrets lifecycle management: https://dotenvx.com/ops
🕓 Iniciando envío automático de noticias diarias...

🗂️ Departamentos con notas hoy: [
  'Concejos municipales',
  'Guatemala',
  'Noticias',
  'Portada',
  'Movilidad'
]
📊 OjoAlDato cargado: {
  fecha: '25/11/2025',
  departamento: 'Sacatepéquez',
  texto: 'Por una motocicleta NIU 150S modelo 2026, la municipalidad de Ciudad Vieja, Sacatepéquez, adjudicó Q7,920.00 a Motocom, S.A.'
}
👥 Suscriptores activos: 29
📡 Enviando mensaje vía API local del bot...
✅ Mensaje enviado a 50432745042 vía bot activo
✅ Enviado a 50432745042
📡 Enviando mensaje vía API local del bot...
✅ Mensaje enviado a 50255629247 vía bot activo
✅ Enviado a 50255629247
📡 Enviando mensaje vía API local del bot...
✅ Mensaje enviado a 50254747827 vía bot activo
✅ Enviado a 50254747827
📡 Enviando mensaje vía API local del bot...
✅ Mensaje enviado a 50254827902 vía bot activo
✅ Enviado a 50254827902
📡 Enviando mensaje vía API local del bot...
✅ Mensaje enviado a 50257049220 vía bot activo
✅ Enviado a 50257049220
📡 Enviando mensaje vía API local del bot...
✅ Mensaje enviado a 50230080060 vía bot activo
✅ Enviado a 50230080060
📡 Enviando mensaje vía API local del bot...
✅ Mensaje enviado a 50247858363 vía bot activo
✅ Enviado a 50247858363
📡 Enviando mensaje vía API local del bot...
✅ Mensaje enviado a 50232050537 vía bot activo
✅ Enviado a 50232050537
📡 Enviando mensaje vía API local del bot...
✅ Mensaje enviado a 50253460168 vía bot activo
✅ Enviado a 50253460168
📡 Enviando mensaje vía API local del bot...
✅ Mensaje enviado a 50230465423 vía bot activo
✅ Enviado a 50230465423
📡 Enviando mensaje vía API local del bot...
✅ Mensaje enviado a 50253065146 vía bot activo
✅ Enviado a 50253065146
📡 Enviando mensaje vía API local del bot...
✅ Mensaje enviado a 50255284110 vía bot activo
✅ Enviado a 50255284110
📡 Enviando mensaje vía API local del bot...
✅ Mensaje enviado a 50254210055 vía bot activo
✅ Enviado a 50254210055
📡 Enviando mensaje vía API local del bot...
✅ Mensaje enviado a 50255294247 vía bot activo
✅ Enviado a 50255294247
📡 Enviando mensaje vía API local del bot...
✅ Mensaje enviado a 50237330000 vía bot activo
✅ Enviado a 50237330000
📡 Enviando mensaje vía API local del bot...
✅ Mensaje enviado a 50245491953 vía bot activo
✅ Enviado a 50245491953
📡 Enviando mensaje vía API local del bot...
✅ Mensaje enviado a 50257186094 vía bot activo
✅ Enviado a 50257186094
📡 Enviando mensaje vía API local del bot...
✅ Mensaje enviado a 50257171707 vía bot activo
✅ Enviado a 50257171707
📡 Enviando mensaje vía API local del bot...
✅ Mensaje enviado a 50233610326 vía bot activo
✅ Enviado a 50233610326
📡 Enviando mensaje vía API local del bot...
✅ Mensaje enviado a 50259906516 vía bot activo
✅ Enviado a 50259906516
📡 Enviando mensaje vía API local del bot...
✅ Mensaje enviado a 50250190948 vía bot activo
✅ Enviado a 50250190948
📡 Enviando mensaje vía API local del bot...
✅ Mensaje enviado a 50254263749 vía bot activo
✅ Enviado a 50254263749
📡 Enviando mensaje vía API local del bot...
✅ Mensaje enviado a 50249728550 vía bot activo
✅ Enviado a 50249728550
📡 Enviando mensaje vía API local del bot...
✅ Mensaje enviado a 50235245779 vía bot activo
✅ Enviado a 50235245779
📡 Enviando mensaje vía API local del bot...
✅ Mensaje enviado a 50246532572 vía bot activo
✅ Enviado a 50246532572
📡 Enviando mensaje vía API local del bot...
✅ Mensaje enviado a 50249313997 vía bot activo
✅ Enviado a 50249313997
📡 Enviando mensaje vía API local del bot...
✅ Mensaje enviado a 50247685876 vía bot activo
✅ Enviado a 50247685876
📡 Enviando mensaje vía API local del bot...
✅ Mensaje enviado a 50246032841 vía bot activo
✅ Enviado a 50246032841
📡 Enviando mensaje vía API local del bot...
✅ Mensaje enviado a 50255585677 vía bot activo
✅ Enviado a 50255585677
📡 Enviando mensaje vía API local del bot...
✅ Mensaje enviado a 50255629247 vía bot activo
🟢 Finalizado y DB cerrada.
[dotenv@17.2.3] injecting env (10) from ../.env -- tip: ⚙️  write to custom object with { processEnv: myObject }
[dotenv@17.2.3] injecting env (0) from .env -- tip: 👥 sync secrets across teammates & machines: https://dotenvx.com/ops
[dotenv@17.2.3] injecting env (0) from ../.env -- tip: 🔑 add access controls to secrets: https://dotenvx.com/ops
[dotenv@17.2.3] injecting env (0) from .env -- tip: 🗂️ backup and recover secrets: https://dotenvx.com/ops
🕓 Iniciando envío automático de noticias diarias...

🗂️ Departamentos con notas hoy: [
  'Consejos de Desarrollo',
  'Noticias',
  'Portada',
  'Quiché',
  'Concejos municipales',
  'Jalapa'
]
📊 OjoAlDato cargado: {
  fecha: '26/11/2025',
  departamento: 'Chimaltenango',
  texto: 'Parramos, Chimaltenango, adjudicó Q 2,229.77 a Nuevos Almacenes, S.A., por la compra de una vajilla blanca de 12 piezas y un set de 16 cubiertos de acero. Serán utilizados como regalos en su feria municipal en honor a los Santos Inocentes.'
}
👥 Suscriptores activos: 29
⚠️ 50432745042: sin contenido relevante → no se envía mensaje.
⚠️ 50255629247: sin contenido relevante → no se envía mensaje.
⚠️ 50254747827: sin contenido relevante → no se envía mensaje.
📡 Enviando mensaje vía API local del bot...
❌ Error al enviar mensaje vía API local: HTTP 500 Attempted to use detached Frame '1D58C8B85B5C234684E64AEF756531F1'.
❌ Error enviando a 50254827902: HTTP 500 Attempted to use detached Frame '1D58C8B85B5C234684E64AEF756531F1'.
📡 Enviando mensaje vía API local del bot...
❌ Error al enviar mensaje vía API local: HTTP 500 Attempted to use detached Frame '1D58C8B85B5C234684E64AEF756531F1'.
❌ Error enviando a 50257049220: HTTP 500 Attempted to use detached Frame '1D58C8B85B5C234684E64AEF756531F1'.
⚠️ 50230080060: sin contenido relevante → no se envía mensaje.
⚠️ 50247858363: sin contenido relevante → no se envía mensaje.
⚠️ 50232050537: sin contenido relevante → no se envía mensaje.
📡 Enviando mensaje vía API local del bot...
❌ Error al enviar mensaje vía API local: HTTP 500 Attempted to use detached Frame '1D58C8B85B5C234684E64AEF756531F1'.
❌ Error enviando a 50253460168: HTTP 500 Attempted to use detached Frame '1D58C8B85B5C234684E64AEF756531F1'.
⚠️ 50230465423: sin contenido relevante → no se envía mensaje.
📡 Enviando mensaje vía API local del bot...
❌ Error al enviar mensaje vía API local: HTTP 500 Attempted to use detached Frame '1D58C8B85B5C234684E64AEF756531F1'.
❌ Error enviando a 50253065146: HTTP 500 Attempted to use detached Frame '1D58C8B85B5C234684E64AEF756531F1'.
⚠️ 50255284110: sin contenido relevante → no se envía mensaje.
⚠️ 50254210055: sin contenido relevante → no se envía mensaje.
⚠️ 50255294247: sin contenido relevante → no se envía mensaje.
⚠️ 50237330000: sin contenido relevante → no se envía mensaje.
⚠️ 50245491953: sin contenido relevante → no se envía mensaje.
⚠️ 50257186094: sin contenido relevante → no se envía mensaje.
⚠️ 50257171707: sin contenido relevante → no se envía mensaje.
⚠️ 50233610326: sin contenido relevante → no se envía mensaje.
⚠️ 50259906516: sin contenido relevante → no se envía mensaje.
⚠️ 50250190948: sin contenido relevante → no se envía mensaje.
⚠️ 50254263749: sin contenido relevante → no se envía mensaje.
⚠️ 50249728550: sin contenido relevante → no se envía mensaje.
⚠️ 50235245779: sin contenido relevante → no se envía mensaje.
⚠️ 50246532572: sin contenido relevante → no se envía mensaje.
📡 Enviando mensaje vía API local del bot...
❌ Error al enviar mensaje vía API local: HTTP 500 Attempted to use detached Frame '1D58C8B85B5C234684E64AEF756531F1'.
❌ Error enviando a 50249313997: HTTP 500 Attempted to use detached Frame '1D58C8B85B5C234684E64AEF756531F1'.
📡 Enviando mensaje vía API local del bot...
❌ Error al enviar mensaje vía API local: HTTP 500 Attempted to use detached Frame '1D58C8B85B5C234684E64AEF756531F1'.
❌ Error enviando a 50247685876: HTTP 500 Attempted to use detached Frame '1D58C8B85B5C234684E64AEF756531F1'.
⚠️ 50246032841: sin contenido relevante → no se envía mensaje.
⚠️ 50255585677: sin contenido relevante → no se envía mensaje.
📡 Enviando mensaje vía API local del bot...
❌ Error al enviar mensaje vía API local: HTTP 500 Attempted to use detached Frame '1D58C8B85B5C234684E64AEF756531F1'.
⚠️ No se pudo enviar resumen al admin: HTTP 500 Attempted to use detached Frame '1D58C8B85B5C234684E64AEF756531F1'.
🟢 Finalizado y DB cerrada.
[dotenv@17.2.3] injecting env (10) from ../.env -- tip: ⚙️  specify custom .env file path with { path: '/custom/path/.env' }
[dotenv@17.2.3] injecting env (0) from .env -- tip: ✅ audit secrets and track compliance: https://dotenvx.com/ops
[dotenv@17.2.3] injecting env (0) from ../.env -- tip: ⚙️  write to custom object with { processEnv: myObject }
[dotenv@17.2.3] injecting env (0) from .env -- tip: 🔐 prevent building .env in docker: https://dotenvx.com/prebuild
🕓 Iniciando envío automático de noticias diarias...

🗂️ Departamentos con notas hoy: [
  'Congreso',
  'Guatemala',
  'Portada',
  'Concejos municipales',
  'Noticias',
  'Quetzaltenango',
  'Sacatepéquez',
  'Zacapa',
  'GuatemalaLeaks'
]
📊 OjoAlDato cargado: {
  fecha: '27/11/2025',
  departamento: 'Alta Verapaz',
  texto: 'La municipalidad de Chisec, Alta Verapaz, adjudicó Q 23,985.00 a Elías Mantoufe por el pago de luces navideñas para la decoración de instalaciones del parque central y edificio municipal.'
}
👥 Suscriptores activos: 29
⚠️ 50432745042: sin contenido relevante → no se envía mensaje.
📡 Enviando mensaje vía API local del bot...
❌ Error al enviar mensaje vía API local: HTTP 500 Attempted to use detached Frame '1D58C8B85B5C234684E64AEF756531F1'.
❌ Error enviando a 50255629247: HTTP 500 Attempted to use detached Frame '1D58C8B85B5C234684E64AEF756531F1'.
⚠️ 50254747827: sin contenido relevante → no se envía mensaje.
⚠️ 50254827902: sin contenido relevante → no se envía mensaje.
📡 Enviando mensaje vía API local del bot...
❌ Error al enviar mensaje vía API local: HTTP 500 Attempted to use detached Frame '1D58C8B85B5C234684E64AEF756531F1'.
❌ Error enviando a 50257049220: HTTP 500 Attempted to use detached Frame '1D58C8B85B5C234684E64AEF756531F1'.
⚠️ 50230080060: sin contenido relevante → no se envía mensaje.
📡 Enviando mensaje vía API local del bot...
❌ Error al enviar mensaje vía API local: HTTP 500 Attempted to use detached Frame '1D58C8B85B5C234684E64AEF756531F1'.
❌ Error enviando a 50247858363: HTTP 500 Attempted to use detached Frame '1D58C8B85B5C234684E64AEF756531F1'.
📡 Enviando mensaje vía API local del bot...
❌ Error al enviar mensaje vía API local: HTTP 500 Attempted to use detached Frame '1D58C8B85B5C234684E64AEF756531F1'.
❌ Error enviando a 50232050537: HTTP 500 Attempted to use detached Frame '1D58C8B85B5C234684E64AEF756531F1'.
📡 Enviando mensaje vía API local del bot...
❌ Error al enviar mensaje vía API local: HTTP 500 Attempted to use detached Frame '1D58C8B85B5C234684E64AEF756531F1'.
❌ Error enviando a 50253460168: HTTP 500 Attempted to use detached Frame '1D58C8B85B5C234684E64AEF756531F1'.
📡 Enviando mensaje vía API local del bot...
❌ Error al enviar mensaje vía API local: HTTP 500 Attempted to use detached Frame '1D58C8B85B5C234684E64AEF756531F1'.
❌ Error enviando a 50230465423: HTTP 500 Attempted to use detached Frame '1D58C8B85B5C234684E64AEF756531F1'.
📡 Enviando mensaje vía API local del bot...
❌ Error al enviar mensaje vía API local: HTTP 500 Attempted to use detached Frame '1D58C8B85B5C234684E64AEF756531F1'.
❌ Error enviando a 50253065146: HTTP 500 Attempted to use detached Frame '1D58C8B85B5C234684E64AEF756531F1'.
📡 Enviando mensaje vía API local del bot...
❌ Error al enviar mensaje vía API local: HTTP 500 Attempted to use detached Frame '1D58C8B85B5C234684E64AEF756531F1'.
❌ Error enviando a 50255284110: HTTP 500 Attempted to use detached Frame '1D58C8B85B5C234684E64AEF756531F1'.
⚠️ 50254210055: sin contenido relevante → no se envía mensaje.
⚠️ 50255294247: sin contenido relevante → no se envía mensaje.
📡 Enviando mensaje vía API local del bot...
❌ Error al enviar mensaje vía API local: HTTP 500 Attempted to use detached Frame '1D58C8B85B5C234684E64AEF756531F1'.
❌ Error enviando a 50237330000: HTTP 500 Attempted to use detached Frame '1D58C8B85B5C234684E64AEF756531F1'.
📡 Enviando mensaje vía API local del bot...
❌ Error al enviar mensaje vía API local: HTTP 500 Attempted to use detached Frame '1D58C8B85B5C234684E64AEF756531F1'.
❌ Error enviando a 50245491953: HTTP 500 Attempted to use detached Frame '1D58C8B85B5C234684E64AEF756531F1'.
📡 Enviando mensaje vía API local del bot...
❌ Error al enviar mensaje vía API local: HTTP 500 Attempted to use detached Frame '1D58C8B85B5C234684E64AEF756531F1'.
❌ Error enviando a 50257186094: HTTP 500 Attempted to use detached Frame '1D58C8B85B5C234684E64AEF756531F1'.
📡 Enviando mensaje vía API local del bot...
❌ Error al enviar mensaje vía API local: HTTP 500 Attempted to use detached Frame '1D58C8B85B5C234684E64AEF756531F1'.
❌ Error enviando a 50257171707: HTTP 500 Attempted to use detached Frame '1D58C8B85B5C234684E64AEF756531F1'.
📡 Enviando mensaje vía API local del bot...
❌ Error al enviar mensaje vía API local: HTTP 500 Attempted to use detached Frame '1D58C8B85B5C234684E64AEF756531F1'.
❌ Error enviando a 50233610326: HTTP 500 Attempted to use detached Frame '1D58C8B85B5C234684E64AEF756531F1'.
📡 Enviando mensaje vía API local del bot...
❌ Error al enviar mensaje vía API local: HTTP 500 Attempted to use detached Frame '1D58C8B85B5C234684E64AEF756531F1'.
❌ Error enviando a 50259906516: HTTP 500 Attempted to use detached Frame '1D58C8B85B5C234684E64AEF756531F1'.
📡 Enviando mensaje vía API local del bot...
❌ Error al enviar mensaje vía API local: HTTP 500 Attempted to use detached Frame '1D58C8B85B5C234684E64AEF756531F1'.
❌ Error enviando a 50250190948: HTTP 500 Attempted to use detached Frame '1D58C8B85B5C234684E64AEF756531F1'.
📡 Enviando mensaje vía API local del bot...
❌ Error al enviar mensaje vía API local: HTTP 500 Attempted to use detached Frame '1D58C8B85B5C234684E64AEF756531F1'.
❌ Error enviando a 50254263749: HTTP 500 Attempted to use detached Frame '1D58C8B85B5C234684E64AEF756531F1'.
📡 Enviando mensaje vía API local del bot...
❌ Error al enviar mensaje vía API local: HTTP 500 Attempted to use detached Frame '1D58C8B85B5C234684E64AEF756531F1'.
❌ Error enviando a 50249728550: HTTP 500 Attempted to use detached Frame '1D58C8B85B5C234684E64AEF756531F1'.
📡 Enviando mensaje vía API local del bot...
❌ Error al enviar mensaje vía API local: HTTP 500 Attempted to use detached Frame '1D58C8B85B5C234684E64AEF756531F1'.
❌ Error enviando a 50235245779: HTTP 500 Attempted to use detached Frame '1D58C8B85B5C234684E64AEF756531F1'.
📡 Enviando mensaje vía API local del bot...
❌ Error al enviar mensaje vía API local: HTTP 500 Attempted to use detached Frame '1D58C8B85B5C234684E64AEF756531F1'.
❌ Error enviando a 50246532572: HTTP 500 Attempted to use detached Frame '1D58C8B85B5C234684E64AEF756531F1'.
📡 Enviando mensaje vía API local del bot...
❌ Error al enviar mensaje vía API local: HTTP 500 Attempted to use detached Frame '1D58C8B85B5C234684E64AEF756531F1'.
❌ Error enviando a 50249313997: HTTP 500 Attempted to use detached Frame '1D58C8B85B5C234684E64AEF756531F1'.
📡 Enviando mensaje vía API local del bot...
❌ Error al enviar mensaje vía API local: HTTP 500 Attempted to use detached Frame '1D58C8B85B5C234684E64AEF756531F1'.
❌ Error enviando a 50247685876: HTTP 500 Attempted to use detached Frame '1D58C8B85B5C234684E64AEF756531F1'.
⚠️ 50246032841: sin contenido relevante → no se envía mensaje.
📡 Enviando mensaje vía API local del bot...
❌ Error al enviar mensaje vía API local: HTTP 500 Attempted to use detached Frame '1D58C8B85B5C234684E64AEF756531F1'.
❌ Error enviando a 50255585677: HTTP 500 Attempted to use detached Frame '1D58C8B85B5C234684E64AEF756531F1'.
📡 Enviando mensaje vía API local del bot...
❌ Error al enviar mensaje vía API local: HTTP 500 Attempted to use detached Frame '1D58C8B85B5C234684E64AEF756531F1'.
⚠️ No se pudo enviar resumen al admin: HTTP 500 Attempted to use detached Frame '1D58C8B85B5C234684E64AEF756531F1'.
🟢 Finalizado y DB cerrada.
[dotenv@17.2.3] injecting env (10) from ../.env -- tip: ✅ audit secrets and track compliance: https://dotenvx.com/ops
[dotenv@17.2.3] injecting env (0) from .env -- tip: 🔄 add secrets lifecycle management: https://dotenvx.com/ops
[dotenv@17.2.3] injecting env (0) from .env -- tip: ⚙️  specify custom .env file path with { path: '/custom/path/.env' }
🗓️ Iniciando envío semanal consolidado...

🗂️ Temas esta semana: [
  'concejos municipales',
  'congreso',
  'consejos de desarrollo',
  'movilidad'
]
📡 Enviando mensaje vía API local del bot...
✅ Mensaje enviado a 50255629247 vía bot activo
✅ Enviado a 50255629247
📡 Enviando mensaje vía API local del bot...
✅ Mensaje enviado a 50254747827 vía bot activo
✅ Enviado a 50254747827
📡 Enviando mensaje vía API local del bot...
✅ Mensaje enviado a 50254827902 vía bot activo
✅ Enviado a 50254827902
📡 Enviando mensaje vía API local del bot...
✅ Mensaje enviado a 50257049220 vía bot activo
✅ Enviado a 50257049220
📡 Enviando mensaje vía API local del bot...
✅ Mensaje enviado a 50230080060 vía bot activo
✅ Enviado a 50230080060
📡 Enviando mensaje vía API local del bot...
✅ Mensaje enviado a 50247858363 vía bot activo
✅ Enviado a 50247858363
📡 Enviando mensaje vía API local del bot...
✅ Mensaje enviado a 50232050537 vía bot activo
✅ Enviado a 50232050537
📡 Enviando mensaje vía API local del bot...
✅ Mensaje enviado a 50253460168 vía bot activo
✅ Enviado a 50253460168
📡 Enviando mensaje vía API local del bot...
✅ Mensaje enviado a 50230465423 vía bot activo
✅ Enviado a 50230465423
📡 Enviando mensaje vía API local del bot...
✅ Mensaje enviado a 50253065146 vía bot activo
✅ Enviado a 50253065146
📡 Enviando mensaje vía API local del bot...
✅ Mensaje enviado a 50255284110 vía bot activo
✅ Enviado a 50255284110
📡 Enviando mensaje vía API local del bot...
✅ Mensaje enviado a 50254210055 vía bot activo
✅ Enviado a 50254210055
📡 Enviando mensaje vía API local del bot...
✅ Mensaje enviado a 50255294247 vía bot activo
✅ Enviado a 50255294247
📡 Enviando mensaje vía API local del bot...
✅ Mensaje enviado a 50237330000 vía bot activo
✅ Enviado a 50237330000
📡 Enviando mensaje vía API local del bot...
✅ Mensaje enviado a 50245491953 vía bot activo
✅ Enviado a 50245491953
📡 Enviando mensaje vía API local del bot...
✅ Mensaje enviado a 50257186094 vía bot activo
✅ Enviado a 50257186094
📡 Enviando mensaje vía API local del bot...
✅ Mensaje enviado a 50257171707 vía bot activo
✅ Enviado a 50257171707
📡 Enviando mensaje vía API local del bot...
✅ Mensaje enviado a 50233610326 vía bot activo
✅ Enviado a 50233610326
📡 Enviando mensaje vía API local del bot...
✅ Mensaje enviado a 50259906516 vía bot activo
✅ Enviado a 50259906516
📡 Enviando mensaje vía API local del bot...
✅ Mensaje enviado a 50250190948 vía bot activo
✅ Enviado a 50250190948
📡 Enviando mensaje vía API local del bot...
✅ Mensaje enviado a 50254263749 vía bot activo
✅ Enviado a 50254263749
📡 Enviando mensaje vía API local del bot...
✅ Mensaje enviado a 50249728550 vía bot activo
✅ Enviado a 50249728550
📡 Enviando mensaje vía API local del bot...
✅ Mensaje enviado a 50235245779 vía bot activo
✅ Enviado a 50235245779
📡 Enviando mensaje vía API local del bot...
✅ Mensaje enviado a 50246532572 vía bot activo
✅ Enviado a 50246532572
📡 Enviando mensaje vía API local del bot...
✅ Mensaje enviado a 50249313997 vía bot activo
✅ Enviado a 50249313997
📡 Enviando mensaje vía API local del bot...
✅ Mensaje enviado a 50247685876 vía bot activo
✅ Enviado a 50247685876
📡 Enviando mensaje vía API local del bot...
✅ Mensaje enviado a 50246032841 vía bot activo
✅ Enviado a 50246032841
📡 Enviando mensaje vía API local del bot...
✅ Mensaje enviado a 50255585677 vía bot activo
✅ Enviado a 50255585677
📡 Enviando mensaje vía API local del bot...
✅ Mensaje enviado a 50255629247 vía bot activo

🟢 Finalizado.
[dotenv@17.2.3] injecting env (10) from ../.env -- tip: 🔐 prevent committing .env to code: https://dotenvx.com/precommit
[dotenv@17.2.3] injecting env (0) from .env -- tip: 🔐 prevent committing .env to code: https://dotenvx.com/precommit
[dotenv@17.2.3] injecting env (0) from ../.env -- tip: ✅ audit secrets and track compliance: https://dotenvx.com/ops
[dotenv@17.2.3] injecting env (0) from .env -- tip: 🔐 encrypt with Dotenvx: https://dotenvx.com
🕓 Iniciando envío automático de noticias diarias...

🗂️ Departamentos con notas hoy: [
  'Concejos municipales',
  'Guatemala',
  'Noticias',
  'Portada',
  'GuatemalaLeaks'
]
📊 OjoAlDato cargado: {
  fecha: '1/12/2025',
  departamento: 'San Marcos',
  texto: 'La municipalidad de Nuevo Progreso, San Marcos pagó a Óscar Yovani Samayoa López Q140,000 por dos horas de presentación de Los Ángeles de Charly y Q30,000 por 25 minutos de fuegos pirotécnicos para el 11 de diciembre de 2025. El contrato suma Q170,000 (NPG: E573246548). El proveedor empezó a vender en 2024 y, hasta ahora, solo le ha vendido a esta municipalidad.'
}
👥 Suscriptores activos: 32
⚠️ 50432745042: sin contenido relevante → no se envía mensaje.
📡 Enviando mensaje vía API local del bot...
✅ Mensaje enviado a 50255629247 vía bot activo
✅ Enviado a 50255629247
⚠️ 50254747827: sin contenido relevante → no se envía mensaje.
⚠️ 50254827902: sin contenido relevante → no se envía mensaje.
📡 Enviando mensaje vía API local del bot...
✅ Mensaje enviado a 50257049220 vía bot activo
✅ Enviado a 50257049220
⚠️ 50230080060: sin contenido relevante → no se envía mensaje.
⚠️ 50247858363: sin contenido relevante → no se envía mensaje.
📡 Enviando mensaje vía API local del bot...
✅ Mensaje enviado a 50232050537 vía bot activo
✅ Enviado a 50232050537
📡 Enviando mensaje vía API local del bot...
✅ Mensaje enviado a 50253460168 vía bot activo
✅ Enviado a 50253460168
⚠️ 50230465423: sin contenido relevante → no se envía mensaje.
⚠️ 50253065146: sin contenido relevante → no se envía mensaje.
📡 Enviando mensaje vía API local del bot...
✅ Mensaje enviado a 50255284110 vía bot activo
✅ Enviado a 50255284110
⚠️ 50254210055: sin contenido relevante → no se envía mensaje.
⚠️ 50255294247: sin contenido relevante → no se envía mensaje.
📡 Enviando mensaje vía API local del bot...
✅ Mensaje enviado a 50237330000 vía bot activo
✅ Enviado a 50237330000
📡 Enviando mensaje vía API local del bot...
✅ Mensaje enviado a 50245491953 vía bot activo
✅ Enviado a 50245491953
📡 Enviando mensaje vía API local del bot...
✅ Mensaje enviado a 50257186094 vía bot activo
✅ Enviado a 50257186094
⚠️ 50257171707: sin contenido relevante → no se envía mensaje.
📡 Enviando mensaje vía API local del bot...
✅ Mensaje enviado a 50233610326 vía bot activo
✅ Enviado a 50233610326
📡 Enviando mensaje vía API local del bot...
✅ Mensaje enviado a 50259906516 vía bot activo
✅ Enviado a 50259906516
⚠️ 50250190948: sin contenido relevante → no se envía mensaje.
📡 Enviando mensaje vía API local del bot...
✅ Mensaje enviado a 50254263749 vía bot activo
✅ Enviado a 50254263749
📡 Enviando mensaje vía API local del bot...
✅ Mensaje enviado a 50249728550 vía bot activo
✅ Enviado a 50249728550
📡 Enviando mensaje vía API local del bot...
✅ Mensaje enviado a 50235245779 vía bot activo
✅ Enviado a 50235245779
📡 Enviando mensaje vía API local del bot...
✅ Mensaje enviado a 50246532572 vía bot activo
✅ Enviado a 50246532572
⚠️ 50249313997: sin contenido relevante → no se envía mensaje.
📡 Enviando mensaje vía API local del bot...
✅ Mensaje enviado a 50247685876 vía bot activo
✅ Enviado a 50247685876
⚠️ 50246032841: sin contenido relevante → no se envía mensaje.
📡 Enviando mensaje vía API local del bot...
✅ Mensaje enviado a 50255585677 vía bot activo
✅ Enviado a 50255585677
⚠️ 50253556299: sin contenido relevante → no se envía mensaje.
📡 Enviando mensaje vía API local del bot...
✅ Mensaje enviado a 50254608098 vía bot activo
✅ Enviado a 50254608098
📡 Enviando mensaje vía API local del bot...
✅ Mensaje enviado a 50236405651 vía bot activo
✅ Enviado a 50236405651
📡 Enviando mensaje vía API local del bot...
✅ Mensaje enviado a 50255629247 vía bot activo
🟢 Finalizado y DB cerrada.
[dotenv@17.2.3] injecting env (10) from ../.env -- tip: 🔄 add secrets lifecycle management: https://dotenvx.com/ops
[dotenv@17.2.3] injecting env (0) from .env -- tip: ✅ audit secrets and track compliance: https://dotenvx.com/ops
[dotenv@17.2.3] injecting env (0) from ../.env -- tip: ⚙️  suppress all logs with { quiet: true }
[dotenv@17.2.3] injecting env (0) from .env -- tip: 🔄 add secrets lifecycle management: https://dotenvx.com/ops
🕓 Iniciando envío automático de noticias diarias...

🗂️ Departamentos con notas hoy: [
  'Concejos municipales',
  'Noticias',
  'Portada',
  'Quetzaltenango',
  'Zacapa'
]
📊 OjoAlDato cargado: {
  fecha: '2/12/2025',
  departamento: 'Sacatepéquez',
  texto: 'La municipalidad de San Lucas Sacatepéquez pagó Q9,960 a Zoila Reyna Barrios Ravanales por la compra de 24 camisas y 24 pantalones con cinta reflectiva para el personal de nuevo ingreso al Departamento de la Policía Municipal de Tránsito (NPG: E572701586).'
}
👥 Suscriptores activos: 32
⚠️ 50432745042: sin contenido relevante → no se envía mensaje.
⚠️ 50255629247: sin contenido relevante → no se envía mensaje.
⚠️ 50254747827: sin contenido relevante → no se envía mensaje.
⚠️ 50254827902: sin contenido relevante → no se envía mensaje.
📡 Enviando mensaje vía API local del bot...
✅ Mensaje enviado a 50257049220 vía bot activo
✅ Enviado a 50257049220
⚠️ 50230080060: sin contenido relevante → no se envía mensaje.
📡 Enviando mensaje vía API local del bot...
✅ Mensaje enviado a 50247858363 vía bot activo
✅ Enviado a 50247858363
📡 Enviando mensaje vía API local del bot...
✅ Mensaje enviado a 50232050537 vía bot activo
✅ Enviado a 50232050537
⚠️ 50253460168: sin contenido relevante → no se envía mensaje.
📡 Enviando mensaje vía API local del bot...
✅ Mensaje enviado a 50230465423 vía bot activo
✅ Enviado a 50230465423
⚠️ 50253065146: sin contenido relevante → no se envía mensaje.
⚠️ 50255284110: sin contenido relevante → no se envía mensaje.
⚠️ 50254210055: sin contenido relevante → no se envía mensaje.
⚠️ 50255294247: sin contenido relevante → no se envía mensaje.
⚠️ 50237330000: sin contenido relevante → no se envía mensaje.
⚠️ 50245491953: sin contenido relevante → no se envía mensaje.
⚠️ 50257186094: sin contenido relevante → no se envía mensaje.
📡 Enviando mensaje vía API local del bot...
✅ Mensaje enviado a 50257171707 vía bot activo
✅ Enviado a 50257171707
📡 Enviando mensaje vía API local del bot...
✅ Mensaje enviado a 50233610326 vía bot activo
✅ Enviado a 50233610326
⚠️ 50259906516: sin contenido relevante → no se envía mensaje.
📡 Enviando mensaje vía API local del bot...
✅ Mensaje enviado a 50250190948 vía bot activo
✅ Enviado a 50250190948
⚠️ 50254263749: sin contenido relevante → no se envía mensaje.
⚠️ 50249728550: sin contenido relevante → no se envía mensaje.
📡 Enviando mensaje vía API local del bot...
✅ Mensaje enviado a 50235245779 vía bot activo
✅ Enviado a 50235245779
⚠️ 50246532572: sin contenido relevante → no se envía mensaje.
⚠️ 50249313997: sin contenido relevante → no se envía mensaje.
📡 Enviando mensaje vía API local del bot...
✅ Mensaje enviado a 50247685876 vía bot activo
✅ Enviado a 50247685876
⚠️ 50246032841: sin contenido relevante → no se envía mensaje.
⚠️ 50255585677: sin contenido relevante → no se envía mensaje.
📡 Enviando mensaje vía API local del bot...
✅ Mensaje enviado a 50253556299 vía bot activo
✅ Enviado a 50253556299
📡 Enviando mensaje vía API local del bot...
✅ Mensaje enviado a 50254608098 vía bot activo
✅ Enviado a 50254608098
⚠️ 50236405651: sin contenido relevante → no se envía mensaje.
📡 Enviando mensaje vía API local del bot...
✅ Mensaje enviado a 50255629247 vía bot activo
🟢 Finalizado y DB cerrada.
[dotenv@17.2.3] injecting env (10) from ../.env -- tip: 🛠️  run anywhere with `dotenvx run -- yourcommand`
[dotenv@17.2.3] injecting env (0) from .env -- tip: ✅ audit secrets and track compliance: https://dotenvx.com/ops
[dotenv@17.2.3] injecting env (0) from ../.env -- tip: ⚙️  specify custom .env file path with { path: '/custom/path/.env' }
[dotenv@17.2.3] injecting env (0) from .env -- tip: 🛠️  run anywhere with `dotenvx run -- yourcommand`
🕓 Iniciando envío automático de noticias diarias...

🗂️ Departamentos con notas hoy: [
  'Consejos de Desarrollo',
  'Guatemala',
  'Noticias',
  'Portada',
  'Zacapa'
]
📊 OjoAlDato cargado: {
  fecha: '3/12/2025',
  departamento: 'Chimaltenango',
  texto: 'La municipalidad de Acatenango, Chimaltenango compró 4 cámaras IP PTZ y 4 cámaras tipo bullet, por un total de Q24,332 a Avion Company, S.A. (NPG: E572218869).'
}
👥 Suscriptores activos: 33
⚠️ 50432745042: sin contenido relevante → no se envía mensaje.
📡 Enviando mensaje vía API local del bot...
✅ Mensaje enviado a 50255629247 vía bot activo
✅ Enviado a 50255629247
⚠️ 50254747827: sin contenido relevante → no se envía mensaje.
⚠️ 50254827902: sin contenido relevante → no se envía mensaje.
📡 Enviando mensaje vía API local del bot...
✅ Mensaje enviado a 50257049220 vía bot activo
✅ Enviado a 50257049220
⚠️ 50230080060: sin contenido relevante → no se envía mensaje.
⚠️ 50247858363: sin contenido relevante → no se envía mensaje.
⚠️ 50232050537: sin contenido relevante → no se envía mensaje.
📡 Enviando mensaje vía API local del bot...
✅ Mensaje enviado a 50253460168 vía bot activo
✅ Enviado a 50253460168
📡 Enviando mensaje vía API local del bot...
✅ Mensaje enviado a 50230465423 vía bot activo
✅ Enviado a 50230465423
⚠️ 50253065146: sin contenido relevante → no se envía mensaje.
📡 Enviando mensaje vía API local del bot...
✅ Mensaje enviado a 50255284110 vía bot activo
✅ Enviado a 50255284110
⚠️ 50254210055: sin contenido relevante → no se envía mensaje.
⚠️ 50255294247: sin contenido relevante → no se envía mensaje.
📡 Enviando mensaje vía API local del bot...
✅ Mensaje enviado a 50237330000 vía bot activo
✅ Enviado a 50237330000
📡 Enviando mensaje vía API local del bot...
✅ Mensaje enviado a 50245491953 vía bot activo
✅ Enviado a 50245491953
📡 Enviando mensaje vía API local del bot...
✅ Mensaje enviado a 50257186094 vía bot activo
✅ Enviado a 50257186094
⚠️ 50257171707: sin contenido relevante → no se envía mensaje.
📡 Enviando mensaje vía API local del bot...
✅ Mensaje enviado a 50233610326 vía bot activo
✅ Enviado a 50233610326
📡 Enviando mensaje vía API local del bot...
✅ Mensaje enviado a 50259906516 vía bot activo
✅ Enviado a 50259906516
⚠️ 50250190948: sin contenido relevante → no se envía mensaje.
📡 Enviando mensaje vía API local del bot...
✅ Mensaje enviado a 50254263749 vía bot activo
✅ Enviado a 50254263749
📡 Enviando mensaje vía API local del bot...
✅ Mensaje enviado a 50249728550 vía bot activo
✅ Enviado a 50249728550
📡 Enviando mensaje vía API local del bot...
✅ Mensaje enviado a 50235245779 vía bot activo
✅ Enviado a 50235245779
📡 Enviando mensaje vía API local del bot...
✅ Mensaje enviado a 50246532572 vía bot activo
✅ Enviado a 50246532572
⚠️ 50249313997: sin contenido relevante → no se envía mensaje.
📡 Enviando mensaje vía API local del bot...
✅ Mensaje enviado a 50247685876 vía bot activo
✅ Enviado a 50247685876
⚠️ 50246032841: sin contenido relevante → no se envía mensaje.
📡 Enviando mensaje vía API local del bot...
✅ Mensaje enviado a 50255585677 vía bot activo
✅ Enviado a 50255585677
📡 Enviando mensaje vía API local del bot...
✅ Mensaje enviado a 50253556299 vía bot activo
✅ Enviado a 50253556299
📡 Enviando mensaje vía API local del bot...
✅ Mensaje enviado a 50254608098 vía bot activo
✅ Enviado a 50254608098
📡 Enviando mensaje vía API local del bot...
✅ Mensaje enviado a 50236405651 vía bot activo
✅ Enviado a 50236405651
⚠️ 50258261871: sin contenido relevante → no se envía mensaje.
📡 Enviando mensaje vía API local del bot...
✅ Mensaje enviado a 50255629247 vía bot activo
🟢 Finalizado y DB cerrada.
[dotenv@17.2.3] injecting env (10) from ../.env -- tip: ⚙️  suppress all logs with { quiet: true }
[dotenv@17.2.3] injecting env (0) from .env -- tip: ⚙️  override existing env vars with { override: true }
[dotenv@17.2.3] injecting env (0) from ../.env -- tip: 🔐 prevent committing .env to code: https://dotenvx.com/precommit
[dotenv@17.2.3] injecting env (0) from .env -- tip: 🔑 add access controls to secrets: https://dotenvx.com/ops
🕓 Iniciando envío automático de noticias diarias...

🗂️ Departamentos con notas hoy: [ 'Guatemala', 'Noticias', 'Portada', 'GuatemalaLeaks' ]
📊 OjoAlDato cargado: {
  fecha: '4/12/2025',
  departamento: 'Jutiapa',
  texto: 'En dos compras, la municipalidad de Agua Blanca, Jutiapa pagó Q22,500 cada una, Q45,000 en total, a Marlon Gilberto Torón Ovando por servicios de juegos infantiles para celebrar el Día del Niño (NPG: E572525621 y E572524161).'
}
👥 Suscriptores activos: 33
⚠️ 50432745042: sin contenido relevante → no se envía mensaje.
📡 Enviando mensaje vía API local del bot...
✅ Mensaje enviado a 50255629247 vía bot activo
✅ Enviado a 50255629247
⚠️ 50254747827: sin contenido relevante → no se envía mensaje.
⚠️ 50254827902: sin contenido relevante → no se envía mensaje.
📡 Enviando mensaje vía API local del bot...
✅ Mensaje enviado a 50257049220 vía bot activo
✅ Enviado a 50257049220
⚠️ 50230080060: sin contenido relevante → no se envía mensaje.
⚠️ 50247858363: sin contenido relevante → no se envía mensaje.
⚠️ 50232050537: sin contenido relevante → no se envía mensaje.
📡 Enviando mensaje vía API local del bot...
✅ Mensaje enviado a 50253460168 vía bot activo
✅ Enviado a 50253460168
⚠️ 50230465423: sin contenido relevante → no se envía mensaje.
⚠️ 50253065146: sin contenido relevante → no se envía mensaje.
📡 Enviando mensaje vía API local del bot...
✅ Mensaje enviado a 50255284110 vía bot activo
✅ Enviado a 50255284110
⚠️ 50254210055: sin contenido relevante → no se envía mensaje.
⚠️ 50255294247: sin contenido relevante → no se envía mensaje.
📡 Enviando mensaje vía API local del bot...
✅ Mensaje enviado a 50237330000 vía bot activo
✅ Enviado a 50237330000
📡 Enviando mensaje vía API local del bot...
✅ Mensaje enviado a 50245491953 vía bot activo
✅ Enviado a 50245491953
📡 Enviando mensaje vía API local del bot...
✅ Mensaje enviado a 50257186094 vía bot activo
✅ Enviado a 50257186094
⚠️ 50257171707: sin contenido relevante → no se envía mensaje.
📡 Enviando mensaje vía API local del bot...
✅ Mensaje enviado a 50233610326 vía bot activo
✅ Enviado a 50233610326
📡 Enviando mensaje vía API local del bot...
✅ Mensaje enviado a 50259906516 vía bot activo
✅ Enviado a 50259906516
⚠️ 50250190948: sin contenido relevante → no se envía mensaje.
📡 Enviando mensaje vía API local del bot...
✅ Mensaje enviado a 50254263749 vía bot activo
✅ Enviado a 50254263749
📡 Enviando mensaje vía API local del bot...
✅ Mensaje enviado a 50249728550 vía bot activo
✅ Enviado a 50249728550
📡 Enviando mensaje vía API local del bot...
✅ Mensaje enviado a 50235245779 vía bot activo
✅ Enviado a 50235245779
📡 Enviando mensaje vía API local del bot...
✅ Mensaje enviado a 50246532572 vía bot activo
✅ Enviado a 50246532572
📡 Enviando mensaje vía API local del bot...
✅ Mensaje enviado a 50249313997 vía bot activo
✅ Enviado a 50249313997
📡 Enviando mensaje vía API local del bot...
✅ Mensaje enviado a 50247685876 vía bot activo
✅ Enviado a 50247685876
⚠️ 50246032841: sin contenido relevante → no se envía mensaje.
📡 Enviando mensaje vía API local del bot...
✅ Mensaje enviado a 50255585677 vía bot activo
✅ Enviado a 50255585677
⚠️ 50253556299: sin contenido relevante → no se envía mensaje.
📡 Enviando mensaje vía API local del bot...
✅ Mensaje enviado a 50254608098 vía bot activo
✅ Enviado a 50254608098
📡 Enviando mensaje vía API local del bot...
✅ Mensaje enviado a 50236405651 vía bot activo
✅ Enviado a 50236405651
⚠️ 50258261871: sin contenido relevante → no se envía mensaje.
📡 Enviando mensaje vía API local del bot...
✅ Mensaje enviado a 50255629247 vía bot activo
🟢 Finalizado y DB cerrada.
[dotenv@17.2.3] injecting env (10) from ../.env -- tip: 🔐 prevent committing .env to code: https://dotenvx.com/precommit
[dotenv@17.2.3] injecting env (0) from .env -- tip: 📡 add observability to secrets: https://dotenvx.com/ops
[dotenv@17.2.3] injecting env (0) from .env -- tip: 🔐 prevent building .env in docker: https://dotenvx.com/prebuild
🗓️ Iniciando envío semanal consolidado...

🗂️ Temas esta semana: [ 'concejos municipales', 'consejos de desarrollo' ]
📡 Enviando mensaje vía API local del bot...
✅ Mensaje enviado a 50255629247 vía bot activo
✅ Enviado a 50255629247
📡 Enviando mensaje vía API local del bot...
✅ Mensaje enviado a 50254747827 vía bot activo
✅ Enviado a 50254747827
⚠️ 50254827902: sin contenido → no se envía.
📡 Enviando mensaje vía API local del bot...
✅ Mensaje enviado a 50257049220 vía bot activo
✅ Enviado a 50257049220
📡 Enviando mensaje vía API local del bot...
✅ Mensaje enviado a 50230080060 vía bot activo
✅ Enviado a 50230080060
📡 Enviando mensaje vía API local del bot...
✅ Mensaje enviado a 50247858363 vía bot activo
✅ Enviado a 50247858363
📡 Enviando mensaje vía API local del bot...
✅ Mensaje enviado a 50232050537 vía bot activo
✅ Enviado a 50232050537
📡 Enviando mensaje vía API local del bot...
✅ Mensaje enviado a 50253460168 vía bot activo
✅ Enviado a 50253460168
⚠️ 50230465423: sin contenido → no se envía.
📡 Enviando mensaje vía API local del bot...
✅ Mensaje enviado a 50253065146 vía bot activo
✅ Enviado a 50253065146
📡 Enviando mensaje vía API local del bot...
✅ Mensaje enviado a 50255284110 vía bot activo
✅ Enviado a 50255284110
📡 Enviando mensaje vía API local del bot...
✅ Mensaje enviado a 50254210055 vía bot activo
✅ Enviado a 50254210055
📡 Enviando mensaje vía API local del bot...
✅ Mensaje enviado a 50255294247 vía bot activo
✅ Enviado a 50255294247
📡 Enviando mensaje vía API local del bot...
✅ Mensaje enviado a 50237330000 vía bot activo
✅ Enviado a 50237330000
📡 Enviando mensaje vía API local del bot...
✅ Mensaje enviado a 50245491953 vía bot activo
✅ Enviado a 50245491953
📡 Enviando mensaje vía API local del bot...
✅ Mensaje enviado a 50257186094 vía bot activo
✅ Enviado a 50257186094
📡 Enviando mensaje vía API local del bot...
✅ Mensaje enviado a 50257171707 vía bot activo
✅ Enviado a 50257171707
📡 Enviando mensaje vía API local del bot...
✅ Mensaje enviado a 50233610326 vía bot activo
✅ Enviado a 50233610326
📡 Enviando mensaje vía API local del bot...
✅ Mensaje enviado a 50259906516 vía bot activo
✅ Enviado a 50259906516
📡 Enviando mensaje vía API local del bot...
✅ Mensaje enviado a 50250190948 vía bot activo
✅ Enviado a 50250190948
📡 Enviando mensaje vía API local del bot...
✅ Mensaje enviado a 50254263749 vía bot activo
✅ Enviado a 50254263749
📡 Enviando mensaje vía API local del bot...
✅ Mensaje enviado a 50249728550 vía bot activo
✅ Enviado a 50249728550
📡 Enviando mensaje vía API local del bot...
✅ Mensaje enviado a 50235245779 vía bot activo
✅ Enviado a 50235245779
📡 Enviando mensaje vía API local del bot...
✅ Mensaje enviado a 50246532572 vía bot activo
✅ Enviado a 50246532572
📡 Enviando mensaje vía API local del bot...
✅ Mensaje enviado a 50249313997 vía bot activo
✅ Enviado a 50249313997
📡 Enviando mensaje vía API local del bot...
✅ Mensaje enviado a 50247685876 vía bot activo
✅ Enviado a 50247685876
⚠️ 50246032841: sin contenido → no se envía.
📡 Enviando mensaje vía API local del bot...
✅ Mensaje enviado a 50255585677 vía bot activo
✅ Enviado a 50255585677
📡 Enviando mensaje vía API local del bot...
✅ Mensaje enviado a 50253556299 vía bot activo
✅ Enviado a 50253556299
📡 Enviando mensaje vía API local del bot...
✅ Mensaje enviado a 50254608098 vía bot activo
✅ Enviado a 50254608098
📡 Enviando mensaje vía API local del bot...
✅ Mensaje enviado a 50236405651 vía bot activo
✅ Enviado a 50236405651
📡 Enviando mensaje vía API local del bot...
✅ Mensaje enviado a 50258261871 vía bot activo
✅ Enviado a 50258261871
📡 Enviando mensaje vía API local del bot...
✅ Mensaje enviado a 50255629247 vía bot activo

🟢 Finalizado.
[dotenv@17.2.3] injecting env (10) from ../.env -- tip: ⚙️  load multiple .env files with { path: ['.env.local', '.env'] }
[dotenv@17.2.3] injecting env (0) from .env -- tip: 📡 add observability to secrets: https://dotenvx.com/ops
[dotenv@17.2.3] injecting env (0) from ../.env -- tip: ⚙️  load multiple .env files with { path: ['.env.local', '.env'] }
[dotenv@17.2.3] injecting env (0) from .env -- tip: ⚙️  override existing env vars with { override: true }
🕓 Iniciando envío automático de noticias diarias...

🗂️ Departamentos con notas hoy: [
  'Concejos municipales',
  'Noticias',
  'Portada',
  'San Marcos',
  'Congreso',
  'Consejos de Desarrollo',
  'Jalapa',
  'Sololá',
  'Zacapa'
]
📊 OjoAlDato cargado: {
  fecha: '8/12/2025',
  departamento: 'Escuintla',
  texto: 'La municipalidad de Siquinalá, Escuintla pagó Q24,080 a Velmida Rosalba Pamal Campos por 860 cenas tipo churrasco para "agradecer la participación en el desfile hípico de la feria patronal" del 16 de noviembre de 2025 (NPG: E573097992). Cada cena costó Q28.'
}
👥 Suscriptores activos: 33
⚠️ 50432745042: sin contenido relevante → no se envía mensaje.
⚠️ 50255629247: sin contenido relevante → no se envía mensaje.
⚠️ 50254747827: sin contenido relevante → no se envía mensaje.
📡 Enviando mensaje vía API local del bot...
✅ Mensaje enviado a 50254827902 vía bot activo
✅ Enviado a 50254827902
📡 Enviando mensaje vía API local del bot...
✅ Mensaje enviado a 50257049220 vía bot activo
✅ Enviado a 50257049220
⚠️ 50230080060: sin contenido relevante → no se envía mensaje.
📡 Enviando mensaje vía API local del bot...
✅ Mensaje enviado a 50247858363 vía bot activo
✅ Enviado a 50247858363
📡 Enviando mensaje vía API local del bot...
✅ Mensaje enviado a 50232050537 vía bot activo
✅ Enviado a 50232050537
📡 Enviando mensaje vía API local del bot...
✅ Mensaje enviado a 50253460168 vía bot activo
✅ Enviado a 50253460168
📡 Enviando mensaje vía API local del bot...
✅ Mensaje enviado a 50230465423 vía bot activo
✅ Enviado a 50230465423
⚠️ 50253065146: sin contenido relevante → no se envía mensaje.
📡 Enviando mensaje vía API local del bot...
✅ Mensaje enviado a 50255284110 vía bot activo
✅ Enviado a 50255284110
⚠️ 50254210055: sin contenido relevante → no se envía mensaje.
⚠️ 50255294247: sin contenido relevante → no se envía mensaje.
⚠️ 50237330000: sin contenido relevante → no se envía mensaje.
⚠️ 50245491953: sin contenido relevante → no se envía mensaje.
⚠️ 50257186094: sin contenido relevante → no se envía mensaje.
⚠️ 50257171707: sin contenido relevante → no se envía mensaje.
⚠️ 50233610326: sin contenido relevante → no se envía mensaje.
⚠️ 50259906516: sin contenido relevante → no se envía mensaje.
📡 Enviando mensaje vía API local del bot...
✅ Mensaje enviado a 50250190948 vía bot activo
✅ Enviado a 50250190948
📡 Enviando mensaje vía API local del bot...
✅ Mensaje enviado a 50254263749 vía bot activo
✅ Enviado a 50254263749
⚠️ 50249728550: sin contenido relevante → no se envía mensaje.
⚠️ 50235245779: sin contenido relevante → no se envía mensaje.
⚠️ 50246532572: sin contenido relevante → no se envía mensaje.
⚠️ 50249313997: sin contenido relevante → no se envía mensaje.
📡 Enviando mensaje vía API local del bot...
✅ Mensaje enviado a 50247685876 vía bot activo
✅ Enviado a 50247685876
📡 Enviando mensaje vía API local del bot...
✅ Mensaje enviado a 50246032841 vía bot activo
✅ Enviado a 50246032841
📡 Enviando mensaje vía API local del bot...
✅ Mensaje enviado a 50255585677 vía bot activo
✅ Enviado a 50255585677
📡 Enviando mensaje vía API local del bot...
✅ Mensaje enviado a 50253556299 vía bot activo
✅ Enviado a 50253556299
📡 Enviando mensaje vía API local del bot...
✅ Mensaje enviado a 50254608098 vía bot activo
✅ Enviado a 50254608098
⚠️ 50236405651: sin contenido relevante → no se envía mensaje.
⚠️ 50258261871: sin contenido relevante → no se envía mensaje.
📡 Enviando mensaje vía API local del bot...
✅ Mensaje enviado a 50255629247 vía bot activo
🟢 Finalizado y DB cerrada.
[dotenv@17.2.3] injecting env (10) from ../.env -- tip: ⚙️  override existing env vars with { override: true }
[dotenv@17.2.3] injecting env (0) from .env -- tip: 📡 add observability to secrets: https://dotenvx.com/ops
[dotenv@17.2.3] injecting env (0) from ../.env -- tip: 🔐 encrypt with Dotenvx: https://dotenvx.com
[dotenv@17.2.3] injecting env (0) from .env -- tip: 🔐 encrypt with Dotenvx: https://dotenvx.com
🕓 Iniciando envío automático de noticias diarias...

🗂️ Departamentos con notas hoy: [
  'Concejos municipales',
  'Noticias',
  'Portada',
  'Quetzaltenango',
  'Alta Verapaz'
]
⚠️ No hay #OjoAlDato para hoy (9/12/2025)
⚠️ OjoAlDato no disponible hoy
👥 Suscriptores activos: 33
⚠️ 50432745042: sin contenido relevante → no se envía mensaje.
⚠️ 50255629247: sin contenido relevante → no se envía mensaje.
⚠️ 50254747827: sin contenido relevante → no se envía mensaje.
⚠️ 50254827902: sin contenido relevante → no se envía mensaje.
📡 Enviando mensaje vía API local del bot...
✅ Mensaje enviado a 50257049220 vía bot activo
✅ Enviado a 50257049220
⚠️ 50230080060: sin contenido relevante → no se envía mensaje.
⚠️ 50247858363: sin contenido relevante → no se envía mensaje.
📡 Enviando mensaje vía API local del bot...
✅ Mensaje enviado a 50232050537 vía bot activo
✅ Enviado a 50232050537
⚠️ 50253460168: sin contenido relevante → no se envía mensaje.
⚠️ 50230465423: sin contenido relevante → no se envía mensaje.
📡 Enviando mensaje vía API local del bot...
✅ Mensaje enviado a 50253065146 vía bot activo
✅ Enviado a 50253065146
⚠️ 50255284110: sin contenido relevante → no se envía mensaje.
⚠️ 50254210055: sin contenido relevante → no se envía mensaje.
⚠️ 50255294247: sin contenido relevante → no se envía mensaje.
⚠️ 50237330000: sin contenido relevante → no se envía mensaje.
⚠️ 50245491953: sin contenido relevante → no se envía mensaje.
⚠️ 50257186094: sin contenido relevante → no se envía mensaje.
📡 Enviando mensaje vía API local del bot...
✅ Mensaje enviado a 50257171707 vía bot activo
✅ Enviado a 50257171707
📡 Enviando mensaje vía API local del bot...
✅ Mensaje enviado a 50233610326 vía bot activo
✅ Enviado a 50233610326
⚠️ 50259906516: sin contenido relevante → no se envía mensaje.
📡 Enviando mensaje vía API local del bot...
✅ Mensaje enviado a 50250190948 vía bot activo
✅ Enviado a 50250190948
⚠️ 50254263749: sin contenido relevante → no se envía mensaje.
⚠️ 50249728550: sin contenido relevante → no se envía mensaje.
📡 Enviando mensaje vía API local del bot...
✅ Mensaje enviado a 50235245779 vía bot activo
✅ Enviado a 50235245779
⚠️ 50246532572: sin contenido relevante → no se envía mensaje.
📡 Enviando mensaje vía API local del bot...
✅ Mensaje enviado a 50249313997 vía bot activo
✅ Enviado a 50249313997
📡 Enviando mensaje vía API local del bot...
✅ Mensaje enviado a 50247685876 vía bot activo
✅ Enviado a 50247685876
⚠️ 50246032841: sin contenido relevante → no se envía mensaje.
⚠️ 50255585677: sin contenido relevante → no se envía mensaje.
⚠️ 50253556299: sin contenido relevante → no se envía mensaje.
⚠️ 50254608098: sin contenido relevante → no se envía mensaje.
⚠️ 50236405651: sin contenido relevante → no se envía mensaje.
⚠️ 50258261871: sin contenido relevante → no se envía mensaje.
📡 Enviando mensaje vía API local del bot...
✅ Mensaje enviado a 50255629247 vía bot activo
🟢 Finalizado y DB cerrada.
[dotenv@17.2.3] injecting env (10) from ../.env -- tip: ⚙️  specify custom .env file path with { path: '/custom/path/.env' }
[dotenv@17.2.3] injecting env (0) from .env -- tip: 👥 sync secrets across teammates & machines: https://dotenvx.com/ops
[dotenv@17.2.3] injecting env (0) from ../.env -- tip: 🛠️  run anywhere with `dotenvx run -- yourcommand`
[dotenv@17.2.3] injecting env (0) from .env -- tip: ⚙️  write to custom object with { processEnv: myObject }
🕓 Iniciando envío automático de noticias diarias...

🗂️ Departamentos con notas hoy: [
  'Concejos municipales',
  'Noticias',
  'Portada',
  'Quetzaltenango',
  'Acceso a la Información'
]
⚠️ No hay #OjoAlDato para hoy (10/12/2025)
⚠️ OjoAlDato no disponible hoy
👥 Suscriptores activos: 33
⚠️ 50432745042: sin contenido relevante → no se envía mensaje.
⚠️ 50255629247: sin contenido relevante → no se envía mensaje.
⚠️ 50254747827: sin contenido relevante → no se envía mensaje.
⚠️ 50254827902: sin contenido relevante → no se envía mensaje.
📡 Enviando mensaje vía API local del bot...
✅ Mensaje enviado a 50257049220 vía bot activo
✅ Enviado a 50257049220
⚠️ 50230080060: sin contenido relevante → no se envía mensaje.
⚠️ 50247858363: sin contenido relevante → no se envía mensaje.
📡 Enviando mensaje vía API local del bot...
✅ Mensaje enviado a 50232050537 vía bot activo
✅ Enviado a 50232050537
⚠️ 50253460168: sin contenido relevante → no se envía mensaje.
⚠️ 50230465423: sin contenido relevante → no se envía mensaje.
⚠️ 50253065146: sin contenido relevante → no se envía mensaje.
⚠️ 50255284110: sin contenido relevante → no se envía mensaje.
⚠️ 50254210055: sin contenido relevante → no se envía mensaje.
⚠️ 50255294247: sin contenido relevante → no se envía mensaje.
⚠️ 50237330000: sin contenido relevante → no se envía mensaje.
⚠️ 50245491953: sin contenido relevante → no se envía mensaje.
⚠️ 50257186094: sin contenido relevante → no se envía mensaje.
📡 Enviando mensaje vía API local del bot...
✅ Mensaje enviado a 50257171707 vía bot activo
✅ Enviado a 50257171707
📡 Enviando mensaje vía API local del bot...
✅ Mensaje enviado a 50233610326 vía bot activo
✅ Enviado a 50233610326
⚠️ 50259906516: sin contenido relevante → no se envía mensaje.
📡 Enviando mensaje vía API local del bot...
✅ Mensaje enviado a 50250190948 vía bot activo
✅ Enviado a 50250190948
⚠️ 50254263749: sin contenido relevante → no se envía mensaje.
⚠️ 50249728550: sin contenido relevante → no se envía mensaje.
📡 Enviando mensaje vía API local del bot...
✅ Mensaje enviado a 50235245779 vía bot activo
✅ Enviado a 50235245779
⚠️ 50246532572: sin contenido relevante → no se envía mensaje.
⚠️ 50249313997: sin contenido relevante → no se envía mensaje.
📡 Enviando mensaje vía API local del bot...
✅ Mensaje enviado a 50247685876 vía bot activo
✅ Enviado a 50247685876
⚠️ 50246032841: sin contenido relevante → no se envía mensaje.
⚠️ 50255585677: sin contenido relevante → no se envía mensaje.
⚠️ 50253556299: sin contenido relevante → no se envía mensaje.
⚠️ 50254608098: sin contenido relevante → no se envía mensaje.
⚠️ 50236405651: sin contenido relevante → no se envía mensaje.
⚠️ 50258261871: sin contenido relevante → no se envía mensaje.
📡 Enviando mensaje vía API local del bot...
✅ Mensaje enviado a 50255629247 vía bot activo
🟢 Finalizado y DB cerrada.
[dotenv@17.2.3] injecting env (10) from ../.env -- tip: 👥 sync secrets across teammates & machines: https://dotenvx.com/ops
[dotenv@17.2.3] injecting env (0) from .env -- tip: ⚙️  suppress all logs with { quiet: true }
[dotenv@17.2.3] injecting env (0) from ../.env -- tip: ⚙️  enable debug logging with { debug: true }
[dotenv@17.2.3] injecting env (0) from .env -- tip: 🗂️ backup and recover secrets: https://dotenvx.com/ops
🕓 Iniciando envío automático de noticias diarias...

🗂️ Departamentos con notas hoy: [
  'Concejos municipales',
  'Noticias',
  'Portada',
  'San Marcos',
  'Congreso',
  'Consejos de Desarrollo',
  'Guatemala'
]
⚠️ No hay #OjoAlDato para hoy (11/12/2025)
⚠️ OjoAlDato no disponible hoy
👥 Suscriptores activos: 34
⚠️ 50432745042: sin contenido relevante → no se envía mensaje.
📡 Enviando mensaje vía API local del bot...
✅ Mensaje enviado a 50255629247 vía bot activo
✅ Enviado a 50255629247
⚠️ 50254747827: sin contenido relevante → no se envía mensaje.
⚠️ 50254827902: sin contenido relevante → no se envía mensaje.
📡 Enviando mensaje vía API local del bot...
✅ Mensaje enviado a 50257049220 vía bot activo
✅ Enviado a 50257049220
⚠️ 50230080060: sin contenido relevante → no se envía mensaje.
⚠️ 50247858363: sin contenido relevante → no se envía mensaje.
📡 Enviando mensaje vía API local del bot...
✅ Mensaje enviado a 50232050537 vía bot activo
✅ Enviado a 50232050537
📡 Enviando mensaje vía API local del bot...
✅ Mensaje enviado a 50253460168 vía bot activo
✅ Enviado a 50253460168
⚠️ 50230465423: sin contenido relevante → no se envía mensaje.
⚠️ 50253065146: sin contenido relevante → no se envía mensaje.
📡 Enviando mensaje vía API local del bot...
✅ Mensaje enviado a 50255284110 vía bot activo
✅ Enviado a 50255284110
⚠️ 50254210055: sin contenido relevante → no se envía mensaje.
⚠️ 50255294247: sin contenido relevante → no se envía mensaje.
📡 Enviando mensaje vía API local del bot...
✅ Mensaje enviado a 50237330000 vía bot activo
✅ Enviado a 50237330000
📡 Enviando mensaje vía API local del bot...
✅ Mensaje enviado a 50245491953 vía bot activo
✅ Enviado a 50245491953
📡 Enviando mensaje vía API local del bot...
✅ Mensaje enviado a 50257186094 vía bot activo
✅ Enviado a 50257186094
⚠️ 50257171707: sin contenido relevante → no se envía mensaje.
📡 Enviando mensaje vía API local del bot...
✅ Mensaje enviado a 50233610326 vía bot activo
✅ Enviado a 50233610326
📡 Enviando mensaje vía API local del bot...
✅ Mensaje enviado a 50259906516 vía bot activo
✅ Enviado a 50259906516
⚠️ 50250190948: sin contenido relevante → no se envía mensaje.
📡 Enviando mensaje vía API local del bot...
✅ Mensaje enviado a 50254263749 vía bot activo
✅ Enviado a 50254263749
📡 Enviando mensaje vía API local del bot...
✅ Mensaje enviado a 50249728550 vía bot activo
✅ Enviado a 50249728550
📡 Enviando mensaje vía API local del bot...
✅ Mensaje enviado a 50235245779 vía bot activo
✅ Enviado a 50235245779
📡 Enviando mensaje vía API local del bot...
✅ Mensaje enviado a 50246532572 vía bot activo
✅ Enviado a 50246532572
⚠️ 50249313997: sin contenido relevante → no se envía mensaje.
📡 Enviando mensaje vía API local del bot...
✅ Mensaje enviado a 50247685876 vía bot activo
✅ Enviado a 50247685876
⚠️ 50246032841: sin contenido relevante → no se envía mensaje.
📡 Enviando mensaje vía API local del bot...
✅ Mensaje enviado a 50255585677 vía bot activo
✅ Enviado a 50255585677
⚠️ 50253556299: sin contenido relevante → no se envía mensaje.
📡 Enviando mensaje vía API local del bot...
✅ Mensaje enviado a 50254608098 vía bot activo
✅ Enviado a 50254608098
📡 Enviando mensaje vía API local del bot...
✅ Mensaje enviado a 50236405651 vía bot activo
✅ Enviado a 50236405651
⚠️ 50258261871: sin contenido relevante → no se envía mensaje.
⚠️ 50237829024: sin contenido relevante → no se envía mensaje.
📡 Enviando mensaje vía API local del bot...
✅ Mensaje enviado a 50255629247 vía bot activo
🟢 Finalizado y DB cerrada.
[dotenv@17.2.3] injecting env (10) from ../.env -- tip: 🔄 add secrets lifecycle management: https://dotenvx.com/ops
[dotenv@17.2.3] injecting env (0) from .env -- tip: 🔐 prevent committing .env to code: https://dotenvx.com/precommit
[dotenv@17.2.3] injecting env (0) from .env -- tip: ✅ audit secrets and track compliance: https://dotenvx.com/ops
🗓️ Iniciando envío semanal consolidado...

🗂️ Temas esta semana: [
  'concejos municipales',
  'congreso',
  'consejos de desarrollo',
  'acceso a la información'
]
📡 Enviando mensaje vía API local del bot...
✅ Mensaje enviado a 50255629247 vía bot activo
✅ Enviado a 50255629247
📡 Enviando mensaje vía API local del bot...
✅ Mensaje enviado a 50254747827 vía bot activo
✅ Enviado a 50254747827
⚠️ 50254827902: sin contenido → no se envía.
📡 Enviando mensaje vía API local del bot...
✅ Mensaje enviado a 50257049220 vía bot activo
✅ Enviado a 50257049220
📡 Enviando mensaje vía API local del bot...
✅ Mensaje enviado a 50230080060 vía bot activo
✅ Enviado a 50230080060
📡 Enviando mensaje vía API local del bot...
✅ Mensaje enviado a 50247858363 vía bot activo
✅ Enviado a 50247858363
📡 Enviando mensaje vía API local del bot...
✅ Mensaje enviado a 50232050537 vía bot activo
✅ Enviado a 50232050537
📡 Enviando mensaje vía API local del bot...
✅ Mensaje enviado a 50253460168 vía bot activo
✅ Enviado a 50253460168
⚠️ 50230465423: sin contenido → no se envía.
📡 Enviando mensaje vía API local del bot...
✅ Mensaje enviado a 50253065146 vía bot activo
✅ Enviado a 50253065146
📡 Enviando mensaje vía API local del bot...
✅ Mensaje enviado a 50255284110 vía bot activo
✅ Enviado a 50255284110
📡 Enviando mensaje vía API local del bot...
✅ Mensaje enviado a 50254210055 vía bot activo
✅ Enviado a 50254210055
📡 Enviando mensaje vía API local del bot...
✅ Mensaje enviado a 50255294247 vía bot activo
✅ Enviado a 50255294247
📡 Enviando mensaje vía API local del bot...
✅ Mensaje enviado a 50237330000 vía bot activo
✅ Enviado a 50237330000
📡 Enviando mensaje vía API local del bot...
✅ Mensaje enviado a 50245491953 vía bot activo
✅ Enviado a 50245491953
📡 Enviando mensaje vía API local del bot...
✅ Mensaje enviado a 50257186094 vía bot activo
✅ Enviado a 50257186094
📡 Enviando mensaje vía API local del bot...
✅ Mensaje enviado a 50257171707 vía bot activo
✅ Enviado a 50257171707
📡 Enviando mensaje vía API local del bot...
✅ Mensaje enviado a 50233610326 vía bot activo
✅ Enviado a 50233610326
📡 Enviando mensaje vía API local del bot...
✅ Mensaje enviado a 50259906516 vía bot activo
✅ Enviado a 50259906516
📡 Enviando mensaje vía API local del bot...
✅ Mensaje enviado a 50250190948 vía bot activo
✅ Enviado a 50250190948
📡 Enviando mensaje vía API local del bot...
✅ Mensaje enviado a 50254263749 vía bot activo
✅ Enviado a 50254263749
📡 Enviando mensaje vía API local del bot...
✅ Mensaje enviado a 50249728550 vía bot activo
✅ Enviado a 50249728550
📡 Enviando mensaje vía API local del bot...
✅ Mensaje enviado a 50235245779 vía bot activo
✅ Enviado a 50235245779
📡 Enviando mensaje vía API local del bot...
✅ Mensaje enviado a 50246532572 vía bot activo
✅ Enviado a 50246532572
📡 Enviando mensaje vía API local del bot...
✅ Mensaje enviado a 50249313997 vía bot activo
✅ Enviado a 50249313997
📡 Enviando mensaje vía API local del bot...
✅ Mensaje enviado a 50247685876 vía bot activo
✅ Enviado a 50247685876
📡 Enviando mensaje vía API local del bot...
✅ Mensaje enviado a 50246032841 vía bot activo
✅ Enviado a 50246032841
📡 Enviando mensaje vía API local del bot...
✅ Mensaje enviado a 50255585677 vía bot activo
✅ Enviado a 50255585677
📡 Enviando mensaje vía API local del bot...
✅ Mensaje enviado a 50253556299 vía bot activo
✅ Enviado a 50253556299
📡 Enviando mensaje vía API local del bot...
✅ Mensaje enviado a 50254608098 vía bot activo
✅ Enviado a 50254608098
📡 Enviando mensaje vía API local del bot...
✅ Mensaje enviado a 50236405651 vía bot activo
✅ Enviado a 50236405651
📡 Enviando mensaje vía API local del bot...
✅ Mensaje enviado a 50258261871 vía bot activo
✅ Enviado a 50258261871
📡 Enviando mensaje vía API local del bot...
✅ Mensaje enviado a 50237829024 vía bot activo
✅ Enviado a 50237829024
📡 Enviando mensaje vía API local del bot...
✅ Mensaje enviado a 50255629247 vía bot activo

🟢 Finalizado.
[dotenv@17.2.3] injecting env (10) from ../.env -- tip: 🔄 add secrets lifecycle management: https://dotenvx.com/ops
[dotenv@17.2.3] injecting env (0) from .env -- tip: 🔑 add access controls to secrets: https://dotenvx.com/ops
[dotenv@17.2.3] injecting env (0) from ../.env -- tip: 🔐 encrypt with Dotenvx: https://dotenvx.com
[dotenv@17.2.3] injecting env (0) from .env -- tip: ⚙️  load multiple .env files with { path: ['.env.local', '.env'] }
🕓 Iniciando envío automático de noticias diarias...

🗂️ Departamentos con notas hoy: [ 'Concejos municipales', 'Noticias', 'Portada', 'Quiché', 'Sololá' ]
📊 OjoAlDato cargado: {
  fecha: '15/12/2025',
  departamento: 'Sololá',
  texto: 'Los niños de Nahualá, Sololá, recibirán en días próximos a Navidad, estuches escolares, muñecas music, set de doctor, set de marcadores, ábacos, cubetas de playa, rompecabezas y pizarra mágica entre otros. Los juguetes y útiles escolares costaron Q592 mil 700.'
}
👥 Suscriptores activos: 35
⚠️ 50432745042: sin contenido relevante → no se envía mensaje.
⚠️ 50255629247: sin contenido relevante → no se envía mensaje.
⚠️ 50254747827: sin contenido relevante → no se envía mensaje.
⚠️ 50254827902: sin contenido relevante → no se envía mensaje.
📡 Enviando mensaje vía API local del bot...
✅ Mensaje enviado a 50257049220 vía bot activo
✅ Enviado a 50257049220
⚠️ 50230080060: sin contenido relevante → no se envía mensaje.
⚠️ 50247858363: sin contenido relevante → no se envía mensaje.
⚠️ 50232050537: sin contenido relevante → no se envía mensaje.
📡 Enviando mensaje vía API local del bot...
✅ Mensaje enviado a 50253460168 vía bot activo
✅ Enviado a 50253460168
⚠️ 50230465423: sin contenido relevante → no se envía mensaje.
📡 Enviando mensaje vía API local del bot...
✅ Mensaje enviado a 50253065146 vía bot activo
✅ Enviado a 50253065146
📡 Enviando mensaje vía API local del bot...
✅ Mensaje enviado a 50255284110 vía bot activo
✅ Enviado a 50255284110
⚠️ 50254210055: sin contenido relevante → no se envía mensaje.
⚠️ 50255294247: sin contenido relevante → no se envía mensaje.
⚠️ 50237330000: sin contenido relevante → no se envía mensaje.
⚠️ 50245491953: sin contenido relevante → no se envía mensaje.
⚠️ 50257186094: sin contenido relevante → no se envía mensaje.
⚠️ 50257171707: sin contenido relevante → no se envía mensaje.
⚠️ 50233610326: sin contenido relevante → no se envía mensaje.
⚠️ 50259906516: sin contenido relevante → no se envía mensaje.
📡 Enviando mensaje vía API local del bot...
✅ Mensaje enviado a 50250190948 vía bot activo
✅ Enviado a 50250190948
⚠️ 50254263749: sin contenido relevante → no se envía mensaje.
⚠️ 50249728550: sin contenido relevante → no se envía mensaje.
⚠️ 50235245779: sin contenido relevante → no se envía mensaje.
⚠️ 50246532572: sin contenido relevante → no se envía mensaje.
📡 Enviando mensaje vía API local del bot...
✅ Mensaje enviado a 50249313997 vía bot activo
✅ Enviado a 50249313997
📡 Enviando mensaje vía API local del bot...
✅ Mensaje enviado a 50247685876 vía bot activo
✅ Enviado a 50247685876
⚠️ 50246032841: sin contenido relevante → no se envía mensaje.
⚠️ 50255585677: sin contenido relevante → no se envía mensaje.
⚠️ 50253556299: sin contenido relevante → no se envía mensaje.
⚠️ 50254608098: sin contenido relevante → no se envía mensaje.
⚠️ 50236405651: sin contenido relevante → no se envía mensaje.
⚠️ 50258261871: sin contenido relevante → no se envía mensaje.
⚠️ 50237829024: sin contenido relevante → no se envía mensaje.
⚠️ 213374025605256: sin contenido relevante → no se envía mensaje.
📡 Enviando mensaje vía API local del bot...
✅ Mensaje enviado a 50255629247 vía bot activo
🟢 Finalizado y DB cerrada.
[dotenv@17.2.3] injecting env (10) from ../.env -- tip: 🔐 prevent building .env in docker: https://dotenvx.com/prebuild
[dotenv@17.2.3] injecting env (0) from .env -- tip: ⚙️  write to custom object with { processEnv: myObject }
[dotenv@17.2.3] injecting env (0) from ../.env -- tip: ⚙️  enable debug logging with { debug: true }
[dotenv@17.2.3] injecting env (0) from .env -- tip: 🛠️  run anywhere with `dotenvx run -- yourcommand`
🕓 Iniciando envío automático de noticias diarias...

🗂️ Departamentos con notas hoy: [
  'Concejos municipales',
  'Noticias',
  'Portada',
  'Quetzaltenango',
  'Sololá'
]
📊 OjoAlDato cargado: {
  fecha: '16/12/2025',
  departamento: 'Guatemala',
  texto: 'El Plan de Prestaciones del Empleado Municipal compró 3 mil 300 bolsas de café tostado y molido (NOG 25471767). Reciben dos ofertas, eligen la más cara de más del doble, Q313 mil 500. Cada libra a Q95. El proveedor es Servicios y Productos Plus.'
}
👥 Suscriptores activos: 35
⚠️ 50432745042: sin contenido relevante → no se envía mensaje.
📡 Enviando mensaje vía API local del bot...
✅ Mensaje enviado a 50255629247 vía bot activo
✅ Enviado a 50255629247
⚠️ 50254747827: sin contenido relevante → no se envía mensaje.
⚠️ 50254827902: sin contenido relevante → no se envía mensaje.
📡 Enviando mensaje vía API local del bot...
✅ Mensaje enviado a 50257049220 vía bot activo
✅ Enviado a 50257049220
⚠️ 50230080060: sin contenido relevante → no se envía mensaje.
⚠️ 50247858363: sin contenido relevante → no se envía mensaje.
📡 Enviando mensaje vía API local del bot...
✅ Mensaje enviado a 50232050537 vía bot activo
✅ Enviado a 50232050537
📡 Enviando mensaje vía API local del bot...
✅ Mensaje enviado a 50253460168 vía bot activo
✅ Enviado a 50253460168
⚠️ 50230465423: sin contenido relevante → no se envía mensaje.
⚠️ 50253065146: sin contenido relevante → no se envía mensaje.
📡 Enviando mensaje vía API local del bot...
✅ Mensaje enviado a 50255284110 vía bot activo
✅ Enviado a 50255284110
⚠️ 50254210055: sin contenido relevante → no se envía mensaje.
⚠️ 50255294247: sin contenido relevante → no se envía mensaje.
📡 Enviando mensaje vía API local del bot...
✅ Mensaje enviado a 50237330000 vía bot activo
✅ Enviado a 50237330000
📡 Enviando mensaje vía API local del bot...
✅ Mensaje enviado a 50245491953 vía bot activo
✅ Enviado a 50245491953
📡 Enviando mensaje vía API local del bot...
✅ Mensaje enviado a 50257186094 vía bot activo
✅ Enviado a 50257186094
📡 Enviando mensaje vía API local del bot...
✅ Mensaje enviado a 50257171707 vía bot activo
✅ Enviado a 50257171707
📡 Enviando mensaje vía API local del bot...
✅ Mensaje enviado a 50233610326 vía bot activo
✅ Enviado a 50233610326
📡 Enviando mensaje vía API local del bot...
✅ Mensaje enviado a 50259906516 vía bot activo
✅ Enviado a 50259906516
📡 Enviando mensaje vía API local del bot...
✅ Mensaje enviado a 50250190948 vía bot activo
✅ Enviado a 50250190948
📡 Enviando mensaje vía API local del bot...
✅ Mensaje enviado a 50254263749 vía bot activo
✅ Enviado a 50254263749
📡 Enviando mensaje vía API local del bot...
✅ Mensaje enviado a 50249728550 vía bot activo
✅ Enviado a 50249728550
📡 Enviando mensaje vía API local del bot...
✅ Mensaje enviado a 50235245779 vía bot activo
✅ Enviado a 50235245779
📡 Enviando mensaje vía API local del bot...
✅ Mensaje enviado a 50246532572 vía bot activo
✅ Enviado a 50246532572
⚠️ 50249313997: sin contenido relevante → no se envía mensaje.
📡 Enviando mensaje vía API local del bot...
✅ Mensaje enviado a 50247685876 vía bot activo
✅ Enviado a 50247685876
⚠️ 50246032841: sin contenido relevante → no se envía mensaje.
📡 Enviando mensaje vía API local del bot...
✅ Mensaje enviado a 50255585677 vía bot activo
✅ Enviado a 50255585677
⚠️ 50253556299: sin contenido relevante → no se envía mensaje.
📡 Enviando mensaje vía API local del bot...
✅ Mensaje enviado a 50254608098 vía bot activo
✅ Enviado a 50254608098
📡 Enviando mensaje vía API local del bot...
✅ Mensaje enviado a 50236405651 vía bot activo
✅ Enviado a 50236405651
⚠️ 50258261871: sin contenido relevante → no se envía mensaje.
⚠️ 50237829024: sin contenido relevante → no se envía mensaje.
⚠️ 213374025605256: sin contenido relevante → no se envía mensaje.
📡 Enviando mensaje vía API local del bot...
✅ Mensaje enviado a 50255629247 vía bot activo
🟢 Finalizado y DB cerrada.
[dotenv@17.2.3] injecting env (10) from ../.env -- tip: 🔐 prevent building .env in docker: https://dotenvx.com/prebuild
[dotenv@17.2.3] injecting env (0) from .env -- tip: ✅ audit secrets and track compliance: https://dotenvx.com/ops
[dotenv@17.2.3] injecting env (0) from ../.env -- tip: 📡 add observability to secrets: https://dotenvx.com/ops
[dotenv@17.2.3] injecting env (0) from .env -- tip: ⚙️  specify custom .env file path with { path: '/custom/path/.env' }
🕓 Iniciando envío automático de noticias diarias...

🗂️ Departamentos con notas hoy: [
  'Noticias',
  'Portada',
  'Acceso a la Información',
  'Ley de Acceso a La información Pública'
]
📊 OjoAlDato cargado: {
  fecha: '17/12/2025',
  departamento: 'Totonicapán',
  texto: 'Santa Lucía La Reforma, Totonicapán, compró un generador eléctrico para el proyecto de construcción del sistema de agua potable para los parajes Paxocol I y Paxocol II, y Cantón Ichomchaj. El aparato costó Q350 mil.'
}
👥 Suscriptores activos: 36
⚠️ 50432745042: sin contenido relevante → no se envía mensaje.
⚠️ 50255629247: sin contenido relevante → no se envía mensaje.
⚠️ 50254747827: sin contenido relevante → no se envía mensaje.
⚠️ 50254827902: sin contenido relevante → no se envía mensaje.
📡 Enviando mensaje vía API local del bot...
✅ Mensaje enviado a 50257049220 vía bot activo
✅ Enviado a 50257049220
📡 Enviando mensaje vía API local del bot...
✅ Mensaje enviado a 50230080060 vía bot activo
✅ Enviado a 50230080060
⚠️ 50247858363: sin contenido relevante → no se envía mensaje.
⚠️ 50232050537: sin contenido relevante → no se envía mensaje.
⚠️ 50253460168: sin contenido relevante → no se envía mensaje.
⚠️ 50230465423: sin contenido relevante → no se envía mensaje.
⚠️ 50253065146: sin contenido relevante → no se envía mensaje.
⚠️ 50255284110: sin contenido relevante → no se envía mensaje.
⚠️ 50254210055: sin contenido relevante → no se envía mensaje.
⚠️ 50255294247: sin contenido relevante → no se envía mensaje.
⚠️ 50237330000: sin contenido relevante → no se envía mensaje.
⚠️ 50245491953: sin contenido relevante → no se envía mensaje.
⚠️ 50257186094: sin contenido relevante → no se envía mensaje.
⚠️ 50257171707: sin contenido relevante → no se envía mensaje.
⚠️ 50233610326: sin contenido relevante → no se envía mensaje.
⚠️ 50259906516: sin contenido relevante → no se envía mensaje.
⚠️ 50250190948: sin contenido relevante → no se envía mensaje.
⚠️ 50254263749: sin contenido relevante → no se envía mensaje.
⚠️ 50249728550: sin contenido relevante → no se envía mensaje.
⚠️ 50235245779: sin contenido relevante → no se envía mensaje.
⚠️ 50246532572: sin contenido relevante → no se envía mensaje.
⚠️ 50249313997: sin contenido relevante → no se envía mensaje.
📡 Enviando mensaje vía API local del bot...
✅ Mensaje enviado a 50247685876 vía bot activo
✅ Enviado a 50247685876
⚠️ 50246032841: sin contenido relevante → no se envía mensaje.
⚠️ 50255585677: sin contenido relevante → no se envía mensaje.
⚠️ 50253556299: sin contenido relevante → no se envía mensaje.
⚠️ 50254608098: sin contenido relevante → no se envía mensaje.
⚠️ 50236405651: sin contenido relevante → no se envía mensaje.
⚠️ 50258261871: sin contenido relevante → no se envía mensaje.
⚠️ 50237829024: sin contenido relevante → no se envía mensaje.
⚠️ 213374025605256: sin contenido relevante → no se envía mensaje.
⚠️ 185589932490872: sin contenido relevante → no se envía mensaje.
📡 Enviando mensaje vía API local del bot...
✅ Mensaje enviado a 50255629247 vía bot activo
🟢 Finalizado y DB cerrada.
[dotenv@17.2.3] injecting env (10) from ../.env -- tip: ⚙️  suppress all logs with { quiet: true }
[dotenv@17.2.3] injecting env (0) from .env -- tip: ⚙️  load multiple .env files with { path: ['.env.local', '.env'] }
[dotenv@17.2.3] injecting env (0) from ../.env -- tip: ⚙️  override existing env vars with { override: true }
[dotenv@17.2.3] injecting env (0) from .env -- tip: ⚙️  enable debug logging with { debug: true }
🕓 Iniciando envío automático de noticias diarias...

🗂️ Departamentos con notas hoy: [
  'Concejos municipales',
  'Congreso',
  'Consejos de Desarrollo',
  'Guatemala',
  'Portada',
  'Quetzaltenango'
]
📊 OjoAlDato cargado: {
  fecha: '18/12/2025',
  departamento: 'Santa Rosa',
  texto: 'Santa Cruz Naranjo, Santa Rosa, invitó a los almuerzos de la reunión del Consejo Departamental de Desarrollo (Codede) del 26 de noviembre. Costaron Q3 mil 375. Entre otros temas trataron la implementación de plantas de tratamiento de aguas residuales.'
}
👥 Suscriptores activos: 34
⚠️ 50432745042: sin contenido relevante → no se envía mensaje.
📡 Enviando mensaje vía API local del bot...
✅ Mensaje enviado a 50255629247 vía bot activo
✅ Enviado a 50255629247
⚠️ 50254747827: sin contenido relevante → no se envía mensaje.
⚠️ 50254827902: sin contenido relevante → no se envía mensaje.
📡 Enviando mensaje vía API local del bot...
✅ Mensaje enviado a 50257049220 vía bot activo
✅ Enviado a 50257049220
⚠️ 50230080060: sin contenido relevante → no se envía mensaje.
⚠️ 50247858363: sin contenido relevante → no se envía mensaje.
📡 Enviando mensaje vía API local del bot...
✅ Mensaje enviado a 50232050537 vía bot activo
✅ Enviado a 50232050537
📡 Enviando mensaje vía API local del bot...
✅ Mensaje enviado a 50253460168 vía bot activo
✅ Enviado a 50253460168
⚠️ 50230465423: sin contenido relevante → no se envía mensaje.
📡 Enviando mensaje vía API local del bot...
✅ Mensaje enviado a 50253065146 vía bot activo
✅ Enviado a 50253065146
📡 Enviando mensaje vía API local del bot...
✅ Mensaje enviado a 50255284110 vía bot activo
✅ Enviado a 50255284110
⚠️ 50254210055: sin contenido relevante → no se envía mensaje.
⚠️ 50255294247: sin contenido relevante → no se envía mensaje.
📡 Enviando mensaje vía API local del bot...
✅ Mensaje enviado a 50237330000 vía bot activo
✅ Enviado a 50237330000
📡 Enviando mensaje vía API local del bot...
✅ Mensaje enviado a 50245491953 vía bot activo
✅ Enviado a 50245491953
📡 Enviando mensaje vía API local del bot...
✅ Mensaje enviado a 50257186094 vía bot activo
✅ Enviado a 50257186094
📡 Enviando mensaje vía API local del bot...
✅ Mensaje enviado a 50257171707 vía bot activo
✅ Enviado a 50257171707
📡 Enviando mensaje vía API local del bot...
✅ Mensaje enviado a 50233610326 vía bot activo
✅ Enviado a 50233610326
📡 Enviando mensaje vía API local del bot...
✅ Mensaje enviado a 50259906516 vía bot activo
✅ Enviado a 50259906516
📡 Enviando mensaje vía API local del bot...
✅ Mensaje enviado a 50250190948 vía bot activo
✅ Enviado a 50250190948
📡 Enviando mensaje vía API local del bot...
✅ Mensaje enviado a 50254263749 vía bot activo
✅ Enviado a 50254263749
📡 Enviando mensaje vía API local del bot...
✅ Mensaje enviado a 50249728550 vía bot activo
✅ Enviado a 50249728550
📡 Enviando mensaje vía API local del bot...
✅ Mensaje enviado a 50235245779 vía bot activo
✅ Enviado a 50235245779
📡 Enviando mensaje vía API local del bot...
✅ Mensaje enviado a 50246532572 vía bot activo
✅ Enviado a 50246532572
⚠️ 50249313997: sin contenido relevante → no se envía mensaje.
📡 Enviando mensaje vía API local del bot...
✅ Mensaje enviado a 50247685876 vía bot activo
✅ Enviado a 50247685876
⚠️ 50246032841: sin contenido relevante → no se envía mensaje.
📡 Enviando mensaje vía API local del bot...
✅ Mensaje enviado a 50255585677 vía bot activo
✅ Enviado a 50255585677
⚠️ 50253556299: sin contenido relevante → no se envía mensaje.
📡 Enviando mensaje vía API local del bot...
✅ Mensaje enviado a 50254608098 vía bot activo
✅ Enviado a 50254608098
📡 Enviando mensaje vía API local del bot...
✅ Mensaje enviado a 50236405651 vía bot activo
✅ Enviado a 50236405651
⚠️ 50258261871: sin contenido relevante → no se envía mensaje.
⚠️ 50237829024: sin contenido relevante → no se envía mensaje.
📡 Enviando mensaje vía API local del bot...
✅ Mensaje enviado a 50255629247 vía bot activo
🟢 Finalizado y DB cerrada.
[dotenv@17.2.3] injecting env (10) from ../.env -- tip: ✅ audit secrets and track compliance: https://dotenvx.com/ops
[dotenv@17.2.3] injecting env (0) from .env -- tip: 🔑 add access controls to secrets: https://dotenvx.com/ops
[dotenv@17.2.3] injecting env (0) from .env -- tip: ⚙️  override existing env vars with { override: true }
🗓️ Iniciando envío semanal consolidado...

🗂️ Temas esta semana: [
  'concejos municipales',
  'congreso',
  'consejos de desarrollo',
  'acceso a la información'
]
📡 Enviando mensaje vía API local del bot...
✅ Mensaje enviado a 50255629247 vía bot activo
✅ Enviado a 50255629247
📡 Enviando mensaje vía API local del bot...
✅ Mensaje enviado a 50254747827 vía bot activo
✅ Enviado a 50254747827
⚠️ 50254827902: sin contenido → no se envía.
📡 Enviando mensaje vía API local del bot...
✅ Mensaje enviado a 50257049220 vía bot activo
✅ Enviado a 50257049220
📡 Enviando mensaje vía API local del bot...
✅ Mensaje enviado a 50230080060 vía bot activo
✅ Enviado a 50230080060
📡 Enviando mensaje vía API local del bot...
✅ Mensaje enviado a 50247858363 vía bot activo
✅ Enviado a 50247858363
📡 Enviando mensaje vía API local del bot...
✅ Mensaje enviado a 50232050537 vía bot activo
✅ Enviado a 50232050537
📡 Enviando mensaje vía API local del bot...
✅ Mensaje enviado a 50253460168 vía bot activo
✅ Enviado a 50253460168
⚠️ 50230465423: sin contenido → no se envía.
📡 Enviando mensaje vía API local del bot...
✅ Mensaje enviado a 50253065146 vía bot activo
✅ Enviado a 50253065146
📡 Enviando mensaje vía API local del bot...
✅ Mensaje enviado a 50255284110 vía bot activo
✅ Enviado a 50255284110
📡 Enviando mensaje vía API local del bot...
✅ Mensaje enviado a 50254210055 vía bot activo
✅ Enviado a 50254210055
📡 Enviando mensaje vía API local del bot...
✅ Mensaje enviado a 50255294247 vía bot activo
✅ Enviado a 50255294247
📡 Enviando mensaje vía API local del bot...
✅ Mensaje enviado a 50237330000 vía bot activo
✅ Enviado a 50237330000
📡 Enviando mensaje vía API local del bot...
✅ Mensaje enviado a 50245491953 vía bot activo
✅ Enviado a 50245491953
📡 Enviando mensaje vía API local del bot...
✅ Mensaje enviado a 50257186094 vía bot activo
✅ Enviado a 50257186094
📡 Enviando mensaje vía API local del bot...
✅ Mensaje enviado a 50257171707 vía bot activo
✅ Enviado a 50257171707
📡 Enviando mensaje vía API local del bot...
✅ Mensaje enviado a 50233610326 vía bot activo
✅ Enviado a 50233610326
📡 Enviando mensaje vía API local del bot...
✅ Mensaje enviado a 50259906516 vía bot activo
✅ Enviado a 50259906516
📡 Enviando mensaje vía API local del bot...
✅ Mensaje enviado a 50250190948 vía bot activo
✅ Enviado a 50250190948
📡 Enviando mensaje vía API local del bot...
✅ Mensaje enviado a 50254263749 vía bot activo
✅ Enviado a 50254263749
📡 Enviando mensaje vía API local del bot...
✅ Mensaje enviado a 50249728550 vía bot activo
✅ Enviado a 50249728550
📡 Enviando mensaje vía API local del bot...
✅ Mensaje enviado a 50235245779 vía bot activo
✅ Enviado a 50235245779
📡 Enviando mensaje vía API local del bot...
✅ Mensaje enviado a 50246532572 vía bot activo
✅ Enviado a 50246532572
📡 Enviando mensaje vía API local del bot...
✅ Mensaje enviado a 50249313997 vía bot activo
✅ Enviado a 50249313997
📡 Enviando mensaje vía API local del bot...
✅ Mensaje enviado a 50247685876 vía bot activo
✅ Enviado a 50247685876
📡 Enviando mensaje vía API local del bot...
✅ Mensaje enviado a 50246032841 vía bot activo
✅ Enviado a 50246032841
📡 Enviando mensaje vía API local del bot...
✅ Mensaje enviado a 50255585677 vía bot activo
✅ Enviado a 50255585677
📡 Enviando mensaje vía API local del bot...
✅ Mensaje enviado a 50253556299 vía bot activo
✅ Enviado a 50253556299
📡 Enviando mensaje vía API local del bot...
✅ Mensaje enviado a 50254608098 vía bot activo
✅ Enviado a 50254608098
📡 Enviando mensaje vía API local del bot...
✅ Mensaje enviado a 50236405651 vía bot activo
✅ Enviado a 50236405651
📡 Enviando mensaje vía API local del bot...
✅ Mensaje enviado a 50258261871 vía bot activo
✅ Enviado a 50258261871
📡 Enviando mensaje vía API local del bot...
✅ Mensaje enviado a 50237829024 vía bot activo
✅ Enviado a 50237829024
📡 Enviando mensaje vía API local del bot...
✅ Mensaje enviado a 50255629247 vía bot activo

🟢 Finalizado.
[dotenv@17.2.3] injecting env (10) from ../.env -- tip: ⚙️  enable debug logging with { debug: true }
[dotenv@17.2.3] injecting env (0) from .env -- tip: 🔐 prevent building .env in docker: https://dotenvx.com/prebuild
[dotenv@17.2.3] injecting env (0) from ../.env -- tip: ⚙️  enable debug logging with { debug: true }
[dotenv@17.2.3] injecting env (0) from .env -- tip: ⚙️  suppress all logs with { quiet: true }
🕓 Iniciando envío automático de noticias diarias...

🗂️ Departamentos con notas hoy: [
  'Concejos municipales',
  'Escuintla',
  'Noticias',
  'Portada',
  'Acceso a la Información',
  'El Progreso'
]
📊 OjoAlDato cargado: {
  fecha: '22/12/2025',
  departamento: 'Sacatepéquez',
  texto: 'San Lucas Sacatepéquez comprará una finca por Q1.2 millones para ampliar una propiedad municipal donde construirá un complejo polideportivo con una cancha de fútbol, otras de baloncesto y voleibol, así como un área boscosa con caminos y senderos para recreación y programas ambientales.'
}
👥 Suscriptores activos: 34
⚠️ 50432745042: sin contenido relevante → no se envía mensaje.
⚠️ 50255629247: sin contenido relevante → no se envía mensaje.
⚠️ 50254747827: sin contenido relevante → no se envía mensaje.
⚠️ 50254827902: sin contenido relevante → no se envía mensaje.
📡 Enviando mensaje vía API local del bot...
✅ Mensaje enviado a 50257049220 vía bot activo
✅ Enviado a 50257049220
📡 Enviando mensaje vía API local del bot...
✅ Mensaje enviado a 50230080060 vía bot activo
✅ Enviado a 50230080060
📡 Enviando mensaje vía API local del bot...
✅ Mensaje enviado a 50247858363 vía bot activo
✅ Enviado a 50247858363
⚠️ 50232050537: sin contenido relevante → no se envía mensaje.
⚠️ 50253460168: sin contenido relevante → no se envía mensaje.
⚠️ 50230465423: sin contenido relevante → no se envía mensaje.
⚠️ 50253065146: sin contenido relevante → no se envía mensaje.
⚠️ 50255284110: sin contenido relevante → no se envía mensaje.
⚠️ 50254210055: sin contenido relevante → no se envía mensaje.
⚠️ 50255294247: sin contenido relevante → no se envía mensaje.
⚠️ 50237330000: sin contenido relevante → no se envía mensaje.
⚠️ 50245491953: sin contenido relevante → no se envía mensaje.
⚠️ 50257186094: sin contenido relevante → no se envía mensaje.
⚠️ 50257171707: sin contenido relevante → no se envía mensaje.
⚠️ 50233610326: sin contenido relevante → no se envía mensaje.
⚠️ 50259906516: sin contenido relevante → no se envía mensaje.
⚠️ 50250190948: sin contenido relevante → no se envía mensaje.
📡 Enviando mensaje vía API local del bot...
✅ Mensaje enviado a 50254263749 vía bot activo
✅ Enviado a 50254263749
⚠️ 50249728550: sin contenido relevante → no se envía mensaje.
⚠️ 50235245779: sin contenido relevante → no se envía mensaje.
⚠️ 50246532572: sin contenido relevante → no se envía mensaje.
⚠️ 50249313997: sin contenido relevante → no se envía mensaje.
📡 Enviando mensaje vía API local del bot...
✅ Mensaje enviado a 50247685876 vía bot activo
✅ Enviado a 50247685876
📡 Enviando mensaje vía API local del bot...
✅ Mensaje enviado a 50246032841 vía bot activo
✅ Enviado a 50246032841
📡 Enviando mensaje vía API local del bot...
✅ Mensaje enviado a 50255585677 vía bot activo
✅ Enviado a 50255585677
⚠️ 50253556299: sin contenido relevante → no se envía mensaje.
📡 Enviando mensaje vía API local del bot...
✅ Mensaje enviado a 50254608098 vía bot activo
✅ Enviado a 50254608098
⚠️ 50236405651: sin contenido relevante → no se envía mensaje.
⚠️ 50258261871: sin contenido relevante → no se envía mensaje.
⚠️ 50237829024: sin contenido relevante → no se envía mensaje.
📡 Enviando mensaje vía API local del bot...
✅ Mensaje enviado a 50255629247 vía bot activo
🟢 Finalizado y DB cerrada.
[dotenv@17.2.3] injecting env (10) from ../.env -- tip: ⚙️  write to custom object with { processEnv: myObject }
[dotenv@17.2.3] injecting env (0) from .env -- tip: 🔑 add access controls to secrets: https://dotenvx.com/ops
[dotenv@17.2.3] injecting env (0) from ../.env -- tip: 👥 sync secrets across teammates & machines: https://dotenvx.com/ops
[dotenv@17.2.3] injecting env (0) from .env -- tip: ⚙️  enable debug logging with { debug: true }
🕓 Iniciando envío automático de noticias diarias...

🗂️ Departamentos con notas hoy: [ 'Guatemala', 'Consejos de Desarrollo', 'Noticias', 'Portada' ]
📊 OjoAlDato cargado: {
  fecha: '23/12/2025',
  departamento: 'Suchitepéquez',
  texto: 'A solicitud de los cocode, la municipalidad de Zunulito (Suchitepéquez) compró a Comercial Abbi 4,000 jumbos de 3 litros, Q22.50 cada uno, para entregar e vecinos.'
}
👥 Suscriptores activos: 34
⚠️ 50432745042: sin contenido relevante → no se envía mensaje.
📡 Enviando mensaje vía API local del bot...
✅ Mensaje enviado a 50255629247 vía bot activo
✅ Enviado a 50255629247
📡 Enviando mensaje vía API local del bot...
✅ Mensaje enviado a 50254747827 vía bot activo
✅ Enviado a 50254747827
⚠️ 50254827902: sin contenido relevante → no se envía mensaje.
📡 Enviando mensaje vía API local del bot...
✅ Mensaje enviado a 50257049220 vía bot activo
✅ Enviado a 50257049220
⚠️ 50230080060: sin contenido relevante → no se envía mensaje.
⚠️ 50247858363: sin contenido relevante → no se envía mensaje.
⚠️ 50232050537: sin contenido relevante → no se envía mensaje.
📡 Enviando mensaje vía API local del bot...
✅ Mensaje enviado a 50253460168 vía bot activo
✅ Enviado a 50253460168
⚠️ 50230465423: sin contenido relevante → no se envía mensaje.
⚠️ 50253065146: sin contenido relevante → no se envía mensaje.
📡 Enviando mensaje vía API local del bot...
✅ Mensaje enviado a 50255284110 vía bot activo
✅ Enviado a 50255284110
⚠️ 50254210055: sin contenido relevante → no se envía mensaje.
⚠️ 50255294247: sin contenido relevante → no se envía mensaje.
📡 Enviando mensaje vía API local del bot...
✅ Mensaje enviado a 50237330000 vía bot activo
✅ Enviado a 50237330000
📡 Enviando mensaje vía API local del bot...
✅ Mensaje enviado a 50245491953 vía bot activo
✅ Enviado a 50245491953
📡 Enviando mensaje vía API local del bot...
✅ Mensaje enviado a 50257186094 vía bot activo
✅ Enviado a 50257186094
⚠️ 50257171707: sin contenido relevante → no se envía mensaje.
📡 Enviando mensaje vía API local del bot...
✅ Mensaje enviado a 50233610326 vía bot activo
✅ Enviado a 50233610326
📡 Enviando mensaje vía API local del bot...
✅ Mensaje enviado a 50259906516 vía bot activo
✅ Enviado a 50259906516
⚠️ 50250190948: sin contenido relevante → no se envía mensaje.
📡 Enviando mensaje vía API local del bot...
✅ Mensaje enviado a 50254263749 vía bot activo
✅ Enviado a 50254263749
📡 Enviando mensaje vía API local del bot...
✅ Mensaje enviado a 50249728550 vía bot activo
✅ Enviado a 50249728550
📡 Enviando mensaje vía API local del bot...
✅ Mensaje enviado a 50235245779 vía bot activo
✅ Enviado a 50235245779
📡 Enviando mensaje vía API local del bot...
✅ Mensaje enviado a 50246532572 vía bot activo
✅ Enviado a 50246532572
⚠️ 50249313997: sin contenido relevante → no se envía mensaje.
📡 Enviando mensaje vía API local del bot...
✅ Mensaje enviado a 50247685876 vía bot activo
✅ Enviado a 50247685876
⚠️ 50246032841: sin contenido relevante → no se envía mensaje.
📡 Enviando mensaje vía API local del bot...
✅ Mensaje enviado a 50255585677 vía bot activo
✅ Enviado a 50255585677
⚠️ 50253556299: sin contenido relevante → no se envía mensaje.
📡 Enviando mensaje vía API local del bot...
✅ Mensaje enviado a 50254608098 vía bot activo
✅ Enviado a 50254608098
📡 Enviando mensaje vía API local del bot...
✅ Mensaje enviado a 50236405651 vía bot activo
✅ Enviado a 50236405651
⚠️ 50258261871: sin contenido relevante → no se envía mensaje.
⚠️ 50237829024: sin contenido relevante → no se envía mensaje.
📡 Enviando mensaje vía API local del bot...
✅ Mensaje enviado a 50255629247 vía bot activo
🟢 Finalizado y DB cerrada.
[dotenv@17.2.3] injecting env (10) from ../.env -- tip: 📡 add observability to secrets: https://dotenvx.com/ops
[dotenv@17.2.3] injecting env (0) from .env -- tip: ⚙️  suppress all logs with { quiet: true }
[dotenv@17.2.3] injecting env (0) from ../.env -- tip: ⚙️  suppress all logs with { quiet: true }
[dotenv@17.2.3] injecting env (0) from .env -- tip: ⚙️  suppress all logs with { quiet: true }
🕓 Iniciando envío automático de noticias diarias...

🗂️ Departamentos con notas hoy: [ '#JotaCe', 'Noticias', 'Portada', 'Retalhuleu' ]
📊 OjoAlDato cargado: {
  fecha: '24/12/2025',
  departamento: 'Guatemala',
  texto: 'La @MuniMixco_ de @NetoBran alquilará un inmueble en Planes de Minerva para el funcionamiento de la Alcaldía Auxiliar Lo de Fuentes zona 11 en 2026, por Q16,300 mensuales.'
}
👥 Suscriptores activos: 34
⚠️ 50432745042: sin contenido relevante → no se envía mensaje.
📡 Enviando mensaje vía API local del bot...
✅ Mensaje enviado a 50255629247 vía bot activo
✅ Enviado a 50255629247
📡 Enviando mensaje vía API local del bot...
✅ Mensaje enviado a 50254747827 vía bot activo
✅ Enviado a 50254747827
⚠️ 50254827902: sin contenido relevante → no se envía mensaje.
📡 Enviando mensaje vía API local del bot...
✅ Mensaje enviado a 50257049220 vía bot activo
✅ Enviado a 50257049220
⚠️ 50230080060: sin contenido relevante → no se envía mensaje.
⚠️ 50247858363: sin contenido relevante → no se envía mensaje.
⚠️ 50232050537: sin contenido relevante → no se envía mensaje.
📡 Enviando mensaje vía API local del bot...
✅ Mensaje enviado a 50253460168 vía bot activo
✅ Enviado a 50253460168
⚠️ 50230465423: sin contenido relevante → no se envía mensaje.
⚠️ 50253065146: sin contenido relevante → no se envía mensaje.
📡 Enviando mensaje vía API local del bot...
✅ Mensaje enviado a 50255284110 vía bot activo
✅ Enviado a 50255284110
⚠️ 50254210055: sin contenido relevante → no se envía mensaje.
⚠️ 50255294247: sin contenido relevante → no se envía mensaje.
📡 Enviando mensaje vía API local del bot...
✅ Mensaje enviado a 50237330000 vía bot activo
✅ Enviado a 50237330000
📡 Enviando mensaje vía API local del bot...
✅ Mensaje enviado a 50245491953 vía bot activo
✅ Enviado a 50245491953
📡 Enviando mensaje vía API local del bot...
✅ Mensaje enviado a 50257186094 vía bot activo
✅ Enviado a 50257186094
⚠️ 50257171707: sin contenido relevante → no se envía mensaje.
📡 Enviando mensaje vía API local del bot...
✅ Mensaje enviado a 50233610326 vía bot activo
✅ Enviado a 50233610326
📡 Enviando mensaje vía API local del bot...
✅ Mensaje enviado a 50259906516 vía bot activo
✅ Enviado a 50259906516
⚠️ 50250190948: sin contenido relevante → no se envía mensaje.
📡 Enviando mensaje vía API local del bot...
✅ Mensaje enviado a 50254263749 vía bot activo
✅ Enviado a 50254263749
📡 Enviando mensaje vía API local del bot...
✅ Mensaje enviado a 50249728550 vía bot activo
✅ Enviado a 50249728550
📡 Enviando mensaje vía API local del bot...
✅ Mensaje enviado a 50235245779 vía bot activo
✅ Enviado a 50235245779
📡 Enviando mensaje vía API local del bot...
✅ Mensaje enviado a 50246532572 vía bot activo
✅ Enviado a 50246532572
⚠️ 50249313997: sin contenido relevante → no se envía mensaje.
📡 Enviando mensaje vía API local del bot...
✅ Mensaje enviado a 50247685876 vía bot activo
✅ Enviado a 50247685876
⚠️ 50246032841: sin contenido relevante → no se envía mensaje.
📡 Enviando mensaje vía API local del bot...
✅ Mensaje enviado a 50255585677 vía bot activo
✅ Enviado a 50255585677
⚠️ 50253556299: sin contenido relevante → no se envía mensaje.
📡 Enviando mensaje vía API local del bot...
✅ Mensaje enviado a 50254608098 vía bot activo
✅ Enviado a 50254608098
📡 Enviando mensaje vía API local del bot...
✅ Mensaje enviado a 50236405651 vía bot activo
✅ Enviado a 50236405651
⚠️ 50258261871: sin contenido relevante → no se envía mensaje.
⚠️ 50237829024: sin contenido relevante → no se envía mensaje.
📡 Enviando mensaje vía API local del bot...
✅ Mensaje enviado a 50255629247 vía bot activo
🟢 Finalizado y DB cerrada.
[dotenv@17.2.3] injecting env (10) from ../.env -- tip: ⚙️  override existing env vars with { override: true }
[dotenv@17.2.3] injecting env (0) from .env -- tip: 🗂️ backup and recover secrets: https://dotenvx.com/ops
[dotenv@17.2.3] injecting env (0) from ../.env -- tip: 🔑 add access controls to secrets: https://dotenvx.com/ops
[dotenv@17.2.3] injecting env (0) from .env -- tip: 👥 sync secrets across teammates & machines: https://dotenvx.com/ops
🕓 Iniciando envío automático de noticias diarias...

🗂️ Departamentos con notas hoy: [
  'Concejos municipales',
  'Jalapa',
  'Noticias',
  'Petén',
  'Portada',
  'Sacatepéquez'
]
📊 OjoAlDato cargado: {
  fecha: '25/12/2025',
  departamento: 'Sololá',
  texto: 'San Marcos La Laguna compra por separado productos para entregar bolsa de alimentos a vecinos (avena, arroz precocido, maíz negro, amarillo y blanco, leche en polvo, atol, frijol negro). Insumos y Alimentos La Ceiba venderá cinco productos. Todo suma Q642,535.'
}
👥 Suscriptores activos: 34
⚠️ 50432745042: sin contenido relevante → no se envía mensaje.
⚠️ 50255629247: sin contenido relevante → no se envía mensaje.
⚠️ 50254747827: sin contenido relevante → no se envía mensaje.
📡 Enviando mensaje vía API local del bot...
✅ Mensaje enviado a 50254827902 vía bot activo
✅ Enviado a 50254827902
📡 Enviando mensaje vía API local del bot...
✅ Mensaje enviado a 50257049220 vía bot activo
✅ Enviado a 50257049220
⚠️ 50230080060: sin contenido relevante → no se envía mensaje.
📡 Enviando mensaje vía API local del bot...
✅ Mensaje enviado a 50247858363 vía bot activo
✅ Enviado a 50247858363
⚠️ 50232050537: sin contenido relevante → no se envía mensaje.
📡 Enviando mensaje vía API local del bot...
✅ Mensaje enviado a 50253460168 vía bot activo
✅ Enviado a 50253460168
⚠️ 50230465423: sin contenido relevante → no se envía mensaje.
⚠️ 50253065146: sin contenido relevante → no se envía mensaje.
📡 Enviando mensaje vía API local del bot...
✅ Mensaje enviado a 50255284110 vía bot activo
✅ Enviado a 50255284110
⚠️ 50254210055: sin contenido relevante → no se envía mensaje.
⚠️ 50255294247: sin contenido relevante → no se envía mensaje.
⚠️ 50237330000: sin contenido relevante → no se envía mensaje.
⚠️ 50245491953: sin contenido relevante → no se envía mensaje.
⚠️ 50257186094: sin contenido relevante → no se envía mensaje.
⚠️ 50257171707: sin contenido relevante → no se envía mensaje.
⚠️ 50233610326: sin contenido relevante → no se envía mensaje.
⚠️ 50259906516: sin contenido relevante → no se envía mensaje.
📡 Enviando mensaje vía API local del bot...
✅ Mensaje enviado a 50250190948 vía bot activo
✅ Enviado a 50250190948
⚠️ 50254263749: sin contenido relevante → no se envía mensaje.
⚠️ 50249728550: sin contenido relevante → no se envía mensaje.
📡 Enviando mensaje vía API local del bot...
✅ Mensaje enviado a 50235245779 vía bot activo
✅ Enviado a 50235245779
⚠️ 50246532572: sin contenido relevante → no se envía mensaje.
⚠️ 50249313997: sin contenido relevante → no se envía mensaje.
📡 Enviando mensaje vía API local del bot...
✅ Mensaje enviado a 50247685876 vía bot activo
✅ Enviado a 50247685876
⚠️ 50246032841: sin contenido relevante → no se envía mensaje.
⚠️ 50255585677: sin contenido relevante → no se envía mensaje.
⚠️ 50253556299: sin contenido relevante → no se envía mensaje.
📡 Enviando mensaje vía API local del bot...
✅ Mensaje enviado a 50254608098 vía bot activo
✅ Enviado a 50254608098
⚠️ 50236405651: sin contenido relevante → no se envía mensaje.
⚠️ 50258261871: sin contenido relevante → no se envía mensaje.
⚠️ 50237829024: sin contenido relevante → no se envía mensaje.
📡 Enviando mensaje vía API local del bot...
✅ Mensaje enviado a 50255629247 vía bot activo
🟢 Finalizado y DB cerrada.
[dotenv@17.2.3] injecting env (10) from ../.env -- tip: ⚙️  suppress all logs with { quiet: true }
[dotenv@17.2.3] injecting env (0) from .env -- tip: ⚙️  override existing env vars with { override: true }
[dotenv@17.2.3] injecting env (0) from .env -- tip: 🗂️ backup and recover secrets: https://dotenvx.com/ops
🗓️ Iniciando envío semanal consolidado...

🗂️ Temas esta semana: [
  'concejos municipales',
  'consejos de desarrollo',
  'acceso a la información'
]
📡 Enviando mensaje vía API local del bot...
✅ Mensaje enviado a 50255629247 vía bot activo
✅ Enviado a 50255629247
📡 Enviando mensaje vía API local del bot...
✅ Mensaje enviado a 50254747827 vía bot activo
✅ Enviado a 50254747827
⚠️ 50254827902: sin contenido → no se envía.
📡 Enviando mensaje vía API local del bot...
✅ Mensaje enviado a 50257049220 vía bot activo
✅ Enviado a 50257049220
📡 Enviando mensaje vía API local del bot...
✅ Mensaje enviado a 50230080060 vía bot activo
✅ Enviado a 50230080060
📡 Enviando mensaje vía API local del bot...
✅ Mensaje enviado a 50247858363 vía bot activo
✅ Enviado a 50247858363
📡 Enviando mensaje vía API local del bot...
✅ Mensaje enviado a 50232050537 vía bot activo
✅ Enviado a 50232050537
📡 Enviando mensaje vía API local del bot...
✅ Mensaje enviado a 50253460168 vía bot activo
✅ Enviado a 50253460168
⚠️ 50230465423: sin contenido → no se envía.
📡 Enviando mensaje vía API local del bot...
✅ Mensaje enviado a 50253065146 vía bot activo
✅ Enviado a 50253065146
📡 Enviando mensaje vía API local del bot...
✅ Mensaje enviado a 50255284110 vía bot activo
✅ Enviado a 50255284110
📡 Enviando mensaje vía API local del bot...
✅ Mensaje enviado a 50254210055 vía bot activo
✅ Enviado a 50254210055
📡 Enviando mensaje vía API local del bot...
✅ Mensaje enviado a 50255294247 vía bot activo
✅ Enviado a 50255294247
📡 Enviando mensaje vía API local del bot...
✅ Mensaje enviado a 50237330000 vía bot activo
✅ Enviado a 50237330000
📡 Enviando mensaje vía API local del bot...
✅ Mensaje enviado a 50245491953 vía bot activo
✅ Enviado a 50245491953
📡 Enviando mensaje vía API local del bot...
✅ Mensaje enviado a 50257186094 vía bot activo
✅ Enviado a 50257186094
📡 Enviando mensaje vía API local del bot...
✅ Mensaje enviado a 50257171707 vía bot activo
✅ Enviado a 50257171707
📡 Enviando mensaje vía API local del bot...
✅ Mensaje enviado a 50233610326 vía bot activo
✅ Enviado a 50233610326
📡 Enviando mensaje vía API local del bot...
✅ Mensaje enviado a 50259906516 vía bot activo
✅ Enviado a 50259906516
📡 Enviando mensaje vía API local del bot...
✅ Mensaje enviado a 50250190948 vía bot activo
✅ Enviado a 50250190948
📡 Enviando mensaje vía API local del bot...
✅ Mensaje enviado a 50254263749 vía bot activo
✅ Enviado a 50254263749
📡 Enviando mensaje vía API local del bot...
✅ Mensaje enviado a 50249728550 vía bot activo
✅ Enviado a 50249728550
📡 Enviando mensaje vía API local del bot...
✅ Mensaje enviado a 50235245779 vía bot activo
✅ Enviado a 50235245779
📡 Enviando mensaje vía API local del bot...
✅ Mensaje enviado a 50246532572 vía bot activo
✅ Enviado a 50246532572
📡 Enviando mensaje vía API local del bot...
✅ Mensaje enviado a 50249313997 vía bot activo
✅ Enviado a 50249313997
📡 Enviando mensaje vía API local del bot...
✅ Mensaje enviado a 50247685876 vía bot activo
✅ Enviado a 50247685876
📡 Enviando mensaje vía API local del bot...
✅ Mensaje enviado a 50246032841 vía bot activo
✅ Enviado a 50246032841
📡 Enviando mensaje vía API local del bot...
✅ Mensaje enviado a 50255585677 vía bot activo
✅ Enviado a 50255585677
📡 Enviando mensaje vía API local del bot...
✅ Mensaje enviado a 50253556299 vía bot activo
✅ Enviado a 50253556299
📡 Enviando mensaje vía API local del bot...
✅ Mensaje enviado a 50254608098 vía bot activo
✅ Enviado a 50254608098
📡 Enviando mensaje vía API local del bot...
✅ Mensaje enviado a 50236405651 vía bot activo
✅ Enviado a 50236405651
📡 Enviando mensaje vía API local del bot...
✅ Mensaje enviado a 50258261871 vía bot activo
✅ Enviado a 50258261871
📡 Enviando mensaje vía API local del bot...
✅ Mensaje enviado a 50237829024 vía bot activo
✅ Enviado a 50237829024
📡 Enviando mensaje vía API local del bot...
✅ Mensaje enviado a 50255629247 vía bot activo

🟢 Finalizado.
[dotenv@17.2.3] injecting env (10) from ../.env -- tip: 👥 sync secrets across teammates & machines: https://dotenvx.com/ops
[dotenv@17.2.3] injecting env (0) from .env -- tip: ✅ audit secrets and track compliance: https://dotenvx.com/ops
[dotenv@17.2.3] injecting env (0) from ../.env -- tip: 📡 add observability to secrets: https://dotenvx.com/ops
[dotenv@17.2.3] injecting env (0) from .env -- tip: ⚙️  specify custom .env file path with { path: '/custom/path/.env' }
🕓 Iniciando envío automático de noticias diarias...

🗂️ Departamentos con notas hoy: [
  'Concejos municipales',
  'Noticias',
  'Portada',
  'Quetzaltenango',
  'Ambiente',
  'Consejos de Desarrollo',
  'Sacatepéquez'
]
📊 OjoAlDato cargado: {
  fecha: '29/12/2025',
  departamento: 'San Marcos',
  texto: 'La Policía Municipal de Ayutla, San Marcos, resguarda los cajeros automáticos en distintos puntos del municipio. Así lo anunció en sus redes sociales donde se observan agentes con pasamontañas y armas tipo metralleta.'
}
👥 Suscriptores activos: 36
⚠️ 50432745042: sin contenido relevante → no se envía mensaje.
⚠️ 50255629247: sin contenido relevante → no se envía mensaje.
⚠️ 50254747827: sin contenido relevante → no se envía mensaje.
⚠️ 50254827902: sin contenido relevante → no se envía mensaje.
📡 Enviando mensaje vía API local del bot...
✅ Mensaje enviado a 50257049220 vía bot activo
✅ Enviado a 50257049220
⚠️ 50230080060: sin contenido relevante → no se envía mensaje.
📡 Enviando mensaje vía API local del bot...
✅ Mensaje enviado a 50247858363 vía bot activo
✅ Enviado a 50247858363
📡 Enviando mensaje vía API local del bot...
✅ Mensaje enviado a 50232050537 vía bot activo
✅ Enviado a 50232050537
⚠️ 50253460168: sin contenido relevante → no se envía mensaje.
⚠️ 50230465423: sin contenido relevante → no se envía mensaje.
⚠️ 50253065146: sin contenido relevante → no se envía mensaje.
⚠️ 50255284110: sin contenido relevante → no se envía mensaje.
⚠️ 50254210055: sin contenido relevante → no se envía mensaje.
⚠️ 50255294247: sin contenido relevante → no se envía mensaje.
⚠️ 50237330000: sin contenido relevante → no se envía mensaje.
⚠️ 50245491953: sin contenido relevante → no se envía mensaje.
⚠️ 50257186094: sin contenido relevante → no se envía mensaje.
📡 Enviando mensaje vía API local del bot...
✅ Mensaje enviado a 50257171707 vía bot activo
✅ Enviado a 50257171707
📡 Enviando mensaje vía API local del bot...
✅ Mensaje enviado a 50233610326 vía bot activo
✅ Enviado a 50233610326
⚠️ 50259906516: sin contenido relevante → no se envía mensaje.
📡 Enviando mensaje vía API local del bot...
✅ Mensaje enviado a 50250190948 vía bot activo
✅ Enviado a 50250190948
⚠️ 50254263749: sin contenido relevante → no se envía mensaje.
⚠️ 50249728550: sin contenido relevante → no se envía mensaje.
📡 Enviando mensaje vía API local del bot...
✅ Mensaje enviado a 50235245779 vía bot activo
✅ Enviado a 50235245779
⚠️ 50246532572: sin contenido relevante → no se envía mensaje.
⚠️ 50249313997: sin contenido relevante → no se envía mensaje.
📡 Enviando mensaje vía API local del bot...
✅ Mensaje enviado a 50247685876 vía bot activo
✅ Enviado a 50247685876
⚠️ 50246032841: sin contenido relevante → no se envía mensaje.
⚠️ 50255585677: sin contenido relevante → no se envía mensaje.
⚠️ 50253556299: sin contenido relevante → no se envía mensaje.
📡 Enviando mensaje vía API local del bot...
✅ Mensaje enviado a 50254608098 vía bot activo
✅ Enviado a 50254608098
⚠️ 50236405651: sin contenido relevante → no se envía mensaje.
⚠️ 50258261871: sin contenido relevante → no se envía mensaje.
⚠️ 50237829024: sin contenido relevante → no se envía mensaje.
⚠️ 263187073118256: sin contenido relevante → no se envía mensaje.
⚠️ 47502556409941: sin contenido relevante → no se envía mensaje.
📡 Enviando mensaje vía API local del bot...
✅ Mensaje enviado a 50255629247 vía bot activo
🟢 Finalizado y DB cerrada.
[dotenv@17.2.3] injecting env (10) from ../.env -- tip: 🛠️  run anywhere with `dotenvx run -- yourcommand`
[dotenv@17.2.3] injecting env (0) from .env -- tip: ✅ audit secrets and track compliance: https://dotenvx.com/ops
[dotenv@17.2.3] injecting env (0) from ../.env -- tip: ⚙️  load multiple .env files with { path: ['.env.local', '.env'] }
[dotenv@17.2.3] injecting env (0) from .env -- tip: ✅ audit secrets and track compliance: https://dotenvx.com/ops
🕓 Iniciando envío automático de noticias diarias...

🗂️ Departamentos con notas hoy: [ 'Guatemala', 'Noticias', 'Portada', 'Chiquimula', 'Congreso' ]
📊 OjoAlDato cargado: {
  fecha: '30/12/2025',
  departamento: 'Chimaltenango',
  texto: 'La municipalidad de Acatenango, Chimaltenango, mandó a imprimir hojas tamaño carta membretadas para uso de la alcaldía. No especifica cuántas, lo hizo a través de baja cuantía por Q5 mil 750. El proveedor es María Magdalena Figueroa.'
}
👥 Suscriptores activos: 36
⚠️ 50432745042: sin contenido relevante → no se envía mensaje.
📡 Enviando mensaje vía API local del bot...
✅ Mensaje enviado a 50255629247 vía bot activo
✅ Enviado a 50255629247
⚠️ 50254747827: sin contenido relevante → no se envía mensaje.
📡 Enviando mensaje vía API local del bot...
✅ Mensaje enviado a 50254827902 vía bot activo
✅ Enviado a 50254827902
📡 Enviando mensaje vía API local del bot...
✅ Mensaje enviado a 50257049220 vía bot activo
✅ Enviado a 50257049220
⚠️ 50230080060: sin contenido relevante → no se envía mensaje.
⚠️ 50247858363: sin contenido relevante → no se envía mensaje.
⚠️ 50232050537: sin contenido relevante → no se envía mensaje.
📡 Enviando mensaje vía API local del bot...
✅ Mensaje enviado a 50253460168 vía bot activo
✅ Enviado a 50253460168
⚠️ 50230465423: sin contenido relevante → no se envía mensaje.
⚠️ 50253065146: sin contenido relevante → no se envía mensaje.
📡 Enviando mensaje vía API local del bot...
✅ Mensaje enviado a 50255284110 vía bot activo
✅ Enviado a 50255284110
⚠️ 50254210055: sin contenido relevante → no se envía mensaje.
📡 Enviando mensaje vía API local del bot...
✅ Mensaje enviado a 50255294247 vía bot activo
✅ Enviado a 50255294247
📡 Enviando mensaje vía API local del bot...
✅ Mensaje enviado a 50237330000 vía bot activo
✅ Enviado a 50237330000
📡 Enviando mensaje vía API local del bot...
✅ Mensaje enviado a 50245491953 vía bot activo
✅ Enviado a 50245491953
📡 Enviando mensaje vía API local del bot...
✅ Mensaje enviado a 50257186094 vía bot activo
✅ Enviado a 50257186094
⚠️ 50257171707: sin contenido relevante → no se envía mensaje.
📡 Enviando mensaje vía API local del bot...
✅ Mensaje enviado a 50233610326 vía bot activo
✅ Enviado a 50233610326
📡 Enviando mensaje vía API local del bot...
✅ Mensaje enviado a 50259906516 vía bot activo
✅ Enviado a 50259906516
⚠️ 50250190948: sin contenido relevante → no se envía mensaje.
📡 Enviando mensaje vía API local del bot...
✅ Mensaje enviado a 50254263749 vía bot activo
✅ Enviado a 50254263749
📡 Enviando mensaje vía API local del bot...
✅ Mensaje enviado a 50249728550 vía bot activo
✅ Enviado a 50249728550
📡 Enviando mensaje vía API local del bot...
✅ Mensaje enviado a 50235245779 vía bot activo
✅ Enviado a 50235245779
📡 Enviando mensaje vía API local del bot...
✅ Mensaje enviado a 50246532572 vía bot activo
✅ Enviado a 50246532572
📡 Enviando mensaje vía API local del bot...
✅ Mensaje enviado a 50249313997 vía bot activo
✅ Enviado a 50249313997
📡 Enviando mensaje vía API local del bot...
✅ Mensaje enviado a 50247685876 vía bot activo
✅ Enviado a 50247685876
⚠️ 50246032841: sin contenido relevante → no se envía mensaje.
📡 Enviando mensaje vía API local del bot...
✅ Mensaje enviado a 50255585677 vía bot activo
✅ Enviado a 50255585677
⚠️ 50253556299: sin contenido relevante → no se envía mensaje.
📡 Enviando mensaje vía API local del bot...
✅ Mensaje enviado a 50254608098 vía bot activo
✅ Enviado a 50254608098
📡 Enviando mensaje vía API local del bot...
✅ Mensaje enviado a 50236405651 vía bot activo
✅ Enviado a 50236405651
⚠️ 50258261871: sin contenido relevante → no se envía mensaje.
⚠️ 50237829024: sin contenido relevante → no se envía mensaje.
⚠️ 263187073118256: sin contenido relevante → no se envía mensaje.
⚠️ 47502556409941: sin contenido relevante → no se envía mensaje.
📡 Enviando mensaje vía API local del bot...
✅ Mensaje enviado a 50255629247 vía bot activo
🟢 Finalizado y DB cerrada.
[dotenv@17.2.3] injecting env (10) from ../.env -- tip: 🔐 prevent committing .env to code: https://dotenvx.com/precommit
[dotenv@17.2.3] injecting env (0) from .env -- tip: ⚙️  enable debug logging with { debug: true }
[dotenv@17.2.3] injecting env (0) from ../.env -- tip: ⚙️  override existing env vars with { override: true }
[dotenv@17.2.3] injecting env (0) from .env -- tip: ✅ audit secrets and track compliance: https://dotenvx.com/ops
🕓 Iniciando envío automático de noticias diarias...

🗂️ Departamentos con notas hoy: [ '#JotaCe', 'Guatemala', 'Noticias', 'Portada' ]
📊 OjoAlDato cargado: {
  fecha: '31/12/2025',
  departamento: 'Jalapa',
  texto: 'La Empresa Municipal de Agua de Jalpatagua, Jalapa, contrató los servicios de Marvin Estuardo Escobar de Proyectos Elite, para el mantenimiento preventivo y correctivo a equipos de bombeo del pozo mecánico San Francisco. Los trabajo se hicieron por Q.250 mil.'
}
👥 Suscriptores activos: 36
⚠️ 50432745042: sin contenido relevante → no se envía mensaje.
📡 Enviando mensaje vía API local del bot...
✅ Mensaje enviado a 50255629247 vía bot activo
✅ Enviado a 50255629247
⚠️ 50254747827: sin contenido relevante → no se envía mensaje.
📡 Enviando mensaje vía API local del bot...
✅ Mensaje enviado a 50254827902 vía bot activo
✅ Enviado a 50254827902
📡 Enviando mensaje vía API local del bot...
✅ Mensaje enviado a 50257049220 vía bot activo
✅ Enviado a 50257049220
⚠️ 50230080060: sin contenido relevante → no se envía mensaje.
⚠️ 50247858363: sin contenido relevante → no se envía mensaje.
⚠️ 50232050537: sin contenido relevante → no se envía mensaje.
📡 Enviando mensaje vía API local del bot...
✅ Mensaje enviado a 50253460168 vía bot activo
✅ Enviado a 50253460168
⚠️ 50230465423: sin contenido relevante → no se envía mensaje.
⚠️ 50253065146: sin contenido relevante → no se envía mensaje.
📡 Enviando mensaje vía API local del bot...
✅ Mensaje enviado a 50255284110 vía bot activo
✅ Enviado a 50255284110
⚠️ 50254210055: sin contenido relevante → no se envía mensaje.
⚠️ 50255294247: sin contenido relevante → no se envía mensaje.
📡 Enviando mensaje vía API local del bot...
✅ Mensaje enviado a 50237330000 vía bot activo
✅ Enviado a 50237330000
📡 Enviando mensaje vía API local del bot...
✅ Mensaje enviado a 50245491953 vía bot activo
✅ Enviado a 50245491953
📡 Enviando mensaje vía API local del bot...
✅ Mensaje enviado a 50257186094 vía bot activo
✅ Enviado a 50257186094
⚠️ 50257171707: sin contenido relevante → no se envía mensaje.
📡 Enviando mensaje vía API local del bot...
✅ Mensaje enviado a 50233610326 vía bot activo
✅ Enviado a 50233610326
📡 Enviando mensaje vía API local del bot...
✅ Mensaje enviado a 50259906516 vía bot activo
✅ Enviado a 50259906516
⚠️ 50250190948: sin contenido relevante → no se envía mensaje.
📡 Enviando mensaje vía API local del bot...
✅ Mensaje enviado a 50254263749 vía bot activo
✅ Enviado a 50254263749
📡 Enviando mensaje vía API local del bot...
✅ Mensaje enviado a 50249728550 vía bot activo
✅ Enviado a 50249728550
📡 Enviando mensaje vía API local del bot...
✅ Mensaje enviado a 50235245779 vía bot activo
✅ Enviado a 50235245779
📡 Enviando mensaje vía API local del bot...
✅ Mensaje enviado a 50246532572 vía bot activo
✅ Enviado a 50246532572
⚠️ 50249313997: sin contenido relevante → no se envía mensaje.
📡 Enviando mensaje vía API local del bot...
✅ Mensaje enviado a 50247685876 vía bot activo
✅ Enviado a 50247685876
⚠️ 50246032841: sin contenido relevante → no se envía mensaje.
📡 Enviando mensaje vía API local del bot...
✅ Mensaje enviado a 50255585677 vía bot activo
✅ Enviado a 50255585677
⚠️ 50253556299: sin contenido relevante → no se envía mensaje.
📡 Enviando mensaje vía API local del bot...
✅ Mensaje enviado a 50254608098 vía bot activo
✅ Enviado a 50254608098
📡 Enviando mensaje vía API local del bot...
✅ Mensaje enviado a 50236405651 vía bot activo
✅ Enviado a 50236405651
⚠️ 50258261871: sin contenido relevante → no se envía mensaje.
⚠️ 50237829024: sin contenido relevante → no se envía mensaje.
⚠️ 263187073118256: sin contenido relevante → no se envía mensaje.
⚠️ 47502556409941: sin contenido relevante → no se envía mensaje.
📡 Enviando mensaje vía API local del bot...
✅ Mensaje enviado a 50255629247 vía bot activo
🟢 Finalizado y DB cerrada.
[dotenv@17.2.3] injecting env (10) from ../.env -- tip: ⚙️  load multiple .env files with { path: ['.env.local', '.env'] }
[dotenv@17.2.3] injecting env (0) from .env -- tip: 🔐 prevent building .env in docker: https://dotenvx.com/prebuild
[dotenv@17.2.3] injecting env (0) from ../.env -- tip: ⚙️  suppress all logs with { quiet: true }
[dotenv@17.2.3] injecting env (0) from .env -- tip: ⚙️  write to custom object with { processEnv: myObject }
🕓 Iniciando envío automático de noticias diarias...

🗂️ Departamentos con notas hoy: []
📊 OjoAlDato cargado: {
  fecha: '1/1/2026',
  departamento: 'San Marcos',
  texto: 'A la cancha polideportiva de la aldea San Juan Meléndez de Catarina, San Marcos, le hicieron algunas mejoras. Los trabajos estuvieron a cargo de Arrquitec por Q515 mil. Fue a solicitud del cocode de la comunidad que pidió techar el lugar.'
}
👥 Suscriptores activos: 36
⚠️ 50432745042: sin contenido relevante → no se envía mensaje.
⚠️ 50255629247: sin contenido relevante → no se envía mensaje.
⚠️ 50254747827: sin contenido relevante → no se envía mensaje.
⚠️ 50254827902: sin contenido relevante → no se envía mensaje.
📡 Enviando mensaje vía API local del bot...
✅ Mensaje enviado a 50257049220 vía bot activo
✅ Enviado a 50257049220
⚠️ 50230080060: sin contenido relevante → no se envía mensaje.
⚠️ 50247858363: sin contenido relevante → no se envía mensaje.
📡 Enviando mensaje vía API local del bot...
✅ Mensaje enviado a 50232050537 vía bot activo
✅ Enviado a 50232050537
⚠️ 50253460168: sin contenido relevante → no se envía mensaje.
⚠️ 50230465423: sin contenido relevante → no se envía mensaje.
⚠️ 50253065146: sin contenido relevante → no se envía mensaje.
⚠️ 50255284110: sin contenido relevante → no se envía mensaje.
⚠️ 50254210055: sin contenido relevante → no se envía mensaje.
⚠️ 50255294247: sin contenido relevante → no se envía mensaje.
⚠️ 50237330000: sin contenido relevante → no se envía mensaje.
⚠️ 50245491953: sin contenido relevante → no se envía mensaje.
⚠️ 50257186094: sin contenido relevante → no se envía mensaje.
⚠️ 50257171707: sin contenido relevante → no se envía mensaje.
⚠️ 50233610326: sin contenido relevante → no se envía mensaje.
⚠️ 50259906516: sin contenido relevante → no se envía mensaje.
⚠️ 50250190948: sin contenido relevante → no se envía mensaje.
⚠️ 50254263749: sin contenido relevante → no se envía mensaje.
⚠️ 50249728550: sin contenido relevante → no se envía mensaje.
⚠️ 50235245779: sin contenido relevante → no se envía mensaje.
⚠️ 50246532572: sin contenido relevante → no se envía mensaje.
⚠️ 50249313997: sin contenido relevante → no se envía mensaje.
📡 Enviando mensaje vía API local del bot...
✅ Mensaje enviado a 50247685876 vía bot activo
✅ Enviado a 50247685876
⚠️ 50246032841: sin contenido relevante → no se envía mensaje.
⚠️ 50255585677: sin contenido relevante → no se envía mensaje.
⚠️ 50253556299: sin contenido relevante → no se envía mensaje.
⚠️ 50254608098: sin contenido relevante → no se envía mensaje.
⚠️ 50236405651: sin contenido relevante → no se envía mensaje.
⚠️ 50258261871: sin contenido relevante → no se envía mensaje.
⚠️ 50237829024: sin contenido relevante → no se envía mensaje.
⚠️ 263187073118256: sin contenido relevante → no se envía mensaje.
⚠️ 47502556409941: sin contenido relevante → no se envía mensaje.
📡 Enviando mensaje vía API local del bot...
✅ Mensaje enviado a 50255629247 vía bot activo
🟢 Finalizado y DB cerrada.
[dotenv@17.2.3] injecting env (10) from ../.env -- tip: 📡 add observability to secrets: https://dotenvx.com/ops
[dotenv@17.2.3] injecting env (0) from .env -- tip: ⚙️  override existing env vars with { override: true }
[dotenv@17.2.3] injecting env (0) from .env -- tip: ⚙️  enable debug logging with { debug: true }
🗓️ Iniciando envío semanal consolidado...

🗂️ Temas esta semana: [
  'concejos municipales',
  'congreso',
  'ambiente',
  'consejos de desarrollo'
]
📡 Enviando mensaje vía API local del bot...
✅ Mensaje enviado a 50255629247 vía bot activo
✅ Enviado a 50255629247
📡 Enviando mensaje vía API local del bot...
✅ Mensaje enviado a 50254747827 vía bot activo
✅ Enviado a 50254747827
⚠️ 50254827902: sin contenido → no se envía.
📡 Enviando mensaje vía API local del bot...
✅ Mensaje enviado a 50257049220 vía bot activo
✅ Enviado a 50257049220
📡 Enviando mensaje vía API local del bot...
✅ Mensaje enviado a 50230080060 vía bot activo
✅ Enviado a 50230080060
📡 Enviando mensaje vía API local del bot...
✅ Mensaje enviado a 50247858363 vía bot activo
✅ Enviado a 50247858363
📡 Enviando mensaje vía API local del bot...
✅ Mensaje enviado a 50232050537 vía bot activo
✅ Enviado a 50232050537
📡 Enviando mensaje vía API local del bot...
✅ Mensaje enviado a 50253460168 vía bot activo
✅ Enviado a 50253460168
⚠️ 50230465423: sin contenido → no se envía.
📡 Enviando mensaje vía API local del bot...
✅ Mensaje enviado a 50253065146 vía bot activo
✅ Enviado a 50253065146
📡 Enviando mensaje vía API local del bot...
✅ Mensaje enviado a 50255284110 vía bot activo
✅ Enviado a 50255284110
📡 Enviando mensaje vía API local del bot...
✅ Mensaje enviado a 50254210055 vía bot activo
✅ Enviado a 50254210055
📡 Enviando mensaje vía API local del bot...
✅ Mensaje enviado a 50255294247 vía bot activo
✅ Enviado a 50255294247
📡 Enviando mensaje vía API local del bot...
✅ Mensaje enviado a 50237330000 vía bot activo
✅ Enviado a 50237330000
📡 Enviando mensaje vía API local del bot...
✅ Mensaje enviado a 50245491953 vía bot activo
✅ Enviado a 50245491953
📡 Enviando mensaje vía API local del bot...
✅ Mensaje enviado a 50257186094 vía bot activo
✅ Enviado a 50257186094
📡 Enviando mensaje vía API local del bot...
✅ Mensaje enviado a 50257171707 vía bot activo
✅ Enviado a 50257171707
📡 Enviando mensaje vía API local del bot...
✅ Mensaje enviado a 50233610326 vía bot activo
✅ Enviado a 50233610326
📡 Enviando mensaje vía API local del bot...
✅ Mensaje enviado a 50259906516 vía bot activo
✅ Enviado a 50259906516
📡 Enviando mensaje vía API local del bot...
✅ Mensaje enviado a 50250190948 vía bot activo
✅ Enviado a 50250190948
📡 Enviando mensaje vía API local del bot...
✅ Mensaje enviado a 50254263749 vía bot activo
✅ Enviado a 50254263749
📡 Enviando mensaje vía API local del bot...
✅ Mensaje enviado a 50249728550 vía bot activo
✅ Enviado a 50249728550
📡 Enviando mensaje vía API local del bot...
✅ Mensaje enviado a 50235245779 vía bot activo
✅ Enviado a 50235245779
📡 Enviando mensaje vía API local del bot...
✅ Mensaje enviado a 50246532572 vía bot activo
✅ Enviado a 50246532572
📡 Enviando mensaje vía API local del bot...
✅ Mensaje enviado a 50249313997 vía bot activo
✅ Enviado a 50249313997
📡 Enviando mensaje vía API local del bot...
✅ Mensaje enviado a 50247685876 vía bot activo
✅ Enviado a 50247685876
📡 Enviando mensaje vía API local del bot...
✅ Mensaje enviado a 50246032841 vía bot activo
✅ Enviado a 50246032841
📡 Enviando mensaje vía API local del bot...
✅ Mensaje enviado a 50255585677 vía bot activo
✅ Enviado a 50255585677
📡 Enviando mensaje vía API local del bot...
✅ Mensaje enviado a 50253556299 vía bot activo
✅ Enviado a 50253556299
📡 Enviando mensaje vía API local del bot...
✅ Mensaje enviado a 50254608098 vía bot activo
✅ Enviado a 50254608098
📡 Enviando mensaje vía API local del bot...
✅ Mensaje enviado a 50236405651 vía bot activo
✅ Enviado a 50236405651
📡 Enviando mensaje vía API local del bot...
✅ Mensaje enviado a 50258261871 vía bot activo
✅ Enviado a 50258261871
📡 Enviando mensaje vía API local del bot...
✅ Mensaje enviado a 50237829024 vía bot activo
✅ Enviado a 50237829024
📡 Enviando mensaje vía API local del bot...
❌ Error al enviar mensaje vía API local: HTTP 500 No LID for user
❌ Error enviando a 263187073118256: HTTP 500 No LID for user
📡 Enviando mensaje vía API local del bot...
❌ Error al enviar mensaje vía API local: HTTP 500 No LID for user
❌ Error enviando a 47502556409941: HTTP 500 No LID for user
📡 Enviando mensaje vía API local del bot...
✅ Mensaje enviado a 50255629247 vía bot activo

🟢 Finalizado.
[dotenv@17.2.3] injecting env (10) from ../.env -- tip: 🗂️ backup and recover secrets: https://dotenvx.com/ops
[dotenv@17.2.3] injecting env (0) from .env -- tip: 🗂️ backup and recover secrets: https://dotenvx.com/ops
[dotenv@17.2.3] injecting env (0) from ../.env -- tip: ✅ audit secrets and track compliance: https://dotenvx.com/ops
[dotenv@17.2.3] injecting env (0) from .env -- tip: ✅ audit secrets and track compliance: https://dotenvx.com/ops
🕓 Iniciando envío automático de noticias diarias...

🗂️ Departamentos con notas hoy: [
  'Guatemala',
  'Noticias',
  'Portada',
  'Acceso a la Información',
  'Ley de Acceso a La información Pública',
  'Movilidad'
]
📊 OjoAlDato cargado: {
  fecha: '5/1/2026',
  departamento: 'Quetzaltenango',
  texto: 'La municipalidad de Cajolá, Quetzaltenango, amplía la escuela primaria Oficial Rural Mixta del Cantón Xecol, por Q899 mil 600. Los trabajos los solicitó el cocode de la comunidad. El único oferente fue Servicios de Ingeniería Civil Seic.'
}
👥 Suscriptores activos: 37
⚠️ 50432745042: sin contenido relevante → no se envía mensaje.
📡 Enviando mensaje vía API local del bot...
✅ Mensaje enviado a 50255629247 vía bot activo
✅ Enviado a 50255629247
⚠️ 50254747827: sin contenido relevante → no se envía mensaje.
⚠️ 50254827902: sin contenido relevante → no se envía mensaje.
📡 Enviando mensaje vía API local del bot...
✅ Mensaje enviado a 50257049220 vía bot activo
✅ Enviado a 50257049220
⚠️ 50230080060: sin contenido relevante → no se envía mensaje.
⚠️ 50247858363: sin contenido relevante → no se envía mensaje.
📡 Enviando mensaje vía API local del bot...
✅ Mensaje enviado a 50232050537 vía bot activo
✅ Enviado a 50232050537
📡 Enviando mensaje vía API local del bot...
✅ Mensaje enviado a 50253460168 vía bot activo
✅ Enviado a 50253460168
⚠️ 50230465423: sin contenido relevante → no se envía mensaje.
⚠️ 50253065146: sin contenido relevante → no se envía mensaje.
📡 Enviando mensaje vía API local del bot...
✅ Mensaje enviado a 50255284110 vía bot activo
✅ Enviado a 50255284110
⚠️ 50254210055: sin contenido relevante → no se envía mensaje.
⚠️ 50255294247: sin contenido relevante → no se envía mensaje.
📡 Enviando mensaje vía API local del bot...
✅ Mensaje enviado a 50237330000 vía bot activo
✅ Enviado a 50237330000
📡 Enviando mensaje vía API local del bot...
✅ Mensaje enviado a 50245491953 vía bot activo
✅ Enviado a 50245491953
📡 Enviando mensaje vía API local del bot...
✅ Mensaje enviado a 50257186094 vía bot activo
✅ Enviado a 50257186094
📡 Enviando mensaje vía API local del bot...
✅ Mensaje enviado a 50257171707 vía bot activo
✅ Enviado a 50257171707
📡 Enviando mensaje vía API local del bot...
✅ Mensaje enviado a 50233610326 vía bot activo
✅ Enviado a 50233610326
📡 Enviando mensaje vía API local del bot...
✅ Mensaje enviado a 50259906516 vía bot activo
✅ Enviado a 50259906516
📡 Enviando mensaje vía API local del bot...
✅ Mensaje enviado a 50250190948 vía bot activo
✅ Enviado a 50250190948
📡 Enviando mensaje vía API local del bot...
✅ Mensaje enviado a 50254263749 vía bot activo
✅ Enviado a 50254263749
📡 Enviando mensaje vía API local del bot...
✅ Mensaje enviado a 50249728550 vía bot activo
✅ Enviado a 50249728550
📡 Enviando mensaje vía API local del bot...
✅ Mensaje enviado a 50235245779 vía bot activo
✅ Enviado a 50235245779
📡 Enviando mensaje vía API local del bot...
✅ Mensaje enviado a 50246532572 vía bot activo
✅ Enviado a 50246532572
⚠️ 50249313997: sin contenido relevante → no se envía mensaje.
📡 Enviando mensaje vía API local del bot...
✅ Mensaje enviado a 50247685876 vía bot activo
✅ Enviado a 50247685876
⚠️ 50246032841: sin contenido relevante → no se envía mensaje.
📡 Enviando mensaje vía API local del bot...
✅ Mensaje enviado a 50255585677 vía bot activo
✅ Enviado a 50255585677
⚠️ 50253556299: sin contenido relevante → no se envía mensaje.
📡 Enviando mensaje vía API local del bot...
✅ Mensaje enviado a 50254608098 vía bot activo
✅ Enviado a 50254608098
📡 Enviando mensaje vía API local del bot...
✅ Mensaje enviado a 50236405651 vía bot activo
✅ Enviado a 50236405651
⚠️ 50258261871: sin contenido relevante → no se envía mensaje.
⚠️ 50237829024: sin contenido relevante → no se envía mensaje.
⚠️ 263187073118256: sin contenido relevante → no se envía mensaje.
⚠️ 47502556409941: sin contenido relevante → no se envía mensaje.
⚠️ 222337622368377: sin contenido relevante → no se envía mensaje.
📡 Enviando mensaje vía API local del bot...
✅ Mensaje enviado a 50255629247 vía bot activo
🟢 Finalizado y DB cerrada.
[dotenv@17.2.3] injecting env (10) from ../.env -- tip: ⚙️  override existing env vars with { override: true }
[dotenv@17.2.3] injecting env (0) from .env -- tip: ✅ audit secrets and track compliance: https://dotenvx.com/ops
[dotenv@17.2.3] injecting env (0) from ../.env -- tip: 🗂️ backup and recover secrets: https://dotenvx.com/ops
[dotenv@17.2.3] injecting env (0) from .env -- tip: 👥 sync secrets across teammates & machines: https://dotenvx.com/ops
🕓 Iniciando envío automático de noticias diarias...

🗂️ Departamentos con notas hoy: [
  'Concejos municipales',
  'Guatemala',
  'Noticias',
  'Portada',
  'Quetzaltenango'
]
📊 OjoAlDato cargado: {
  fecha: '6/1/2026',
  departamento: 'San Marcos',
  texto: 'Al edificio Social y Cultural de Ayutla, San Marcos, le harán mejoras por Q16 millones 364 mil 114. Se presentaron tres ofertas, eligieron la más baja presentada por Marta Elizabeth Ardón Sagastume, de Gasolinera el Jocotillo y Servicios Consolidados'
}
👥 Suscriptores activos: 38
⚠️ 50432745042: sin contenido relevante → no se envía mensaje.
📡 Enviando mensaje vía API local del bot...
✅ Mensaje enviado a 50255629247 vía bot activo
✅ Enviado a 50255629247
⚠️ 50254747827: sin contenido relevante → no se envía mensaje.
⚠️ 50254827902: sin contenido relevante → no se envía mensaje.
📡 Enviando mensaje vía API local del bot...
✅ Mensaje enviado a 50257049220 vía bot activo
✅ Enviado a 50257049220
⚠️ 50230080060: sin contenido relevante → no se envía mensaje.
⚠️ 50247858363: sin contenido relevante → no se envía mensaje.
📡 Enviando mensaje vía API local del bot...
✅ Mensaje enviado a 50232050537 vía bot activo
✅ Enviado a 50232050537
📡 Enviando mensaje vía API local del bot...
✅ Mensaje enviado a 50253460168 vía bot activo
✅ Enviado a 50253460168
⚠️ 50230465423: sin contenido relevante → no se envía mensaje.
⚠️ 50253065146: sin contenido relevante → no se envía mensaje.
📡 Enviando mensaje vía API local del bot...
✅ Mensaje enviado a 50255284110 vía bot activo
✅ Enviado a 50255284110
⚠️ 50254210055: sin contenido relevante → no se envía mensaje.
⚠️ 50255294247: sin contenido relevante → no se envía mensaje.
📡 Enviando mensaje vía API local del bot...
✅ Mensaje enviado a 50237330000 vía bot activo
✅ Enviado a 50237330000
📡 Enviando mensaje vía API local del bot...
✅ Mensaje enviado a 50245491953 vía bot activo
✅ Enviado a 50245491953
📡 Enviando mensaje vía API local del bot...
✅ Mensaje enviado a 50257186094 vía bot activo
✅ Enviado a 50257186094
📡 Enviando mensaje vía API local del bot...
✅ Mensaje enviado a 50257171707 vía bot activo
✅ Enviado a 50257171707
📡 Enviando mensaje vía API local del bot...
✅ Mensaje enviado a 50233610326 vía bot activo
✅ Enviado a 50233610326
📡 Enviando mensaje vía API local del bot...
✅ Mensaje enviado a 50259906516 vía bot activo
✅ Enviado a 50259906516
📡 Enviando mensaje vía API local del bot...
✅ Mensaje enviado a 50250190948 vía bot activo
✅ Enviado a 50250190948
📡 Enviando mensaje vía API local del bot...
✅ Mensaje enviado a 50254263749 vía bot activo
✅ Enviado a 50254263749
📡 Enviando mensaje vía API local del bot...
✅ Mensaje enviado a 50249728550 vía bot activo
✅ Enviado a 50249728550
📡 Enviando mensaje vía API local del bot...
✅ Mensaje enviado a 50235245779 vía bot activo
✅ Enviado a 50235245779
📡 Enviando mensaje vía API local del bot...
✅ Mensaje enviado a 50246532572 vía bot activo
✅ Enviado a 50246532572
⚠️ 50249313997: sin contenido relevante → no se envía mensaje.
📡 Enviando mensaje vía API local del bot...
✅ Mensaje enviado a 50247685876 vía bot activo
✅ Enviado a 50247685876
⚠️ 50246032841: sin contenido relevante → no se envía mensaje.
📡 Enviando mensaje vía API local del bot...
✅ Mensaje enviado a 50255585677 vía bot activo
✅ Enviado a 50255585677
⚠️ 50253556299: sin contenido relevante → no se envía mensaje.
📡 Enviando mensaje vía API local del bot...
✅ Mensaje enviado a 50254608098 vía bot activo
✅ Enviado a 50254608098
📡 Enviando mensaje vía API local del bot...
✅ Mensaje enviado a 50236405651 vía bot activo
✅ Enviado a 50236405651
⚠️ 50258261871: sin contenido relevante → no se envía mensaje.
⚠️ 50237829024: sin contenido relevante → no se envía mensaje.
⚠️ 263187073118256: sin contenido relevante → no se envía mensaje.
⚠️ 47502556409941: sin contenido relevante → no se envía mensaje.
⚠️ 222337622368377: sin contenido relevante → no se envía mensaje.
⚠️ 230433753137354: sin contenido relevante → no se envía mensaje.
📡 Enviando mensaje vía API local del bot...
✅ Mensaje enviado a 50255629247 vía bot activo
🟢 Finalizado y DB cerrada.
[dotenv@17.2.3] injecting env (10) from ../.env -- tip: ✅ audit secrets and track compliance: https://dotenvx.com/ops
[dotenv@17.2.3] injecting env (0) from .env -- tip: 🔐 prevent committing .env to code: https://dotenvx.com/precommit
[dotenv@17.2.3] injecting env (0) from ../.env -- tip: 🔑 add access controls to secrets: https://dotenvx.com/ops
[dotenv@17.2.3] injecting env (0) from .env -- tip: ⚙️  specify custom .env file path with { path: '/custom/path/.env' }
🕓 Iniciando envío automático de noticias diarias...

🗂️ Departamentos con notas hoy: [ 'Concejos municipales', 'Portada', 'Quetzaltenango' ]
⚠️ No hay #OjoAlDato para hoy (7/1/2026)
⚠️ OjoAlDato no disponible hoy
👥 Suscriptores activos: 38
⚠️ 50432745042: sin contenido relevante → no se envía mensaje.
⚠️ 50255629247: sin contenido relevante → no se envía mensaje.
⚠️ 50254747827: sin contenido relevante → no se envía mensaje.
⚠️ 50254827902: sin contenido relevante → no se envía mensaje.
📡 Enviando mensaje vía API local del bot...
✅ Mensaje enviado a 50257049220 vía bot activo
✅ Enviado a 50257049220
⚠️ 50230080060: sin contenido relevante → no se envía mensaje.
⚠️ 50247858363: sin contenido relevante → no se envía mensaje.
📡 Enviando mensaje vía API local del bot...
✅ Mensaje enviado a 50232050537 vía bot activo
✅ Enviado a 50232050537
⚠️ 50253460168: sin contenido relevante → no se envía mensaje.
⚠️ 50230465423: sin contenido relevante → no se envía mensaje.
⚠️ 50253065146: sin contenido relevante → no se envía mensaje.
⚠️ 50255284110: sin contenido relevante → no se envía mensaje.
⚠️ 50254210055: sin contenido relevante → no se envía mensaje.
⚠️ 50255294247: sin contenido relevante → no se envía mensaje.
⚠️ 50237330000: sin contenido relevante → no se envía mensaje.
⚠️ 50245491953: sin contenido relevante → no se envía mensaje.
⚠️ 50257186094: sin contenido relevante → no se envía mensaje.
📡 Enviando mensaje vía API local del bot...
✅ Mensaje enviado a 50257171707 vía bot activo
✅ Enviado a 50257171707
📡 Enviando mensaje vía API local del bot...
✅ Mensaje enviado a 50233610326 vía bot activo
✅ Enviado a 50233610326
⚠️ 50259906516: sin contenido relevante → no se envía mensaje.
📡 Enviando mensaje vía API local del bot...
✅ Mensaje enviado a 50250190948 vía bot activo
✅ Enviado a 50250190948
⚠️ 50254263749: sin contenido relevante → no se envía mensaje.
⚠️ 50249728550: sin contenido relevante → no se envía mensaje.
📡 Enviando mensaje vía API local del bot...
✅ Mensaje enviado a 50235245779 vía bot activo
✅ Enviado a 50235245779
⚠️ 50246532572: sin contenido relevante → no se envía mensaje.
⚠️ 50249313997: sin contenido relevante → no se envía mensaje.
📡 Enviando mensaje vía API local del bot...
✅ Mensaje enviado a 50247685876 vía bot activo
✅ Enviado a 50247685876
⚠️ 50246032841: sin contenido relevante → no se envía mensaje.
⚠️ 50255585677: sin contenido relevante → no se envía mensaje.
⚠️ 50253556299: sin contenido relevante → no se envía mensaje.
⚠️ 50254608098: sin contenido relevante → no se envía mensaje.
⚠️ 50236405651: sin contenido relevante → no se envía mensaje.
⚠️ 50258261871: sin contenido relevante → no se envía mensaje.
⚠️ 50237829024: sin contenido relevante → no se envía mensaje.
⚠️ 263187073118256: sin contenido relevante → no se envía mensaje.
⚠️ 47502556409941: sin contenido relevante → no se envía mensaje.
⚠️ 222337622368377: sin contenido relevante → no se envía mensaje.
⚠️ 230433753137354: sin contenido relevante → no se envía mensaje.
📡 Enviando mensaje vía API local del bot...
✅ Mensaje enviado a 50255629247 vía bot activo
🟢 Finalizado y DB cerrada.
[dotenv@17.2.3] injecting env (10) from ../.env -- tip: 🔐 prevent committing .env to code: https://dotenvx.com/precommit
[dotenv@17.2.3] injecting env (0) from .env -- tip: ✅ audit secrets and track compliance: https://dotenvx.com/ops
[dotenv@17.2.3] injecting env (0) from ../.env -- tip: 🔐 prevent building .env in docker: https://dotenvx.com/prebuild
[dotenv@17.2.3] injecting env (0) from .env -- tip: 📡 add observability to secrets: https://dotenvx.com/ops
🕓 Iniciando envío automático de noticias diarias...

🗂️ Departamentos con notas hoy: [
  'Concejos municipales',
  'Guatemala',
  'Noticias',
  'Portada',
  'Quetzaltenango'
]
⚠️ No hay #OjoAlDato para hoy (8/1/2026)
⚠️ OjoAlDato no disponible hoy
👥 Suscriptores activos: 38
⚠️ 50432745042: sin contenido relevante → no se envía mensaje.
📡 Enviando mensaje vía API local del bot...
✅ Mensaje enviado a 50255629247 vía bot activo
✅ Enviado a 50255629247
⚠️ 50254747827: sin contenido relevante → no se envía mensaje.
⚠️ 50254827902: sin contenido relevante → no se envía mensaje.
📡 Enviando mensaje vía API local del bot...
✅ Mensaje enviado a 50257049220 vía bot activo
✅ Enviado a 50257049220
⚠️ 50230080060: sin contenido relevante → no se envía mensaje.
⚠️ 50247858363: sin contenido relevante → no se envía mensaje.
📡 Enviando mensaje vía API local del bot...
✅ Mensaje enviado a 50232050537 vía bot activo
✅ Enviado a 50232050537
📡 Enviando mensaje vía API local del bot...
✅ Mensaje enviado a 50253460168 vía bot activo
✅ Enviado a 50253460168
⚠️ 50230465423: sin contenido relevante → no se envía mensaje.
⚠️ 50253065146: sin contenido relevante → no se envía mensaje.
📡 Enviando mensaje vía API local del bot...
✅ Mensaje enviado a 50255284110 vía bot activo
✅ Enviado a 50255284110
⚠️ 50254210055: sin contenido relevante → no se envía mensaje.
⚠️ 50255294247: sin contenido relevante → no se envía mensaje.
📡 Enviando mensaje vía API local del bot...
✅ Mensaje enviado a 50237330000 vía bot activo
✅ Enviado a 50237330000
📡 Enviando mensaje vía API local del bot...
✅ Mensaje enviado a 50245491953 vía bot activo
✅ Enviado a 50245491953
📡 Enviando mensaje vía API local del bot...
✅ Mensaje enviado a 50257186094 vía bot activo
✅ Enviado a 50257186094
📡 Enviando mensaje vía API local del bot...
✅ Mensaje enviado a 50257171707 vía bot activo
✅ Enviado a 50257171707
📡 Enviando mensaje vía API local del bot...
✅ Mensaje enviado a 50233610326 vía bot activo
✅ Enviado a 50233610326
📡 Enviando mensaje vía API local del bot...
✅ Mensaje enviado a 50259906516 vía bot activo
✅ Enviado a 50259906516
📡 Enviando mensaje vía API local del bot...
✅ Mensaje enviado a 50250190948 vía bot activo
✅ Enviado a 50250190948
📡 Enviando mensaje vía API local del bot...
✅ Mensaje enviado a 50254263749 vía bot activo
✅ Enviado a 50254263749
📡 Enviando mensaje vía API local del bot...
✅ Mensaje enviado a 50249728550 vía bot activo
✅ Enviado a 50249728550
📡 Enviando mensaje vía API local del bot...
✅ Mensaje enviado a 50235245779 vía bot activo
✅ Enviado a 50235245779
📡 Enviando mensaje vía API local del bot...
✅ Mensaje enviado a 50246532572 vía bot activo
✅ Enviado a 50246532572
⚠️ 50249313997: sin contenido relevante → no se envía mensaje.
📡 Enviando mensaje vía API local del bot...
✅ Mensaje enviado a 50247685876 vía bot activo
✅ Enviado a 50247685876
⚠️ 50246032841: sin contenido relevante → no se envía mensaje.
📡 Enviando mensaje vía API local del bot...
✅ Mensaje enviado a 50255585677 vía bot activo
✅ Enviado a 50255585677
⚠️ 50253556299: sin contenido relevante → no se envía mensaje.
📡 Enviando mensaje vía API local del bot...
✅ Mensaje enviado a 50254608098 vía bot activo
✅ Enviado a 50254608098
📡 Enviando mensaje vía API local del bot...
✅ Mensaje enviado a 50236405651 vía bot activo
✅ Enviado a 50236405651
⚠️ 50258261871: sin contenido relevante → no se envía mensaje.
⚠️ 50237829024: sin contenido relevante → no se envía mensaje.
⚠️ 263187073118256: sin contenido relevante → no se envía mensaje.
⚠️ 47502556409941: sin contenido relevante → no se envía mensaje.
⚠️ 222337622368377: sin contenido relevante → no se envía mensaje.
⚠️ 230433753137354: sin contenido relevante → no se envía mensaje.
📡 Enviando mensaje vía API local del bot...
✅ Mensaje enviado a 50255629247 vía bot activo
🟢 Finalizado y DB cerrada.
[dotenv@17.2.3] injecting env (10) from ../.env -- tip: ✅ audit secrets and track compliance: https://dotenvx.com/ops
[dotenv@17.2.3] injecting env (0) from .env -- tip: ⚙️  enable debug logging with { debug: true }
[dotenv@17.2.3] injecting env (0) from .env -- tip: ⚙️  enable debug logging with { debug: true }
🗓️ Iniciando envío semanal consolidado...

🗂️ Temas esta semana: [
  'concejos municipales',
  'ambiente',
  'consejos de desarrollo',
  'acceso a la información',
  'movilidad'
]
📡 Enviando mensaje vía API local del bot...
✅ Mensaje enviado a 50255629247 vía bot activo
✅ Enviado a 50255629247
📡 Enviando mensaje vía API local del bot...
✅ Mensaje enviado a 50254747827 vía bot activo
✅ Enviado a 50254747827
📡 Enviando mensaje vía API local del bot...
✅ Mensaje enviado a 50254827902 vía bot activo
✅ Enviado a 50254827902
📡 Enviando mensaje vía API local del bot...
✅ Mensaje enviado a 50257049220 vía bot activo
✅ Enviado a 50257049220
📡 Enviando mensaje vía API local del bot...
✅ Mensaje enviado a 50230080060 vía bot activo
✅ Enviado a 50230080060
📡 Enviando mensaje vía API local del bot...
✅ Mensaje enviado a 50247858363 vía bot activo
✅ Enviado a 50247858363
📡 Enviando mensaje vía API local del bot...
✅ Mensaje enviado a 50232050537 vía bot activo
✅ Enviado a 50232050537
📡 Enviando mensaje vía API local del bot...
✅ Mensaje enviado a 50253460168 vía bot activo
✅ Enviado a 50253460168
⚠️ 50230465423: sin contenido → no se envía.
📡 Enviando mensaje vía API local del bot...
✅ Mensaje enviado a 50253065146 vía bot activo
✅ Enviado a 50253065146
📡 Enviando mensaje vía API local del bot...
✅ Mensaje enviado a 50255284110 vía bot activo
✅ Enviado a 50255284110
📡 Enviando mensaje vía API local del bot...
✅ Mensaje enviado a 50254210055 vía bot activo
✅ Enviado a 50254210055
📡 Enviando mensaje vía API local del bot...
✅ Mensaje enviado a 50255294247 vía bot activo
✅ Enviado a 50255294247
📡 Enviando mensaje vía API local del bot...
✅ Mensaje enviado a 50237330000 vía bot activo
✅ Enviado a 50237330000
📡 Enviando mensaje vía API local del bot...
✅ Mensaje enviado a 50245491953 vía bot activo
✅ Enviado a 50245491953
📡 Enviando mensaje vía API local del bot...
✅ Mensaje enviado a 50257186094 vía bot activo
✅ Enviado a 50257186094
📡 Enviando mensaje vía API local del bot...
✅ Mensaje enviado a 50257171707 vía bot activo
✅ Enviado a 50257171707
📡 Enviando mensaje vía API local del bot...
✅ Mensaje enviado a 50233610326 vía bot activo
✅ Enviado a 50233610326
📡 Enviando mensaje vía API local del bot...
✅ Mensaje enviado a 50259906516 vía bot activo
✅ Enviado a 50259906516
📡 Enviando mensaje vía API local del bot...
✅ Mensaje enviado a 50250190948 vía bot activo
✅ Enviado a 50250190948
📡 Enviando mensaje vía API local del bot...
✅ Mensaje enviado a 50254263749 vía bot activo
✅ Enviado a 50254263749
📡 Enviando mensaje vía API local del bot...
✅ Mensaje enviado a 50249728550 vía bot activo
✅ Enviado a 50249728550
📡 Enviando mensaje vía API local del bot...
✅ Mensaje enviado a 50235245779 vía bot activo
✅ Enviado a 50235245779
📡 Enviando mensaje vía API local del bot...
✅ Mensaje enviado a 50246532572 vía bot activo
✅ Enviado a 50246532572
📡 Enviando mensaje vía API local del bot...
✅ Mensaje enviado a 50249313997 vía bot activo
✅ Enviado a 50249313997
📡 Enviando mensaje vía API local del bot...
✅ Mensaje enviado a 50247685876 vía bot activo
✅ Enviado a 50247685876
📡 Enviando mensaje vía API local del bot...
✅ Mensaje enviado a 50246032841 vía bot activo
✅ Enviado a 50246032841
📡 Enviando mensaje vía API local del bot...
✅ Mensaje enviado a 50255585677 vía bot activo
✅ Enviado a 50255585677
📡 Enviando mensaje vía API local del bot...
✅ Mensaje enviado a 50253556299 vía bot activo
✅ Enviado a 50253556299
📡 Enviando mensaje vía API local del bot...
✅ Mensaje enviado a 50254608098 vía bot activo
✅ Enviado a 50254608098
📡 Enviando mensaje vía API local del bot...
✅ Mensaje enviado a 50236405651 vía bot activo
✅ Enviado a 50236405651
📡 Enviando mensaje vía API local del bot...
✅ Mensaje enviado a 50258261871 vía bot activo
✅ Enviado a 50258261871
📡 Enviando mensaje vía API local del bot...
✅ Mensaje enviado a 50237829024 vía bot activo
✅ Enviado a 50237829024
📡 Enviando mensaje vía API local del bot...
❌ Error al enviar mensaje vía API local: HTTP 500 No LID for user
❌ Error enviando a 263187073118256: HTTP 500 No LID for user
📡 Enviando mensaje vía API local del bot...
❌ Error al enviar mensaje vía API local: HTTP 500 No LID for user
❌ Error enviando a 47502556409941: HTTP 500 No LID for user
📡 Enviando mensaje vía API local del bot...
❌ Error al enviar mensaje vía API local: HTTP 500 No LID for user
❌ Error enviando a 222337622368377: HTTP 500 No LID for user
📡 Enviando mensaje vía API local del bot...
❌ Error al enviar mensaje vía API local: HTTP 500 No LID for user
❌ Error enviando a 230433753137354: HTTP 500 No LID for user
📡 Enviando mensaje vía API local del bot...
✅ Mensaje enviado a 50255629247 vía bot activo

🟢 Finalizado.
[dotenv@17.2.3] injecting env (10) from ../.env -- tip: 🛠️  run anywhere with `dotenvx run -- yourcommand`
[dotenv@17.2.3] injecting env (0) from .env -- tip: 🛠️  run anywhere with `dotenvx run -- yourcommand`
[dotenv@17.2.3] injecting env (0) from ../.env -- tip: ✅ audit secrets and track compliance: https://dotenvx.com/ops
[dotenv@17.2.3] injecting env (0) from .env -- tip: ⚙️  write to custom object with { processEnv: myObject }
🕓 Iniciando envío automático de noticias diarias...

🗂️ Departamentos con notas hoy: [
  'Guatemala',
  'Noticias',
  'Portada',
  'Concejos municipales',
  'Jutiapa'
]
⚠️ No hay #OjoAlDato para hoy (12/1/2026)
⚠️ OjoAlDato no disponible hoy
👥 Suscriptores activos: 38
⚠️ 50432745042: sin contenido relevante → no se envía mensaje.
📡 Enviando mensaje vía API local del bot...
✅ Mensaje enviado a 50255629247 vía bot activo
✅ Enviado a 50255629247
⚠️ 50254747827: sin contenido relevante → no se envía mensaje.
⚠️ 50254827902: sin contenido relevante → no se envía mensaje.
📡 Enviando mensaje vía API local del bot...
✅ Mensaje enviado a 50257049220 vía bot activo
✅ Enviado a 50257049220
⚠️ 50230080060: sin contenido relevante → no se envía mensaje.
⚠️ 50247858363: sin contenido relevante → no se envía mensaje.
⚠️ 50232050537: sin contenido relevante → no se envía mensaje.
📡 Enviando mensaje vía API local del bot...
✅ Mensaje enviado a 50253460168 vía bot activo
✅ Enviado a 50253460168
⚠️ 50230465423: sin contenido relevante → no se envía mensaje.
⚠️ 50253065146: sin contenido relevante → no se envía mensaje.
📡 Enviando mensaje vía API local del bot...
✅ Mensaje enviado a 50255284110 vía bot activo
✅ Enviado a 50255284110
⚠️ 50254210055: sin contenido relevante → no se envía mensaje.
⚠️ 50255294247: sin contenido relevante → no se envía mensaje.
📡 Enviando mensaje vía API local del bot...
✅ Mensaje enviado a 50237330000 vía bot activo
✅ Enviado a 50237330000
📡 Enviando mensaje vía API local del bot...
✅ Mensaje enviado a 50245491953 vía bot activo
✅ Enviado a 50245491953
📡 Enviando mensaje vía API local del bot...
✅ Mensaje enviado a 50257186094 vía bot activo
✅ Enviado a 50257186094
⚠️ 50257171707: sin contenido relevante → no se envía mensaje.
📡 Enviando mensaje vía API local del bot...
✅ Mensaje enviado a 50233610326 vía bot activo
✅ Enviado a 50233610326
📡 Enviando mensaje vía API local del bot...
✅ Mensaje enviado a 50259906516 vía bot activo
✅ Enviado a 50259906516
⚠️ 50250190948: sin contenido relevante → no se envía mensaje.
📡 Enviando mensaje vía API local del bot...
✅ Mensaje enviado a 50254263749 vía bot activo
✅ Enviado a 50254263749
📡 Enviando mensaje vía API local del bot...
✅ Mensaje enviado a 50249728550 vía bot activo
✅ Enviado a 50249728550
📡 Enviando mensaje vía API local del bot...
✅ Mensaje enviado a 50235245779 vía bot activo
✅ Enviado a 50235245779
📡 Enviando mensaje vía API local del bot...
✅ Mensaje enviado a 50246532572 vía bot activo
✅ Enviado a 50246532572
📡 Enviando mensaje vía API local del bot...
✅ Mensaje enviado a 50249313997 vía bot activo
✅ Enviado a 50249313997
📡 Enviando mensaje vía API local del bot...
✅ Mensaje enviado a 50247685876 vía bot activo
✅ Enviado a 50247685876
⚠️ 50246032841: sin contenido relevante → no se envía mensaje.
📡 Enviando mensaje vía API local del bot...
✅ Mensaje enviado a 50255585677 vía bot activo
✅ Enviado a 50255585677
⚠️ 50253556299: sin contenido relevante → no se envía mensaje.
📡 Enviando mensaje vía API local del bot...
✅ Mensaje enviado a 50254608098 vía bot activo
✅ Enviado a 50254608098
📡 Enviando mensaje vía API local del bot...
✅ Mensaje enviado a 50236405651 vía bot activo
✅ Enviado a 50236405651
⚠️ 50258261871: sin contenido relevante → no se envía mensaje.
📡 Enviando mensaje vía API local del bot...
✅ Mensaje enviado a 50237829024 vía bot activo
✅ Enviado a 50237829024
📡 Enviando mensaje vía API local del bot...
❌ Error al enviar mensaje vía API local: HTTP 500 No LID for user
❌ Error enviando a 263187073118256: HTTP 500 No LID for user
⚠️ 47502556409941: sin contenido relevante → no se envía mensaje.
⚠️ 222337622368377: sin contenido relevante → no se envía mensaje.
⚠️ 230433753137354: sin contenido relevante → no se envía mensaje.
📡 Enviando mensaje vía API local del bot...
✅ Mensaje enviado a 50255629247 vía bot activo
🟢 Finalizado y DB cerrada.
[dotenv@17.2.3] injecting env (10) from ../.env -- tip: ⚙️  write to custom object with { processEnv: myObject }
[dotenv@17.2.3] injecting env (0) from .env -- tip: ⚙️  override existing env vars with { override: true }
[dotenv@17.2.3] injecting env (0) from ../.env -- tip: ✅ audit secrets and track compliance: https://dotenvx.com/ops
[dotenv@17.2.3] injecting env (0) from .env -- tip: ✅ audit secrets and track compliance: https://dotenvx.com/ops
🕓 Iniciando envío automático de noticias diarias...

🗂️ Departamentos con notas hoy: [ 'Concejos municipales', 'Guatemala', 'Noticias', 'Portada' ]
⚠️ No hay #OjoAlDato para hoy (13/1/2026)
⚠️ OjoAlDato no disponible hoy
👥 Suscriptores activos: 38
⚠️ 50432745042: sin contenido relevante → no se envía mensaje.
📡 Enviando mensaje vía API local del bot...
✅ Mensaje enviado a 50255629247 vía bot activo
✅ Enviado a 50255629247
⚠️ 50254747827: sin contenido relevante → no se envía mensaje.
⚠️ 50254827902: sin contenido relevante → no se envía mensaje.
📡 Enviando mensaje vía API local del bot...
✅ Mensaje enviado a 50257049220 vía bot activo
✅ Enviado a 50257049220
⚠️ 50230080060: sin contenido relevante → no se envía mensaje.
⚠️ 50247858363: sin contenido relevante → no se envía mensaje.
⚠️ 50232050537: sin contenido relevante → no se envía mensaje.
📡 Enviando mensaje vía API local del bot...
✅ Mensaje enviado a 50253460168 vía bot activo
✅ Enviado a 50253460168
⚠️ 50230465423: sin contenido relevante → no se envía mensaje.
⚠️ 50253065146: sin contenido relevante → no se envía mensaje.
📡 Enviando mensaje vía API local del bot...
✅ Mensaje enviado a 50255284110 vía bot activo
✅ Enviado a 50255284110
⚠️ 50254210055: sin contenido relevante → no se envía mensaje.
⚠️ 50255294247: sin contenido relevante → no se envía mensaje.
📡 Enviando mensaje vía API local del bot...
✅ Mensaje enviado a 50237330000 vía bot activo
✅ Enviado a 50237330000
📡 Enviando mensaje vía API local del bot...
✅ Mensaje enviado a 50245491953 vía bot activo
✅ Enviado a 50245491953
📡 Enviando mensaje vía API local del bot...
✅ Mensaje enviado a 50257186094 vía bot activo
✅ Enviado a 50257186094
⚠️ 50257171707: sin contenido relevante → no se envía mensaje.
📡 Enviando mensaje vía API local del bot...
✅ Mensaje enviado a 50233610326 vía bot activo
✅ Enviado a 50233610326
📡 Enviando mensaje vía API local del bot...
✅ Mensaje enviado a 50259906516 vía bot activo
✅ Enviado a 50259906516
⚠️ 50250190948: sin contenido relevante → no se envía mensaje.
📡 Enviando mensaje vía API local del bot...
✅ Mensaje enviado a 50254263749 vía bot activo
✅ Enviado a 50254263749
📡 Enviando mensaje vía API local del bot...
✅ Mensaje enviado a 50249728550 vía bot activo
✅ Enviado a 50249728550
📡 Enviando mensaje vía API local del bot...
✅ Mensaje enviado a 50235245779 vía bot activo
✅ Enviado a 50235245779
📡 Enviando mensaje vía API local del bot...
✅ Mensaje enviado a 50246532572 vía bot activo
✅ Enviado a 50246532572
⚠️ 50249313997: sin contenido relevante → no se envía mensaje.
📡 Enviando mensaje vía API local del bot...
✅ Mensaje enviado a 50247685876 vía bot activo
✅ Enviado a 50247685876
⚠️ 50246032841: sin contenido relevante → no se envía mensaje.
📡 Enviando mensaje vía API local del bot...
✅ Mensaje enviado a 50255585677 vía bot activo
✅ Enviado a 50255585677
⚠️ 50253556299: sin contenido relevante → no se envía mensaje.
📡 Enviando mensaje vía API local del bot...
✅ Mensaje enviado a 50254608098 vía bot activo
✅ Enviado a 50254608098
📡 Enviando mensaje vía API local del bot...
✅ Mensaje enviado a 50236405651 vía bot activo
✅ Enviado a 50236405651
⚠️ 50258261871: sin contenido relevante → no se envía mensaje.
⚠️ 50237829024: sin contenido relevante → no se envía mensaje.
⚠️ 263187073118256: sin contenido relevante → no se envía mensaje.
⚠️ 47502556409941: sin contenido relevante → no se envía mensaje.
⚠️ 222337622368377: sin contenido relevante → no se envía mensaje.
⚠️ 230433753137354: sin contenido relevante → no se envía mensaje.
📡 Enviando mensaje vía API local del bot...
✅ Mensaje enviado a 50255629247 vía bot activo
🟢 Finalizado y DB cerrada.
[dotenv@17.2.3] injecting env (10) from ../.env -- tip: ⚙️  override existing env vars with { override: true }
[dotenv@17.2.3] injecting env (0) from .env -- tip: 🔐 prevent committing .env to code: https://dotenvx.com/precommit
[dotenv@17.2.3] injecting env (0) from ../.env -- tip: 🔑 add access controls to secrets: https://dotenvx.com/ops
[dotenv@17.2.3] injecting env (0) from .env -- tip: 🔐 prevent building .env in docker: https://dotenvx.com/prebuild
🕓 Iniciando envío automático de noticias diarias...

🗂️ Departamentos con notas hoy: [
  'Concejos municipales',
  'Guatemala',
  'Noticias',
  'Portada',
  'Jutiapa'
]
⚠️ No hay #OjoAlDato para hoy (14/1/2026)
⚠️ OjoAlDato no disponible hoy
👥 Suscriptores activos: 39
⚠️ 50432745042: sin contenido relevante → no se envía mensaje.
📡 Enviando mensaje vía API local del bot...
✅ Mensaje enviado a 50255629247 vía bot activo
✅ Enviado a 50255629247
⚠️ 50254747827: sin contenido relevante → no se envía mensaje.
⚠️ 50254827902: sin contenido relevante → no se envía mensaje.
📡 Enviando mensaje vía API local del bot...
✅ Mensaje enviado a 50257049220 vía bot activo
✅ Enviado a 50257049220
⚠️ 50230080060: sin contenido relevante → no se envía mensaje.
⚠️ 50247858363: sin contenido relevante → no se envía mensaje.
⚠️ 50232050537: sin contenido relevante → no se envía mensaje.
📡 Enviando mensaje vía API local del bot...
✅ Mensaje enviado a 50253460168 vía bot activo
✅ Enviado a 50253460168
⚠️ 50230465423: sin contenido relevante → no se envía mensaje.
⚠️ 50253065146: sin contenido relevante → no se envía mensaje.
📡 Enviando mensaje vía API local del bot...
✅ Mensaje enviado a 50255284110 vía bot activo
✅ Enviado a 50255284110
⚠️ 50254210055: sin contenido relevante → no se envía mensaje.
⚠️ 50255294247: sin contenido relevante → no se envía mensaje.
📡 Enviando mensaje vía API local del bot...
✅ Mensaje enviado a 50237330000 vía bot activo
✅ Enviado a 50237330000
📡 Enviando mensaje vía API local del bot...
✅ Mensaje enviado a 50245491953 vía bot activo
✅ Enviado a 50245491953
📡 Enviando mensaje vía API local del bot...
✅ Mensaje enviado a 50257186094 vía bot activo
✅ Enviado a 50257186094
⚠️ 50257171707: sin contenido relevante → no se envía mensaje.
📡 Enviando mensaje vía API local del bot...
✅ Mensaje enviado a 50233610326 vía bot activo
✅ Enviado a 50233610326
📡 Enviando mensaje vía API local del bot...
✅ Mensaje enviado a 50259906516 vía bot activo
✅ Enviado a 50259906516
⚠️ 50250190948: sin contenido relevante → no se envía mensaje.
📡 Enviando mensaje vía API local del bot...
✅ Mensaje enviado a 50254263749 vía bot activo
✅ Enviado a 50254263749
📡 Enviando mensaje vía API local del bot...
✅ Mensaje enviado a 50249728550 vía bot activo
✅ Enviado a 50249728550
📡 Enviando mensaje vía API local del bot...
✅ Mensaje enviado a 50235245779 vía bot activo
✅ Enviado a 50235245779
📡 Enviando mensaje vía API local del bot...
✅ Mensaje enviado a 50246532572 vía bot activo
✅ Enviado a 50246532572
📡 Enviando mensaje vía API local del bot...
✅ Mensaje enviado a 50249313997 vía bot activo
✅ Enviado a 50249313997
📡 Enviando mensaje vía API local del bot...
✅ Mensaje enviado a 50247685876 vía bot activo
✅ Enviado a 50247685876
⚠️ 50246032841: sin contenido relevante → no se envía mensaje.
📡 Enviando mensaje vía API local del bot...
✅ Mensaje enviado a 50255585677 vía bot activo
✅ Enviado a 50255585677
⚠️ 50253556299: sin contenido relevante → no se envía mensaje.
📡 Enviando mensaje vía API local del bot...
✅ Mensaje enviado a 50254608098 vía bot activo
✅ Enviado a 50254608098
📡 Enviando mensaje vía API local del bot...
✅ Mensaje enviado a 50236405651 vía bot activo
✅ Enviado a 50236405651
⚠️ 50258261871: sin contenido relevante → no se envía mensaje.
📡 Enviando mensaje vía API local del bot...
✅ Mensaje enviado a 50237829024 vía bot activo
✅ Enviado a 50237829024
📡 Enviando mensaje vía API local del bot...
❌ Error al enviar mensaje vía API local: HTTP 500 No LID for user
❌ Error enviando a 263187073118256: HTTP 500 No LID for user
⚠️ 47502556409941: sin contenido relevante → no se envía mensaje.
⚠️ 222337622368377: sin contenido relevante → no se envía mensaje.
⚠️ 230433753137354: sin contenido relevante → no se envía mensaje.
⚠️ 73719540125865: sin contenido relevante → no se envía mensaje.
📡 Enviando mensaje vía API local del bot...
✅ Mensaje enviado a 50255629247 vía bot activo
🟢 Finalizado y DB cerrada.
[dotenv@17.2.3] injecting env (10) from ../.env -- tip: ✅ audit secrets and track compliance: https://dotenvx.com/ops
[dotenv@17.2.3] injecting env (0) from .env -- tip: 🛠️  run anywhere with `dotenvx run -- yourcommand`
[dotenv@17.2.3] injecting env (0) from ../.env -- tip: ⚙️  specify custom .env file path with { path: '/custom/path/.env' }
[dotenv@17.2.3] injecting env (0) from .env -- tip: 📡 add observability to secrets: https://dotenvx.com/ops
🕓 Iniciando envío automático de noticias diarias...

🗂️ Departamentos con notas hoy: [
  'Consejos de Desarrollo',
  'Noticias',
  'Portada',
  'Sacatepéquez',
  'Chiquimula',
  'Concejos municipales'
]
⚠️ No hay #OjoAlDato para hoy (15/1/2026)
⚠️ OjoAlDato no disponible hoy
👥 Suscriptores activos: 39
⚠️ 50432745042: sin contenido relevante → no se envía mensaje.
⚠️ 50255629247: sin contenido relevante → no se envía mensaje.
⚠️ 50254747827: sin contenido relevante → no se envía mensaje.
📡 Enviando mensaje vía API local del bot...
✅ Mensaje enviado a 50254827902 vía bot activo
✅ Enviado a 50254827902
📡 Enviando mensaje vía API local del bot...
✅ Mensaje enviado a 50257049220 vía bot activo
✅ Enviado a 50257049220
⚠️ 50230080060: sin contenido relevante → no se envía mensaje.
📡 Enviando mensaje vía API local del bot...
✅ Mensaje enviado a 50247858363 vía bot activo
✅ Enviado a 50247858363
⚠️ 50232050537: sin contenido relevante → no se envía mensaje.
⚠️ 50253460168: sin contenido relevante → no se envía mensaje.
⚠️ 50230465423: sin contenido relevante → no se envía mensaje.
⚠️ 50253065146: sin contenido relevante → no se envía mensaje.
⚠️ 50255284110: sin contenido relevante → no se envía mensaje.
⚠️ 50254210055: sin contenido relevante → no se envía mensaje.
📡 Enviando mensaje vía API local del bot...
✅ Mensaje enviado a 50255294247 vía bot activo
✅ Enviado a 50255294247
⚠️ 50237330000: sin contenido relevante → no se envía mensaje.
⚠️ 50245491953: sin contenido relevante → no se envía mensaje.
⚠️ 50257186094: sin contenido relevante → no se envía mensaje.
⚠️ 50257171707: sin contenido relevante → no se envía mensaje.
⚠️ 50233610326: sin contenido relevante → no se envía mensaje.
⚠️ 50259906516: sin contenido relevante → no se envía mensaje.
⚠️ 50250190948: sin contenido relevante → no se envía mensaje.
⚠️ 50254263749: sin contenido relevante → no se envía mensaje.
⚠️ 50249728550: sin contenido relevante → no se envía mensaje.
⚠️ 50235245779: sin contenido relevante → no se envía mensaje.
⚠️ 50246532572: sin contenido relevante → no se envía mensaje.
📡 Enviando mensaje vía API local del bot...
✅ Mensaje enviado a 50249313997 vía bot activo
✅ Enviado a 50249313997
📡 Enviando mensaje vía API local del bot...
✅ Mensaje enviado a 50247685876 vía bot activo
✅ Enviado a 50247685876
⚠️ 50246032841: sin contenido relevante → no se envía mensaje.
⚠️ 50255585677: sin contenido relevante → no se envía mensaje.
⚠️ 50253556299: sin contenido relevante → no se envía mensaje.
📡 Enviando mensaje vía API local del bot...
✅ Mensaje enviado a 50254608098 vía bot activo
✅ Enviado a 50254608098
⚠️ 50236405651: sin contenido relevante → no se envía mensaje.
⚠️ 50258261871: sin contenido relevante → no se envía mensaje.
⚠️ 50237829024: sin contenido relevante → no se envía mensaje.
⚠️ 263187073118256: sin contenido relevante → no se envía mensaje.
⚠️ 47502556409941: sin contenido relevante → no se envía mensaje.
⚠️ 222337622368377: sin contenido relevante → no se envía mensaje.
📡 Enviando mensaje vía API local del bot...
❌ Error al enviar mensaje vía API local: HTTP 500 No LID for user
❌ Error enviando a 230433753137354: HTTP 500 No LID for user
⚠️ 73719540125865: sin contenido relevante → no se envía mensaje.
📡 Enviando mensaje vía API local del bot...
✅ Mensaje enviado a 50255629247 vía bot activo
🟢 Finalizado y DB cerrada.
[dotenv@17.2.3] injecting env (10) from ../.env -- tip: 🔄 add secrets lifecycle management: https://dotenvx.com/ops
[dotenv@17.2.3] injecting env (0) from .env -- tip: 🔐 prevent building .env in docker: https://dotenvx.com/prebuild
[dotenv@17.2.3] injecting env (0) from .env -- tip: 🔑 add access controls to secrets: https://dotenvx.com/ops
🗓️ Iniciando envío semanal consolidado...

🗂️ Temas esta semana: [ 'concejos municipales', 'consejos de desarrollo', 'ambiente' ]
📡 Enviando mensaje vía API local del bot...
✅ Mensaje enviado a 50255629247 vía bot activo
✅ Enviado a 50255629247
📡 Enviando mensaje vía API local del bot...
✅ Mensaje enviado a 50254747827 vía bot activo
✅ Enviado a 50254747827
⚠️ 50254827902: sin contenido → no se envía.
📡 Enviando mensaje vía API local del bot...
✅ Mensaje enviado a 50257049220 vía bot activo
✅ Enviado a 50257049220
📡 Enviando mensaje vía API local del bot...
✅ Mensaje enviado a 50230080060 vía bot activo
✅ Enviado a 50230080060
📡 Enviando mensaje vía API local del bot...
✅ Mensaje enviado a 50247858363 vía bot activo
✅ Enviado a 50247858363
📡 Enviando mensaje vía API local del bot...
✅ Mensaje enviado a 50232050537 vía bot activo
✅ Enviado a 50232050537
📡 Enviando mensaje vía API local del bot...
✅ Mensaje enviado a 50253460168 vía bot activo
✅ Enviado a 50253460168
⚠️ 50230465423: sin contenido → no se envía.
📡 Enviando mensaje vía API local del bot...
✅ Mensaje enviado a 50253065146 vía bot activo
✅ Enviado a 50253065146
📡 Enviando mensaje vía API local del bot...
✅ Mensaje enviado a 50255284110 vía bot activo
✅ Enviado a 50255284110
📡 Enviando mensaje vía API local del bot...
✅ Mensaje enviado a 50254210055 vía bot activo
✅ Enviado a 50254210055
📡 Enviando mensaje vía API local del bot...
✅ Mensaje enviado a 50255294247 vía bot activo
✅ Enviado a 50255294247
📡 Enviando mensaje vía API local del bot...
✅ Mensaje enviado a 50237330000 vía bot activo
✅ Enviado a 50237330000
📡 Enviando mensaje vía API local del bot...
✅ Mensaje enviado a 50245491953 vía bot activo
✅ Enviado a 50245491953
📡 Enviando mensaje vía API local del bot...
✅ Mensaje enviado a 50257186094 vía bot activo
✅ Enviado a 50257186094
📡 Enviando mensaje vía API local del bot...
✅ Mensaje enviado a 50257171707 vía bot activo
✅ Enviado a 50257171707
📡 Enviando mensaje vía API local del bot...
✅ Mensaje enviado a 50233610326 vía bot activo
✅ Enviado a 50233610326
📡 Enviando mensaje vía API local del bot...
✅ Mensaje enviado a 50259906516 vía bot activo
✅ Enviado a 50259906516
📡 Enviando mensaje vía API local del bot...
✅ Mensaje enviado a 50250190948 vía bot activo
✅ Enviado a 50250190948
📡 Enviando mensaje vía API local del bot...
✅ Mensaje enviado a 50254263749 vía bot activo
✅ Enviado a 50254263749
📡 Enviando mensaje vía API local del bot...
✅ Mensaje enviado a 50249728550 vía bot activo
✅ Enviado a 50249728550
📡 Enviando mensaje vía API local del bot...
✅ Mensaje enviado a 50235245779 vía bot activo
✅ Enviado a 50235245779
📡 Enviando mensaje vía API local del bot...
✅ Mensaje enviado a 50246532572 vía bot activo
✅ Enviado a 50246532572
📡 Enviando mensaje vía API local del bot...
✅ Mensaje enviado a 50249313997 vía bot activo
✅ Enviado a 50249313997
📡 Enviando mensaje vía API local del bot...
✅ Mensaje enviado a 50247685876 vía bot activo
✅ Enviado a 50247685876
⚠️ 50246032841: sin contenido → no se envía.
📡 Enviando mensaje vía API local del bot...
✅ Mensaje enviado a 50255585677 vía bot activo
✅ Enviado a 50255585677
📡 Enviando mensaje vía API local del bot...
✅ Mensaje enviado a 50253556299 vía bot activo
✅ Enviado a 50253556299
📡 Enviando mensaje vía API local del bot...
✅ Mensaje enviado a 50254608098 vía bot activo
✅ Enviado a 50254608098
📡 Enviando mensaje vía API local del bot...
✅ Mensaje enviado a 50236405651 vía bot activo
✅ Enviado a 50236405651
📡 Enviando mensaje vía API local del bot...
✅ Mensaje enviado a 50258261871 vía bot activo
✅ Enviado a 50258261871
📡 Enviando mensaje vía API local del bot...
✅ Mensaje enviado a 50237829024 vía bot activo
✅ Enviado a 50237829024
📡 Enviando mensaje vía API local del bot...
❌ Error al enviar mensaje vía API local: HTTP 500 No LID for user
❌ Error enviando a 263187073118256: HTTP 500 No LID for user
📡 Enviando mensaje vía API local del bot...
❌ Error al enviar mensaje vía API local: HTTP 500 No LID for user
❌ Error enviando a 47502556409941: HTTP 500 No LID for user
📡 Enviando mensaje vía API local del bot...
❌ Error al enviar mensaje vía API local: HTTP 500 No LID for user
❌ Error enviando a 222337622368377: HTTP 500 No LID for user
📡 Enviando mensaje vía API local del bot...
❌ Error al enviar mensaje vía API local: HTTP 500 No LID for user
❌ Error enviando a 230433753137354: HTTP 500 No LID for user
📡 Enviando mensaje vía API local del bot...
❌ Error al enviar mensaje vía API local: HTTP 500 No LID for user
❌ Error enviando a 73719540125865: HTTP 500 No LID for user
📡 Enviando mensaje vía API local del bot...
✅ Mensaje enviado a 50255629247 vía bot activo

🟢 Finalizado.
[dotenv@17.2.3] injecting env (10) from ../.env -- tip: 🔐 encrypt with Dotenvx: https://dotenvx.com
[dotenv@17.2.3] injecting env (0) from .env -- tip: 🛠️  run anywhere with `dotenvx run -- yourcommand`
[dotenv@17.2.3] injecting env (0) from ../.env -- tip: ⚙️  write to custom object with { processEnv: myObject }
[dotenv@17.2.3] injecting env (0) from .env -- tip: 🔄 add secrets lifecycle management: https://dotenvx.com/ops
🕓 Iniciando envío automático de noticias diarias...

🗂️ Departamentos con notas hoy: [
  'Duda y Comprueba',
  'Guatemala',
  'Noticias',
  'Portada',
  'Consejos de Desarrollo'
]
📊 OjoAlDato cargado: {
  fecha: '19/1/2026',
  departamento: 'Quiché',
  texto: 'La municipalidad de Chinique, Quiché pagó Q125 mil en cinco compras de baja cuantía a Sandy Karina López Noriega Cabrera por el alquiler de sonido para las presentaciones del convite, durante la feria titular, del 14 al 18 de enero (E575887966, E575904399, E575888938, E575903929 y E575961805).'
}
👥 Suscriptores activos: 39
⚠️ 50432745042: sin contenido relevante → no se envía mensaje.
📡 Enviando mensaje vía API local del bot...
✅ Mensaje enviado a 50255629247 vía bot activo
✅ Enviado a 50255629247
⚠️ 50254747827: sin contenido relevante → no se envía mensaje.
⚠️ 50254827902: sin contenido relevante → no se envía mensaje.
📡 Enviando mensaje vía API local del bot...
✅ Mensaje enviado a 50257049220 vía bot activo
✅ Enviado a 50257049220
⚠️ 50230080060: sin contenido relevante → no se envía mensaje.
⚠️ 50247858363: sin contenido relevante → no se envía mensaje.
⚠️ 50232050537: sin contenido relevante → no se envía mensaje.
📡 Enviando mensaje vía API local del bot...
✅ Mensaje enviado a 50253460168 vía bot activo
✅ Enviado a 50253460168
⚠️ 50230465423: sin contenido relevante → no se envía mensaje.
📡 Enviando mensaje vía API local del bot...
✅ Mensaje enviado a 50253065146 vía bot activo
✅ Enviado a 50253065146
📡 Enviando mensaje vía API local del bot...
✅ Mensaje enviado a 50255284110 vía bot activo
✅ Enviado a 50255284110
⚠️ 50254210055: sin contenido relevante → no se envía mensaje.
⚠️ 50255294247: sin contenido relevante → no se envía mensaje.
📡 Enviando mensaje vía API local del bot...
✅ Mensaje enviado a 50237330000 vía bot activo
✅ Enviado a 50237330000
📡 Enviando mensaje vía API local del bot...
✅ Mensaje enviado a 50245491953 vía bot activo
✅ Enviado a 50245491953
📡 Enviando mensaje vía API local del bot...
✅ Mensaje enviado a 50257186094 vía bot activo
✅ Enviado a 50257186094
⚠️ 50257171707: sin contenido relevante → no se envía mensaje.
📡 Enviando mensaje vía API local del bot...
✅ Mensaje enviado a 50233610326 vía bot activo
✅ Enviado a 50233610326
📡 Enviando mensaje vía API local del bot...
✅ Mensaje enviado a 50259906516 vía bot activo
✅ Enviado a 50259906516
⚠️ 50250190948: sin contenido relevante → no se envía mensaje.
📡 Enviando mensaje vía API local del bot...
✅ Mensaje enviado a 50254263749 vía bot activo
✅ Enviado a 50254263749
📡 Enviando mensaje vía API local del bot...
✅ Mensaje enviado a 50249728550 vía bot activo
✅ Enviado a 50249728550
📡 Enviando mensaje vía API local del bot...
✅ Mensaje enviado a 50235245779 vía bot activo
✅ Enviado a 50235245779
📡 Enviando mensaje vía API local del bot...
✅ Mensaje enviado a 50246532572 vía bot activo
✅ Enviado a 50246532572
📡 Enviando mensaje vía API local del bot...
✅ Mensaje enviado a 50249313997 vía bot activo
✅ Enviado a 50249313997
📡 Enviando mensaje vía API local del bot...
✅ Mensaje enviado a 50247685876 vía bot activo
✅ Enviado a 50247685876
⚠️ 50246032841: sin contenido relevante → no se envía mensaje.
📡 Enviando mensaje vía API local del bot...
✅ Mensaje enviado a 50255585677 vía bot activo
✅ Enviado a 50255585677
⚠️ 50253556299: sin contenido relevante → no se envía mensaje.
📡 Enviando mensaje vía API local del bot...
✅ Mensaje enviado a 50254608098 vía bot activo
✅ Enviado a 50254608098
📡 Enviando mensaje vía API local del bot...
✅ Mensaje enviado a 50236405651 vía bot activo
✅ Enviado a 50236405651
⚠️ 50258261871: sin contenido relevante → no se envía mensaje.
⚠️ 50237829024: sin contenido relevante → no se envía mensaje.
⚠️ 263187073118256: sin contenido relevante → no se envía mensaje.
⚠️ 47502556409941: sin contenido relevante → no se envía mensaje.
⚠️ 222337622368377: sin contenido relevante → no se envía mensaje.
⚠️ 230433753137354: sin contenido relevante → no se envía mensaje.
⚠️ 73719540125865: sin contenido relevante → no se envía mensaje.
📡 Enviando mensaje vía API local del bot...
✅ Mensaje enviado a 50255629247 vía bot activo
🟢 Finalizado y DB cerrada.
[dotenv@17.2.3] injecting env (10) from ../.env -- tip: 🗂️ backup and recover secrets: https://dotenvx.com/ops
[dotenv@17.2.3] injecting env (0) from .env -- tip: 📡 add observability to secrets: https://dotenvx.com/ops
[dotenv@17.2.3] injecting env (0) from ../.env -- tip: 🔐 prevent committing .env to code: https://dotenvx.com/precommit
[dotenv@17.2.3] injecting env (0) from .env -- tip: ⚙️  write to custom object with { processEnv: myObject }
🕓 Iniciando envío automático de noticias diarias...

🗂️ Departamentos con notas hoy: [ 'Noticias', 'Portada', 'Consejos de Desarrollo' ]
📊 OjoAlDato cargado: {
  fecha: '20/1/2026',
  departamento: 'Escuintla',
  texto: 'La municipalidad de Nueva Concepción, Escuintla realizó cuatro compras por el servicio de 199.6 horas de excavadora, utilizadas en trabajos del vertedero municipal, por Q99 mil 800, a Maynor Estuardo Cabrera García.'
}
👥 Suscriptores activos: 39
⚠️ 50432745042: sin contenido relevante → no se envía mensaje.
⚠️ 50255629247: sin contenido relevante → no se envía mensaje.
⚠️ 50254747827: sin contenido relevante → no se envía mensaje.
⚠️ 50254827902: sin contenido relevante → no se envía mensaje.
📡 Enviando mensaje vía API local del bot...
✅ Mensaje enviado a 50257049220 vía bot activo
✅ Enviado a 50257049220
⚠️ 50230080060: sin contenido relevante → no se envía mensaje.
📡 Enviando mensaje vía API local del bot...
✅ Mensaje enviado a 50247858363 vía bot activo
✅ Enviado a 50247858363
⚠️ 50232050537: sin contenido relevante → no se envía mensaje.
⚠️ 50253460168: sin contenido relevante → no se envía mensaje.
⚠️ 50230465423: sin contenido relevante → no se envía mensaje.
⚠️ 50253065146: sin contenido relevante → no se envía mensaje.
⚠️ 50255284110: sin contenido relevante → no se envía mensaje.
⚠️ 50254210055: sin contenido relevante → no se envía mensaje.
⚠️ 50255294247: sin contenido relevante → no se envía mensaje.
⚠️ 50237330000: sin contenido relevante → no se envía mensaje.
⚠️ 50245491953: sin contenido relevante → no se envía mensaje.
⚠️ 50257186094: sin contenido relevante → no se envía mensaje.
⚠️ 50257171707: sin contenido relevante → no se envía mensaje.
⚠️ 50233610326: sin contenido relevante → no se envía mensaje.
⚠️ 50259906516: sin contenido relevante → no se envía mensaje.
⚠️ 50250190948: sin contenido relevante → no se envía mensaje.
📡 Enviando mensaje vía API local del bot...
✅ Mensaje enviado a 50254263749 vía bot activo
✅ Enviado a 50254263749
⚠️ 50249728550: sin contenido relevante → no se envía mensaje.
⚠️ 50235245779: sin contenido relevante → no se envía mensaje.
⚠️ 50246532572: sin contenido relevante → no se envía mensaje.
⚠️ 50249313997: sin contenido relevante → no se envía mensaje.
📡 Enviando mensaje vía API local del bot...
✅ Mensaje enviado a 50247685876 vía bot activo
✅ Enviado a 50247685876
📡 Enviando mensaje vía API local del bot...
✅ Mensaje enviado a 50246032841 vía bot activo
✅ Enviado a 50246032841
📡 Enviando mensaje vía API local del bot...
✅ Mensaje enviado a 50255585677 vía bot activo
✅ Enviado a 50255585677
⚠️ 50253556299: sin contenido relevante → no se envía mensaje.
📡 Enviando mensaje vía API local del bot...
✅ Mensaje enviado a 50254608098 vía bot activo
✅ Enviado a 50254608098
⚠️ 50236405651: sin contenido relevante → no se envía mensaje.
⚠️ 50258261871: sin contenido relevante → no se envía mensaje.
⚠️ 50237829024: sin contenido relevante → no se envía mensaje.
⚠️ 263187073118256: sin contenido relevante → no se envía mensaje.
⚠️ 47502556409941: sin contenido relevante → no se envía mensaje.
⚠️ 222337622368377: sin contenido relevante → no se envía mensaje.
⚠️ 230433753137354: sin contenido relevante → no se envía mensaje.
⚠️ 73719540125865: sin contenido relevante → no se envía mensaje.
📡 Enviando mensaje vía API local del bot...
✅ Mensaje enviado a 50255629247 vía bot activo
🟢 Finalizado y DB cerrada.
[dotenv@17.2.3] injecting env (10) from ../.env -- tip: 🔐 prevent committing .env to code: https://dotenvx.com/precommit
[dotenv@17.2.3] injecting env (0) from .env -- tip: ✅ audit secrets and track compliance: https://dotenvx.com/ops
[dotenv@17.2.3] injecting env (0) from ../.env -- tip: 🔐 prevent building .env in docker: https://dotenvx.com/prebuild
[dotenv@17.2.3] injecting env (0) from .env -- tip: 🔐 prevent building .env in docker: https://dotenvx.com/prebuild
🕓 Iniciando envío automático de noticias diarias...

🗂️ Departamentos con notas hoy: [
  'Noticias',
  'Portada',
  'Suchitepéquez',
  'Totonicapán',
  'Guatemala',
  'Movilidad'
]
📊 OjoAlDato cargado: {
  fecha: '21/1/2026',
  departamento: 'Sololá',
  texto: 'la municipalidad de Nahualá, Sololá en 25 compras de baja cuantía pagó Q17 mil 76.60 por alimentación y combustible para la peregrinación a Esquipulas del concejo municipal.'
}
👥 Suscriptores activos: 39
⚠️ 50432745042: sin contenido relevante → no se envía mensaje.
📡 Enviando mensaje vía API local del bot...
✅ Mensaje enviado a 50255629247 vía bot activo
✅ Enviado a 50255629247
📡 Enviando mensaje vía API local del bot...
✅ Mensaje enviado a 50254747827 vía bot activo
✅ Enviado a 50254747827
⚠️ 50254827902: sin contenido relevante → no se envía mensaje.
📡 Enviando mensaje vía API local del bot...
✅ Mensaje enviado a 50257049220 vía bot activo
✅ Enviado a 50257049220
📡 Enviando mensaje vía API local del bot...
✅ Mensaje enviado a 50230080060 vía bot activo
✅ Enviado a 50230080060
⚠️ 50247858363: sin contenido relevante → no se envía mensaje.
⚠️ 50232050537: sin contenido relevante → no se envía mensaje.
📡 Enviando mensaje vía API local del bot...
✅ Mensaje enviado a 50253460168 vía bot activo
✅ Enviado a 50253460168
⚠️ 50230465423: sin contenido relevante → no se envía mensaje.
⚠️ 50253065146: sin contenido relevante → no se envía mensaje.
📡 Enviando mensaje vía API local del bot...
✅ Mensaje enviado a 50255284110 vía bot activo
✅ Enviado a 50255284110
⚠️ 50254210055: sin contenido relevante → no se envía mensaje.
⚠️ 50255294247: sin contenido relevante → no se envía mensaje.
📡 Enviando mensaje vía API local del bot...
✅ Mensaje enviado a 50237330000 vía bot activo
✅ Enviado a 50237330000
📡 Enviando mensaje vía API local del bot...
✅ Mensaje enviado a 50245491953 vía bot activo
✅ Enviado a 50245491953
📡 Enviando mensaje vía API local del bot...
✅ Mensaje enviado a 50257186094 vía bot activo
✅ Enviado a 50257186094
⚠️ 50257171707: sin contenido relevante → no se envía mensaje.
📡 Enviando mensaje vía API local del bot...
✅ Mensaje enviado a 50233610326 vía bot activo
✅ Enviado a 50233610326
📡 Enviando mensaje vía API local del bot...
✅ Mensaje enviado a 50259906516 vía bot activo
✅ Enviado a 50259906516
📡 Enviando mensaje vía API local del bot...
✅ Mensaje enviado a 50250190948 vía bot activo
✅ Enviado a 50250190948
📡 Enviando mensaje vía API local del bot...
✅ Mensaje enviado a 50254263749 vía bot activo
✅ Enviado a 50254263749
📡 Enviando mensaje vía API local del bot...
✅ Mensaje enviado a 50249728550 vía bot activo
✅ Enviado a 50249728550
📡 Enviando mensaje vía API local del bot...
✅ Mensaje enviado a 50235245779 vía bot activo
✅ Enviado a 50235245779
📡 Enviando mensaje vía API local del bot...
✅ Mensaje enviado a 50246532572 vía bot activo
✅ Enviado a 50246532572
⚠️ 50249313997: sin contenido relevante → no se envía mensaje.
📡 Enviando mensaje vía API local del bot...
✅ Mensaje enviado a 50247685876 vía bot activo
✅ Enviado a 50247685876
⚠️ 50246032841: sin contenido relevante → no se envía mensaje.
📡 Enviando mensaje vía API local del bot...
✅ Mensaje enviado a 50255585677 vía bot activo
✅ Enviado a 50255585677
⚠️ 50253556299: sin contenido relevante → no se envía mensaje.
📡 Enviando mensaje vía API local del bot...
✅ Mensaje enviado a 50254608098 vía bot activo
✅ Enviado a 50254608098
📡 Enviando mensaje vía API local del bot...
✅ Mensaje enviado a 50236405651 vía bot activo
✅ Enviado a 50236405651
⚠️ 50258261871: sin contenido relevante → no se envía mensaje.
⚠️ 50237829024: sin contenido relevante → no se envía mensaje.
⚠️ 263187073118256: sin contenido relevante → no se envía mensaje.
⚠️ 47502556409941: sin contenido relevante → no se envía mensaje.
📡 Enviando mensaje vía API local del bot...
❌ Error al enviar mensaje vía API local: HTTP 500 No LID for user
❌ Error enviando a 222337622368377: HTTP 500 No LID for user
⚠️ 230433753137354: sin contenido relevante → no se envía mensaje.
⚠️ 73719540125865: sin contenido relevante → no se envía mensaje.
📡 Enviando mensaje vía API local del bot...
✅ Mensaje enviado a 50255629247 vía bot activo
🟢 Finalizado y DB cerrada.
[dotenv@17.2.3] injecting env (10) from ../.env -- tip: ⚙️  load multiple .env files with { path: ['.env.local', '.env'] }
[dotenv@17.2.3] injecting env (0) from .env -- tip: ⚙️  write to custom object with { processEnv: myObject }
[dotenv@17.2.3] injecting env (0) from ../.env -- tip: 🔐 encrypt with Dotenvx: https://dotenvx.com
[dotenv@17.2.3] injecting env (0) from .env -- tip: 👥 sync secrets across teammates & machines: https://dotenvx.com/ops
🕓 Iniciando envío automático de noticias diarias...

🗂️ Departamentos con notas hoy: [ 'Concejos municipales', 'Guatemala', 'Noticias', 'Portada' ]
📊 OjoAlDato cargado: {
  fecha: '22/1/2026',
  departamento: 'Retalhuleu',
  texto: 'a solicitud de la promotora de cultura de la municipalidad de Nuevo San Carlos, Retalhuleu, la comuna pagó Q705 mil 815 a Luis Fernando Arriaza González, mediante 29 compras de baja cuantía, identificadas como: “por el desarrollo de los derechos culturales”. Los pagos incluyen presentaciones artísticas, sonido, escenario, alimentación y otros servicios.'
}
👥 Suscriptores activos: 39
⚠️ 50432745042: sin contenido relevante → no se envía mensaje.
📡 Enviando mensaje vía API local del bot...
✅ Mensaje enviado a 50255629247 vía bot activo
✅ Enviado a 50255629247
📡 Enviando mensaje vía API local del bot...
✅ Mensaje enviado a 50254747827 vía bot activo
✅ Enviado a 50254747827
⚠️ 50254827902: sin contenido relevante → no se envía mensaje.
📡 Enviando mensaje vía API local del bot...
✅ Mensaje enviado a 50257049220 vía bot activo
✅ Enviado a 50257049220
⚠️ 50230080060: sin contenido relevante → no se envía mensaje.
⚠️ 50247858363: sin contenido relevante → no se envía mensaje.
⚠️ 50232050537: sin contenido relevante → no se envía mensaje.
📡 Enviando mensaje vía API local del bot...
✅ Mensaje enviado a 50253460168 vía bot activo
✅ Enviado a 50253460168
⚠️ 50230465423: sin contenido relevante → no se envía mensaje.
⚠️ 50253065146: sin contenido relevante → no se envía mensaje.
📡 Enviando mensaje vía API local del bot...
✅ Mensaje enviado a 50255284110 vía bot activo
✅ Enviado a 50255284110
⚠️ 50254210055: sin contenido relevante → no se envía mensaje.
⚠️ 50255294247: sin contenido relevante → no se envía mensaje.
📡 Enviando mensaje vía API local del bot...
✅ Mensaje enviado a 50237330000 vía bot activo
✅ Enviado a 50237330000
📡 Enviando mensaje vía API local del bot...
✅ Mensaje enviado a 50245491953 vía bot activo
✅ Enviado a 50245491953
📡 Enviando mensaje vía API local del bot...
✅ Mensaje enviado a 50257186094 vía bot activo
✅ Enviado a 50257186094
⚠️ 50257171707: sin contenido relevante → no se envía mensaje.
📡 Enviando mensaje vía API local del bot...
✅ Mensaje enviado a 50233610326 vía bot activo
✅ Enviado a 50233610326
📡 Enviando mensaje vía API local del bot...
✅ Mensaje enviado a 50259906516 vía bot activo
✅ Enviado a 50259906516
⚠️ 50250190948: sin contenido relevante → no se envía mensaje.
📡 Enviando mensaje vía API local del bot...
✅ Mensaje enviado a 50254263749 vía bot activo
✅ Enviado a 50254263749
📡 Enviando mensaje vía API local del bot...
✅ Mensaje enviado a 50249728550 vía bot activo
✅ Enviado a 50249728550
📡 Enviando mensaje vía API local del bot...
✅ Mensaje enviado a 50235245779 vía bot activo
✅ Enviado a 50235245779
📡 Enviando mensaje vía API local del bot...
✅ Mensaje enviado a 50246532572 vía bot activo
✅ Enviado a 50246532572
⚠️ 50249313997: sin contenido relevante → no se envía mensaje.
📡 Enviando mensaje vía API local del bot...
✅ Mensaje enviado a 50247685876 vía bot activo
✅ Enviado a 50247685876
⚠️ 50246032841: sin contenido relevante → no se envía mensaje.
📡 Enviando mensaje vía API local del bot...
✅ Mensaje enviado a 50255585677 vía bot activo
✅ Enviado a 50255585677
⚠️ 50253556299: sin contenido relevante → no se envía mensaje.
📡 Enviando mensaje vía API local del bot...
✅ Mensaje enviado a 50254608098 vía bot activo
✅ Enviado a 50254608098
📡 Enviando mensaje vía API local del bot...
✅ Mensaje enviado a 50236405651 vía bot activo
✅ Enviado a 50236405651
⚠️ 50258261871: sin contenido relevante → no se envía mensaje.
⚠️ 50237829024: sin contenido relevante → no se envía mensaje.
⚠️ 263187073118256: sin contenido relevante → no se envía mensaje.
⚠️ 47502556409941: sin contenido relevante → no se envía mensaje.
⚠️ 222337622368377: sin contenido relevante → no se envía mensaje.
⚠️ 230433753137354: sin contenido relevante → no se envía mensaje.
⚠️ 73719540125865: sin contenido relevante → no se envía mensaje.
📡 Enviando mensaje vía API local del bot...
✅ Mensaje enviado a 50255629247 vía bot activo
🟢 Finalizado y DB cerrada.
[dotenv@17.2.3] injecting env (10) from ../.env -- tip: ⚙️  suppress all logs with { quiet: true }
[dotenv@17.2.3] injecting env (0) from .env -- tip: ⚙️  enable debug logging with { debug: true }
[dotenv@17.2.3] injecting env (0) from .env -- tip: ✅ audit secrets and track compliance: https://dotenvx.com/ops
🗓️ Iniciando envío semanal consolidado...

🗂️ Temas esta semana: [
  'concejos municipales',
  'movilidad',
  'consejos de desarrollo',
  'duda y comprueba'
]
📡 Enviando mensaje vía API local del bot...
✅ Mensaje enviado a 50255629247 vía bot activo
✅ Enviado a 50255629247
📡 Enviando mensaje vía API local del bot...
✅ Mensaje enviado a 50254747827 vía bot activo
✅ Enviado a 50254747827
📡 Enviando mensaje vía API local del bot...
✅ Mensaje enviado a 50254827902 vía bot activo
✅ Enviado a 50254827902
📡 Enviando mensaje vía API local del bot...
✅ Mensaje enviado a 50257049220 vía bot activo
✅ Enviado a 50257049220
📡 Enviando mensaje vía API local del bot...
✅ Mensaje enviado a 50230080060 vía bot activo
✅ Enviado a 50230080060
📡 Enviando mensaje vía API local del bot...
✅ Mensaje enviado a 50247858363 vía bot activo
✅ Enviado a 50247858363
📡 Enviando mensaje vía API local del bot...
✅ Mensaje enviado a 50232050537 vía bot activo
✅ Enviado a 50232050537
📡 Enviando mensaje vía API local del bot...
✅ Mensaje enviado a 50253460168 vía bot activo
✅ Enviado a 50253460168
📡 Enviando mensaje vía API local del bot...
✅ Mensaje enviado a 50230465423 vía bot activo
✅ Enviado a 50230465423
📡 Enviando mensaje vía API local del bot...
✅ Mensaje enviado a 50253065146 vía bot activo
✅ Enviado a 50253065146
📡 Enviando mensaje vía API local del bot...
✅ Mensaje enviado a 50255284110 vía bot activo
✅ Enviado a 50255284110
📡 Enviando mensaje vía API local del bot...
✅ Mensaje enviado a 50254210055 vía bot activo
✅ Enviado a 50254210055
📡 Enviando mensaje vía API local del bot...
✅ Mensaje enviado a 50255294247 vía bot activo
✅ Enviado a 50255294247
📡 Enviando mensaje vía API local del bot...
✅ Mensaje enviado a 50237330000 vía bot activo
✅ Enviado a 50237330000
📡 Enviando mensaje vía API local del bot...
✅ Mensaje enviado a 50245491953 vía bot activo
✅ Enviado a 50245491953
📡 Enviando mensaje vía API local del bot...
✅ Mensaje enviado a 50257186094 vía bot activo
✅ Enviado a 50257186094
📡 Enviando mensaje vía API local del bot...
✅ Mensaje enviado a 50257171707 vía bot activo
✅ Enviado a 50257171707
📡 Enviando mensaje vía API local del bot...
✅ Mensaje enviado a 50233610326 vía bot activo
✅ Enviado a 50233610326
📡 Enviando mensaje vía API local del bot...
✅ Mensaje enviado a 50259906516 vía bot activo
✅ Enviado a 50259906516
📡 Enviando mensaje vía API local del bot...
✅ Mensaje enviado a 50250190948 vía bot activo
✅ Enviado a 50250190948
📡 Enviando mensaje vía API local del bot...
✅ Mensaje enviado a 50254263749 vía bot activo
✅ Enviado a 50254263749
📡 Enviando mensaje vía API local del bot...
✅ Mensaje enviado a 50249728550 vía bot activo
✅ Enviado a 50249728550
📡 Enviando mensaje vía API local del bot...
✅ Mensaje enviado a 50235245779 vía bot activo
✅ Enviado a 50235245779
📡 Enviando mensaje vía API local del bot...
✅ Mensaje enviado a 50246532572 vía bot activo
✅ Enviado a 50246532572
📡 Enviando mensaje vía API local del bot...
✅ Mensaje enviado a 50249313997 vía bot activo
✅ Enviado a 50249313997
📡 Enviando mensaje vía API local del bot...
✅ Mensaje enviado a 50247685876 vía bot activo
✅ Enviado a 50247685876
📡 Enviando mensaje vía API local del bot...
✅ Mensaje enviado a 50246032841 vía bot activo
✅ Enviado a 50246032841
📡 Enviando mensaje vía API local del bot...
✅ Mensaje enviado a 50255585677 vía bot activo
✅ Enviado a 50255585677
📡 Enviando mensaje vía API local del bot...
✅ Mensaje enviado a 50253556299 vía bot activo
✅ Enviado a 50253556299
📡 Enviando mensaje vía API local del bot...
✅ Mensaje enviado a 50254608098 vía bot activo
✅ Enviado a 50254608098
📡 Enviando mensaje vía API local del bot...
✅ Mensaje enviado a 50236405651 vía bot activo
✅ Enviado a 50236405651
📡 Enviando mensaje vía API local del bot...
✅ Mensaje enviado a 50258261871 vía bot activo
✅ Enviado a 50258261871
📡 Enviando mensaje vía API local del bot...
✅ Mensaje enviado a 50237829024 vía bot activo
✅ Enviado a 50237829024
📡 Enviando mensaje vía API local del bot...
❌ Error al enviar mensaje vía API local: HTTP 500 No LID for user
❌ Error enviando a 263187073118256: HTTP 500 No LID for user
📡 Enviando mensaje vía API local del bot...
❌ Error al enviar mensaje vía API local: HTTP 500 No LID for user
❌ Error enviando a 47502556409941: HTTP 500 No LID for user
📡 Enviando mensaje vía API local del bot...
❌ Error al enviar mensaje vía API local: HTTP 500 No LID for user
❌ Error enviando a 222337622368377: HTTP 500 No LID for user
📡 Enviando mensaje vía API local del bot...
❌ Error al enviar mensaje vía API local: HTTP 500 No LID for user
❌ Error enviando a 230433753137354: HTTP 500 No LID for user
📡 Enviando mensaje vía API local del bot...
❌ Error al enviar mensaje vía API local: HTTP 500 No LID for user
❌ Error enviando a 73719540125865: HTTP 500 No LID for user
📡 Enviando mensaje vía API local del bot...
✅ Mensaje enviado a 50255629247 vía bot activo

🟢 Finalizado.
[dotenv@17.2.3] injecting env (10) from ../.env -- tip: 🔐 prevent committing .env to code: https://dotenvx.com/precommit
[dotenv@17.2.3] injecting env (0) from .env -- tip: 🔐 prevent building .env in docker: https://dotenvx.com/prebuild
[dotenv@17.2.3] injecting env (0) from ../.env -- tip: 👥 sync secrets across teammates & machines: https://dotenvx.com/ops
[dotenv@17.2.3] injecting env (0) from .env -- tip: 🔑 add access controls to secrets: https://dotenvx.com/ops
🕓 Iniciando envío automático de noticias diarias...

🗂️ Departamentos con notas hoy: [ 'Izabal', 'Noticias', 'Portada', 'Alta Verapaz' ]
📊 OjoAlDato cargado: {
  fecha: '26/1/2026',
  departamento: 'Guatemala',
  texto: 'el Plan de Prestaciones del Empleado Municipal (PPEM) compró carne de res, pollo, marrano y mojarras para la preparación de almuerzos del personal administrativo. Pagó Q15 mil 145 a Kevin Alejandro González Aguilar.'
}
👥 Suscriptores activos: 39
⚠️ 50432745042: sin contenido relevante → no se envía mensaje.
📡 Enviando mensaje vía API local del bot...
✅ Mensaje enviado a 50255629247 vía bot activo
✅ Enviado a 50255629247
⚠️ 50254747827: sin contenido relevante → no se envía mensaje.
⚠️ 50254827902: sin contenido relevante → no se envía mensaje.
📡 Enviando mensaje vía API local del bot...
✅ Mensaje enviado a 50257049220 vía bot activo
✅ Enviado a 50257049220
⚠️ 50230080060: sin contenido relevante → no se envía mensaje.
⚠️ 50247858363: sin contenido relevante → no se envía mensaje.
⚠️ 50232050537: sin contenido relevante → no se envía mensaje.
📡 Enviando mensaje vía API local del bot...
✅ Mensaje enviado a 50253460168 vía bot activo
✅ Enviado a 50253460168
📡 Enviando mensaje vía API local del bot...
✅ Mensaje enviado a 50230465423 vía bot activo
✅ Enviado a 50230465423
📡 Enviando mensaje vía API local del bot...
✅ Mensaje enviado a 50253065146 vía bot activo
✅ Enviado a 50253065146
📡 Enviando mensaje vía API local del bot...
✅ Mensaje enviado a 50255284110 vía bot activo
✅ Enviado a 50255284110
📡 Enviando mensaje vía API local del bot...
✅ Mensaje enviado a 50254210055 vía bot activo
✅ Enviado a 50254210055
⚠️ 50255294247: sin contenido relevante → no se envía mensaje.
📡 Enviando mensaje vía API local del bot...
✅ Mensaje enviado a 50237330000 vía bot activo
✅ Enviado a 50237330000
📡 Enviando mensaje vía API local del bot...
✅ Mensaje enviado a 50245491953 vía bot activo
✅ Enviado a 50245491953
📡 Enviando mensaje vía API local del bot...
✅ Mensaje enviado a 50257186094 vía bot activo
✅ Enviado a 50257186094
⚠️ 50257171707: sin contenido relevante → no se envía mensaje.
📡 Enviando mensaje vía API local del bot...
✅ Mensaje enviado a 50233610326 vía bot activo
✅ Enviado a 50233610326
📡 Enviando mensaje vía API local del bot...
✅ Mensaje enviado a 50259906516 vía bot activo
✅ Enviado a 50259906516
⚠️ 50250190948: sin contenido relevante → no se envía mensaje.
📡 Enviando mensaje vía API local del bot...
✅ Mensaje enviado a 50254263749 vía bot activo
✅ Enviado a 50254263749
📡 Enviando mensaje vía API local del bot...
✅ Mensaje enviado a 50249728550 vía bot activo
✅ Enviado a 50249728550
📡 Enviando mensaje vía API local del bot...
✅ Mensaje enviado a 50235245779 vía bot activo
✅ Enviado a 50235245779
📡 Enviando mensaje vía API local del bot...
✅ Mensaje enviado a 50246532572 vía bot activo
✅ Enviado a 50246532572
📡 Enviando mensaje vía API local del bot...
✅ Mensaje enviado a 50249313997 vía bot activo
✅ Enviado a 50249313997
📡 Enviando mensaje vía API local del bot...
✅ Mensaje enviado a 50247685876 vía bot activo
✅ Enviado a 50247685876
⚠️ 50246032841: sin contenido relevante → no se envía mensaje.
📡 Enviando mensaje vía API local del bot...
✅ Mensaje enviado a 50255585677 vía bot activo
✅ Enviado a 50255585677
⚠️ 50253556299: sin contenido relevante → no se envía mensaje.
📡 Enviando mensaje vía API local del bot...
✅ Mensaje enviado a 50254608098 vía bot activo
✅ Enviado a 50254608098
📡 Enviando mensaje vía API local del bot...
✅ Mensaje enviado a 50236405651 vía bot activo
✅ Enviado a 50236405651
⚠️ 50258261871: sin contenido relevante → no se envía mensaje.
⚠️ 50237829024: sin contenido relevante → no se envía mensaje.
⚠️ 263187073118256: sin contenido relevante → no se envía mensaje.
📡 Enviando mensaje vía API local del bot...
❌ Error al enviar mensaje vía API local: HTTP 500 No LID for user
❌ Error enviando a 47502556409941: HTTP 500 No LID for user
⚠️ 222337622368377: sin contenido relevante → no se envía mensaje.
⚠️ 230433753137354: sin contenido relevante → no se envía mensaje.
⚠️ 73719540125865: sin contenido relevante → no se envía mensaje.
📡 Enviando mensaje vía API local del bot...
✅ Mensaje enviado a 50255629247 vía bot activo
🟢 Finalizado y DB cerrada.
[dotenv@17.2.3] injecting env (10) from ../.env -- tip: 🔐 prevent committing .env to code: https://dotenvx.com/precommit
[dotenv@17.2.3] injecting env (0) from .env -- tip: ✅ audit secrets and track compliance: https://dotenvx.com/ops
[dotenv@17.2.3] injecting env (0) from ../.env -- tip: 🔐 prevent building .env in docker: https://dotenvx.com/prebuild
[dotenv@17.2.3] injecting env (0) from .env -- tip: 🔑 add access controls to secrets: https://dotenvx.com/ops
🕓 Iniciando envío automático de noticias diarias...

🗂️ Departamentos con notas hoy: [ 'Quetzaltenango', 'Noticias', 'Portada' ]
📊 OjoAlDato cargado: {
  fecha: '27/1/2026',
  departamento: 'Chimaltenango',
  texto: 'la municipalidad de Santa Apolonia, Chimaltenango compró 70 electrodomésticos —entre cafeteras, licuadoras, microondas y planchas— por Q22 mil 404.50 a Nuevos Almacenes, S.A. (Cemaco). La compra fue justificada para “actividades de fin de año”.'
}
👥 Suscriptores activos: 39
⚠️ 50432745042: sin contenido relevante → no se envía mensaje.
⚠️ 50255629247: sin contenido relevante → no se envía mensaje.
⚠️ 50254747827: sin contenido relevante → no se envía mensaje.
⚠️ 50254827902: sin contenido relevante → no se envía mensaje.
📡 Enviando mensaje vía API local del bot...
✅ Mensaje enviado a 50257049220 vía bot activo
✅ Enviado a 50257049220
⚠️ 50230080060: sin contenido relevante → no se envía mensaje.
⚠️ 50247858363: sin contenido relevante → no se envía mensaje.
📡 Enviando mensaje vía API local del bot...
✅ Mensaje enviado a 50232050537 vía bot activo
✅ Enviado a 50232050537
📡 Enviando mensaje vía API local del bot...
✅ Mensaje enviado a 50253460168 vía bot activo
✅ Enviado a 50253460168
⚠️ 50230465423: sin contenido relevante → no se envía mensaje.
⚠️ 50253065146: sin contenido relevante → no se envía mensaje.
⚠️ 50255284110: sin contenido relevante → no se envía mensaje.
⚠️ 50254210055: sin contenido relevante → no se envía mensaje.
⚠️ 50255294247: sin contenido relevante → no se envía mensaje.
⚠️ 50237330000: sin contenido relevante → no se envía mensaje.
⚠️ 50245491953: sin contenido relevante → no se envía mensaje.
⚠️ 50257186094: sin contenido relevante → no se envía mensaje.
📡 Enviando mensaje vía API local del bot...
✅ Mensaje enviado a 50257171707 vía bot activo
✅ Enviado a 50257171707
📡 Enviando mensaje vía API local del bot...
✅ Mensaje enviado a 50233610326 vía bot activo
✅ Enviado a 50233610326
⚠️ 50259906516: sin contenido relevante → no se envía mensaje.
📡 Enviando mensaje vía API local del bot...
✅ Mensaje enviado a 50250190948 vía bot activo
✅ Enviado a 50250190948
⚠️ 50254263749: sin contenido relevante → no se envía mensaje.
⚠️ 50249728550: sin contenido relevante → no se envía mensaje.
📡 Enviando mensaje vía API local del bot...
✅ Mensaje enviado a 50235245779 vía bot activo
✅ Enviado a 50235245779
⚠️ 50246532572: sin contenido relevante → no se envía mensaje.
⚠️ 50249313997: sin contenido relevante → no se envía mensaje.
📡 Enviando mensaje vía API local del bot...
✅ Mensaje enviado a 50247685876 vía bot activo
✅ Enviado a 50247685876
⚠️ 50246032841: sin contenido relevante → no se envía mensaje.
⚠️ 50255585677: sin contenido relevante → no se envía mensaje.
⚠️ 50253556299: sin contenido relevante → no se envía mensaje.
⚠️ 50254608098: sin contenido relevante → no se envía mensaje.
⚠️ 50236405651: sin contenido relevante → no se envía mensaje.
⚠️ 50258261871: sin contenido relevante → no se envía mensaje.
⚠️ 50237829024: sin contenido relevante → no se envía mensaje.
⚠️ 263187073118256: sin contenido relevante → no se envía mensaje.
⚠️ 47502556409941: sin contenido relevante → no se envía mensaje.
⚠️ 222337622368377: sin contenido relevante → no se envía mensaje.
⚠️ 230433753137354: sin contenido relevante → no se envía mensaje.
⚠️ 73719540125865: sin contenido relevante → no se envía mensaje.
📡 Enviando mensaje vía API local del bot...
✅ Mensaje enviado a 50255629247 vía bot activo
🟢 Finalizado y DB cerrada.
[dotenv@17.2.3] injecting env (10) from ../.env -- tip: ⚙️  enable debug logging with { debug: true }
[dotenv@17.2.3] injecting env (0) from .env -- tip: ⚙️  suppress all logs with { quiet: true }
[dotenv@17.2.3] injecting env (0) from ../.env -- tip: ✅ audit secrets and track compliance: https://dotenvx.com/ops
[dotenv@17.2.3] injecting env (0) from .env -- tip: 🔄 add secrets lifecycle management: https://dotenvx.com/ops
🕓 Iniciando envío automático de noticias diarias...

🗂️ Departamentos con notas hoy: [
  'Consejos de Desarrollo',
  'Guatemala',
  'Jalapa',
  'Portada',
  'Noticias'
]
📊 OjoAlDato cargado: {
  fecha: '28/1/2026',
  departamento: 'Guatemala',
  texto: 'La junta directiva del Plan de Prestaciones del Empleado Municipal (PPEM) aprobó el presupuesto de ingresos para el ejercicio fiscal 2026, según publicación en el Diario Oficial. La cantidad que se lee es de Q476 millones 076 mil 132.'
}
👥 Suscriptores activos: 39
⚠️ 50432745042: sin contenido relevante → no se envía mensaje.
📡 Enviando mensaje vía API local del bot...
✅ Mensaje enviado a 50255629247 vía bot activo
✅ Enviado a 50255629247
⚠️ 50254747827: sin contenido relevante → no se envía mensaje.
📡 Enviando mensaje vía API local del bot...
✅ Mensaje enviado a 50254827902 vía bot activo
✅ Enviado a 50254827902
📡 Enviando mensaje vía API local del bot...
✅ Mensaje enviado a 50257049220 vía bot activo
✅ Enviado a 50257049220
⚠️ 50230080060: sin contenido relevante → no se envía mensaje.
⚠️ 50247858363: sin contenido relevante → no se envía mensaje.
⚠️ 50232050537: sin contenido relevante → no se envía mensaje.
📡 Enviando mensaje vía API local del bot...
✅ Mensaje enviado a 50253460168 vía bot activo
✅ Enviado a 50253460168
⚠️ 50230465423: sin contenido relevante → no se envía mensaje.
⚠️ 50253065146: sin contenido relevante → no se envía mensaje.
📡 Enviando mensaje vía API local del bot...
✅ Mensaje enviado a 50255284110 vía bot activo
✅ Enviado a 50255284110
⚠️ 50254210055: sin contenido relevante → no se envía mensaje.
⚠️ 50255294247: sin contenido relevante → no se envía mensaje.
📡 Enviando mensaje vía API local del bot...
✅ Mensaje enviado a 50237330000 vía bot activo
✅ Enviado a 50237330000
📡 Enviando mensaje vía API local del bot...
✅ Mensaje enviado a 50245491953 vía bot activo
✅ Enviado a 50245491953
📡 Enviando mensaje vía API local del bot...
✅ Mensaje enviado a 50257186094 vía bot activo
✅ Enviado a 50257186094
⚠️ 50257171707: sin contenido relevante → no se envía mensaje.
📡 Enviando mensaje vía API local del bot...
✅ Mensaje enviado a 50233610326 vía bot activo
✅ Enviado a 50233610326
📡 Enviando mensaje vía API local del bot...
✅ Mensaje enviado a 50259906516 vía bot activo
✅ Enviado a 50259906516
⚠️ 50250190948: sin contenido relevante → no se envía mensaje.
📡 Enviando mensaje vía API local del bot...
✅ Mensaje enviado a 50254263749 vía bot activo
✅ Enviado a 50254263749
📡 Enviando mensaje vía API local del bot...
✅ Mensaje enviado a 50249728550 vía bot activo
✅ Enviado a 50249728550
📡 Enviando mensaje vía API local del bot...
✅ Mensaje enviado a 50235245779 vía bot activo
✅ Enviado a 50235245779
📡 Enviando mensaje vía API local del bot...
✅ Mensaje enviado a 50246532572 vía bot activo
✅ Enviado a 50246532572
⚠️ 50249313997: sin contenido relevante → no se envía mensaje.
📡 Enviando mensaje vía API local del bot...
✅ Mensaje enviado a 50247685876 vía bot activo
✅ Enviado a 50247685876
⚠️ 50246032841: sin contenido relevante → no se envía mensaje.
📡 Enviando mensaje vía API local del bot...
✅ Mensaje enviado a 50255585677 vía bot activo
✅ Enviado a 50255585677
⚠️ 50253556299: sin contenido relevante → no se envía mensaje.
📡 Enviando mensaje vía API local del bot...
✅ Mensaje enviado a 50254608098 vía bot activo
✅ Enviado a 50254608098
📡 Enviando mensaje vía API local del bot...
✅ Mensaje enviado a 50236405651 vía bot activo
✅ Enviado a 50236405651
⚠️ 50258261871: sin contenido relevante → no se envía mensaje.
⚠️ 50237829024: sin contenido relevante → no se envía mensaje.
⚠️ 263187073118256: sin contenido relevante → no se envía mensaje.
⚠️ 47502556409941: sin contenido relevante → no se envía mensaje.
⚠️ 222337622368377: sin contenido relevante → no se envía mensaje.
⚠️ 230433753137354: sin contenido relevante → no se envía mensaje.
⚠️ 73719540125865: sin contenido relevante → no se envía mensaje.
📡 Enviando mensaje vía API local del bot...
✅ Mensaje enviado a 50255629247 vía bot activo
🟢 Finalizado y DB cerrada.
[dotenv@17.2.3] injecting env (10) from ../.env -- tip: ✅ audit secrets and track compliance: https://dotenvx.com/ops
[dotenv@17.2.3] injecting env (0) from .env -- tip: ⚙️  load multiple .env files with { path: ['.env.local', '.env'] }
[dotenv@17.2.3] injecting env (0) from ../.env -- tip: 🛠️  run anywhere with `dotenvx run -- yourcommand`
[dotenv@17.2.3] injecting env (0) from .env -- tip: ✅ audit secrets and track compliance: https://dotenvx.com/ops
🕓 Iniciando envío automático de noticias diarias...

🗂️ Departamentos con notas hoy: [ '#JotaCe', 'Noticias', 'Portada', 'San Marcos' ]
⚠️ No hay #OjoAlDato para hoy (29/1/2026)
⚠️ OjoAlDato no disponible hoy
👥 Suscriptores activos: 39
⚠️ 50432745042: sin contenido relevante → no se envía mensaje.
⚠️ 50255629247: sin contenido relevante → no se envía mensaje.
⚠️ 50254747827: sin contenido relevante → no se envía mensaje.
⚠️ 50254827902: sin contenido relevante → no se envía mensaje.
📡 Enviando mensaje vía API local del bot...
✅ Mensaje enviado a 50257049220 vía bot activo
✅ Enviado a 50257049220
⚠️ 50230080060: sin contenido relevante → no se envía mensaje.
⚠️ 50247858363: sin contenido relevante → no se envía mensaje.
📡 Enviando mensaje vía API local del bot...
✅ Mensaje enviado a 50232050537 vía bot activo
✅ Enviado a 50232050537
⚠️ 50253460168: sin contenido relevante → no se envía mensaje.
⚠️ 50230465423: sin contenido relevante → no se envía mensaje.
⚠️ 50253065146: sin contenido relevante → no se envía mensaje.
⚠️ 50255284110: sin contenido relevante → no se envía mensaje.
⚠️ 50254210055: sin contenido relevante → no se envía mensaje.
⚠️ 50255294247: sin contenido relevante → no se envía mensaje.
⚠️ 50237330000: sin contenido relevante → no se envía mensaje.
⚠️ 50245491953: sin contenido relevante → no se envía mensaje.
⚠️ 50257186094: sin contenido relevante → no se envía mensaje.
⚠️ 50257171707: sin contenido relevante → no se envía mensaje.
⚠️ 50233610326: sin contenido relevante → no se envía mensaje.
⚠️ 50259906516: sin contenido relevante → no se envía mensaje.
⚠️ 50250190948: sin contenido relevante → no se envía mensaje.
⚠️ 50254263749: sin contenido relevante → no se envía mensaje.
⚠️ 50249728550: sin contenido relevante → no se envía mensaje.
⚠️ 50235245779: sin contenido relevante → no se envía mensaje.
⚠️ 50246532572: sin contenido relevante → no se envía mensaje.
⚠️ 50249313997: sin contenido relevante → no se envía mensaje.
📡 Enviando mensaje vía API local del bot...
✅ Mensaje enviado a 50247685876 vía bot activo
✅ Enviado a 50247685876
⚠️ 50246032841: sin contenido relevante → no se envía mensaje.
⚠️ 50255585677: sin contenido relevante → no se envía mensaje.
⚠️ 50253556299: sin contenido relevante → no se envía mensaje.
⚠️ 50254608098: sin contenido relevante → no se envía mensaje.
⚠️ 50236405651: sin contenido relevante → no se envía mensaje.
⚠️ 50258261871: sin contenido relevante → no se envía mensaje.
⚠️ 50237829024: sin contenido relevante → no se envía mensaje.
⚠️ 263187073118256: sin contenido relevante → no se envía mensaje.
⚠️ 47502556409941: sin contenido relevante → no se envía mensaje.
⚠️ 222337622368377: sin contenido relevante → no se envía mensaje.
⚠️ 230433753137354: sin contenido relevante → no se envía mensaje.
⚠️ 73719540125865: sin contenido relevante → no se envía mensaje.
📡 Enviando mensaje vía API local del bot...
✅ Mensaje enviado a 50255629247 vía bot activo
🟢 Finalizado y DB cerrada.
[dotenv@17.2.3] injecting env (10) from ../.env -- tip: ⚙️  specify custom .env file path with { path: '/custom/path/.env' }
[dotenv@17.2.3] injecting env (0) from .env -- tip: 🛠️  run anywhere with `dotenvx run -- yourcommand`
[dotenv@17.2.3] injecting env (0) from .env -- tip: ⚙️  write to custom object with { processEnv: myObject }
🗓️ Iniciando envío semanal consolidado...

🗂️ Temas esta semana: [ 'consejos de desarrollo', 'concejos municipales' ]
📡 Enviando mensaje vía API local del bot...
✅ Mensaje enviado a 50255629247 vía bot activo
✅ Enviado a 50255629247
📡 Enviando mensaje vía API local del bot...
✅ Mensaje enviado a 50254747827 vía bot activo
✅ Enviado a 50254747827
⚠️ 50254827902: sin contenido → no se envía.
📡 Enviando mensaje vía API local del bot...
✅ Mensaje enviado a 50257049220 vía bot activo
✅ Enviado a 50257049220
📡 Enviando mensaje vía API local del bot...
✅ Mensaje enviado a 50230080060 vía bot activo
✅ Enviado a 50230080060
📡 Enviando mensaje vía API local del bot...
✅ Mensaje enviado a 50247858363 vía bot activo
✅ Enviado a 50247858363
📡 Enviando mensaje vía API local del bot...
✅ Mensaje enviado a 50232050537 vía bot activo
✅ Enviado a 50232050537
📡 Enviando mensaje vía API local del bot...
✅ Mensaje enviado a 50253460168 vía bot activo
✅ Enviado a 50253460168
⚠️ 50230465423: sin contenido → no se envía.
📡 Enviando mensaje vía API local del bot...
✅ Mensaje enviado a 50253065146 vía bot activo
✅ Enviado a 50253065146
📡 Enviando mensaje vía API local del bot...
✅ Mensaje enviado a 50255284110 vía bot activo
✅ Enviado a 50255284110
📡 Enviando mensaje vía API local del bot...
✅ Mensaje enviado a 50254210055 vía bot activo
✅ Enviado a 50254210055
📡 Enviando mensaje vía API local del bot...
✅ Mensaje enviado a 50255294247 vía bot activo
✅ Enviado a 50255294247
📡 Enviando mensaje vía API local del bot...
✅ Mensaje enviado a 50237330000 vía bot activo
✅ Enviado a 50237330000
📡 Enviando mensaje vía API local del bot...
✅ Mensaje enviado a 50245491953 vía bot activo
✅ Enviado a 50245491953
📡 Enviando mensaje vía API local del bot...
✅ Mensaje enviado a 50257186094 vía bot activo
✅ Enviado a 50257186094
📡 Enviando mensaje vía API local del bot...
✅ Mensaje enviado a 50257171707 vía bot activo
✅ Enviado a 50257171707
📡 Enviando mensaje vía API local del bot...
✅ Mensaje enviado a 50233610326 vía bot activo
✅ Enviado a 50233610326
📡 Enviando mensaje vía API local del bot...
✅ Mensaje enviado a 50259906516 vía bot activo
✅ Enviado a 50259906516
📡 Enviando mensaje vía API local del bot...
✅ Mensaje enviado a 50250190948 vía bot activo
✅ Enviado a 50250190948
📡 Enviando mensaje vía API local del bot...
✅ Mensaje enviado a 50254263749 vía bot activo
✅ Enviado a 50254263749
📡 Enviando mensaje vía API local del bot...
✅ Mensaje enviado a 50249728550 vía bot activo
✅ Enviado a 50249728550
📡 Enviando mensaje vía API local del bot...
✅ Mensaje enviado a 50235245779 vía bot activo
✅ Enviado a 50235245779
📡 Enviando mensaje vía API local del bot...
✅ Mensaje enviado a 50246532572 vía bot activo
✅ Enviado a 50246532572
📡 Enviando mensaje vía API local del bot...
✅ Mensaje enviado a 50249313997 vía bot activo
✅ Enviado a 50249313997
📡 Enviando mensaje vía API local del bot...
✅ Mensaje enviado a 50247685876 vía bot activo
✅ Enviado a 50247685876
⚠️ 50246032841: sin contenido → no se envía.
📡 Enviando mensaje vía API local del bot...
✅ Mensaje enviado a 50255585677 vía bot activo
✅ Enviado a 50255585677
📡 Enviando mensaje vía API local del bot...
✅ Mensaje enviado a 50253556299 vía bot activo
✅ Enviado a 50253556299
📡 Enviando mensaje vía API local del bot...
✅ Mensaje enviado a 50254608098 vía bot activo
✅ Enviado a 50254608098
📡 Enviando mensaje vía API local del bot...
✅ Mensaje enviado a 50236405651 vía bot activo
✅ Enviado a 50236405651
📡 Enviando mensaje vía API local del bot...
✅ Mensaje enviado a 50258261871 vía bot activo
✅ Enviado a 50258261871
📡 Enviando mensaje vía API local del bot...
✅ Mensaje enviado a 50237829024 vía bot activo
✅ Enviado a 50237829024
📡 Enviando mensaje vía API local del bot...
❌ Error al enviar mensaje vía API local: HTTP 500 No LID for user
❌ Error enviando a 263187073118256: HTTP 500 No LID for user
📡 Enviando mensaje vía API local del bot...
❌ Error al enviar mensaje vía API local: HTTP 500 No LID for user
❌ Error enviando a 47502556409941: HTTP 500 No LID for user
📡 Enviando mensaje vía API local del bot...
❌ Error al enviar mensaje vía API local: HTTP 500 No LID for user
❌ Error enviando a 222337622368377: HTTP 500 No LID for user
📡 Enviando mensaje vía API local del bot...
❌ Error al enviar mensaje vía API local: HTTP 500 No LID for user
❌ Error enviando a 230433753137354: HTTP 500 No LID for user
📡 Enviando mensaje vía API local del bot...
❌ Error al enviar mensaje vía API local: HTTP 500 No LID for user
❌ Error enviando a 73719540125865: HTTP 500 No LID for user
📡 Enviando mensaje vía API local del bot...
❌ Error al enviar mensaje vía API local: HTTP 500 No LID for user
❌ Error enviando a 178112428036213: HTTP 500 No LID for user
📡 Enviando mensaje vía API local del bot...
✅ Mensaje enviado a 50255629247 vía bot activo

🟢 Finalizado.
[dotenv@17.2.3] injecting env (10) from ../.env -- tip: 🔑 add access controls to secrets: https://dotenvx.com/ops
[dotenv@17.2.3] injecting env (0) from .env -- tip: ⚙️  load multiple .env files with { path: ['.env.local', '.env'] }
[dotenv@17.2.3] injecting env (0) from ../.env -- tip: ⚙️  load multiple .env files with { path: ['.env.local', '.env'] }
[dotenv@17.2.3] injecting env (0) from .env -- tip: ⚙️  suppress all logs with { quiet: true }
🕓 Iniciando envío automático de noticias diarias...

🗂️ Departamentos con notas hoy: [
  'Guatemala',
  'Noticias',
  'Portada',
  'Ambiente',
  'Izabal',
  'Petén',
  'Zacapa'
]
📊 OjoAlDato cargado: {
  fecha: '2/2/2026',
  departamento: 'Jalapa',
  texto: 'Villa Nueva adjudicó el servicio de 12 líneas telefónicas para uso del personal de la municipalidad, por Q39 mil 600. El proveedor es Telecomunicaciones de Guatemala S. A. (Telgua).'
}
👥 Suscriptores activos: 40
⚠️ 50432745042: sin contenido relevante → no se envía mensaje.
📡 Enviando mensaje vía API local del bot...
✅ Mensaje enviado a 50255629247 vía bot activo
✅ Enviado a 50255629247
⚠️ 50254747827: sin contenido relevante → no se envía mensaje.
📡 Enviando mensaje vía API local del bot...
✅ Mensaje enviado a 50254827902 vía bot activo
✅ Enviado a 50254827902
📡 Enviando mensaje vía API local del bot...
✅ Mensaje enviado a 50257049220 vía bot activo
✅ Enviado a 50257049220
⚠️ 50230080060: sin contenido relevante → no se envía mensaje.
⚠️ 50247858363: sin contenido relevante → no se envía mensaje.
⚠️ 50232050537: sin contenido relevante → no se envía mensaje.
📡 Enviando mensaje vía API local del bot...
✅ Mensaje enviado a 50253460168 vía bot activo
✅ Enviado a 50253460168
📡 Enviando mensaje vía API local del bot...
✅ Mensaje enviado a 50230465423 vía bot activo
✅ Enviado a 50230465423
⚠️ 50253065146: sin contenido relevante → no se envía mensaje.
📡 Enviando mensaje vía API local del bot...
✅ Mensaje enviado a 50255284110 vía bot activo
✅ Enviado a 50255284110
📡 Enviando mensaje vía API local del bot...
✅ Mensaje enviado a 50254210055 vía bot activo
✅ Enviado a 50254210055
⚠️ 50255294247: sin contenido relevante → no se envía mensaje.
📡 Enviando mensaje vía API local del bot...
✅ Mensaje enviado a 50237330000 vía bot activo
✅ Enviado a 50237330000
📡 Enviando mensaje vía API local del bot...
✅ Mensaje enviado a 50245491953 vía bot activo
✅ Enviado a 50245491953
📡 Enviando mensaje vía API local del bot...
✅ Mensaje enviado a 50257186094 vía bot activo
✅ Enviado a 50257186094
⚠️ 50257171707: sin contenido relevante → no se envía mensaje.
📡 Enviando mensaje vía API local del bot...
✅ Mensaje enviado a 50233610326 vía bot activo
✅ Enviado a 50233610326
📡 Enviando mensaje vía API local del bot...
✅ Mensaje enviado a 50259906516 vía bot activo
✅ Enviado a 50259906516
⚠️ 50250190948: sin contenido relevante → no se envía mensaje.
📡 Enviando mensaje vía API local del bot...
✅ Mensaje enviado a 50254263749 vía bot activo
✅ Enviado a 50254263749
📡 Enviando mensaje vía API local del bot...
✅ Mensaje enviado a 50249728550 vía bot activo
✅ Enviado a 50249728550
📡 Enviando mensaje vía API local del bot...
✅ Mensaje enviado a 50235245779 vía bot activo
✅ Enviado a 50235245779
📡 Enviando mensaje vía API local del bot...
✅ Mensaje enviado a 50246532572 vía bot activo
✅ Enviado a 50246532572
⚠️ 50249313997: sin contenido relevante → no se envía mensaje.
📡 Enviando mensaje vía API local del bot...
✅ Mensaje enviado a 50247685876 vía bot activo
✅ Enviado a 50247685876
⚠️ 50246032841: sin contenido relevante → no se envía mensaje.
📡 Enviando mensaje vía API local del bot...
✅ Mensaje enviado a 50255585677 vía bot activo
✅ Enviado a 50255585677
📡 Enviando mensaje vía API local del bot...
✅ Mensaje enviado a 50253556299 vía bot activo
✅ Enviado a 50253556299
📡 Enviando mensaje vía API local del bot...
✅ Mensaje enviado a 50254608098 vía bot activo
✅ Enviado a 50254608098
📡 Enviando mensaje vía API local del bot...
✅ Mensaje enviado a 50236405651 vía bot activo
✅ Enviado a 50236405651
⚠️ 50258261871: sin contenido relevante → no se envía mensaje.
⚠️ 50237829024: sin contenido relevante → no se envía mensaje.
⚠️ 263187073118256: sin contenido relevante → no se envía mensaje.
⚠️ 47502556409941: sin contenido relevante → no se envía mensaje.
⚠️ 222337622368377: sin contenido relevante → no se envía mensaje.
📡 Enviando mensaje vía API local del bot...
❌ Error al enviar mensaje vía API local: HTTP 500 No LID for user
❌ Error enviando a 230433753137354: HTTP 500 No LID for user
⚠️ 73719540125865: sin contenido relevante → no se envía mensaje.
⚠️ 178112428036213: sin contenido relevante → no se envía mensaje.
📡 Enviando mensaje vía API local del bot...
✅ Mensaje enviado a 50255629247 vía bot activo
🟢 Finalizado y DB cerrada.
[dotenv@17.2.3] injecting env (10) from ../.env -- tip: ⚙️  write to custom object with { processEnv: myObject }
[dotenv@17.2.3] injecting env (0) from .env -- tip: ⚙️  override existing env vars with { override: true }
[dotenv@17.2.3] injecting env (0) from ../.env -- tip: 📡 add observability to secrets: https://dotenvx.com/ops
[dotenv@17.2.3] injecting env (0) from .env -- tip: 🛠️  run anywhere with `dotenvx run -- yourcommand`
🕓 Iniciando envío automático de noticias diarias...

🗂️ Departamentos con notas hoy: [
  'Guatemala',
  'Noticias',
  'Portada',
  'El Progreso',
  'Movilidad',
  'Quetzaltenango',
  'Sololá',
  'Suchitepéquez'
]
📊 OjoAlDato cargado: {
  fecha: '3/2/2026',
  departamento: 'Sololá',
  texto: 'Para el 6 de enero, día de los Santos Reyes Magos, Tectitán, Huehuetenango, contrató el servicio de Grupos Musicales para amenizar. El proveedor fue Entertaiment Worl por Q90 mil.'
}
👥 Suscriptores activos: 40
⚠️ 50432745042: sin contenido relevante → no se envía mensaje.
📡 Enviando mensaje vía API local del bot...
✅ Mensaje enviado a 50255629247 vía bot activo
✅ Enviado a 50255629247
📡 Enviando mensaje vía API local del bot...
✅ Mensaje enviado a 50254747827 vía bot activo
✅ Enviado a 50254747827
⚠️ 50254827902: sin contenido relevante → no se envía mensaje.
📡 Enviando mensaje vía API local del bot...
✅ Mensaje enviado a 50257049220 vía bot activo
✅ Enviado a 50257049220
📡 Enviando mensaje vía API local del bot...
✅ Mensaje enviado a 50230080060 vía bot activo
✅ Enviado a 50230080060
⚠️ 50247858363: sin contenido relevante → no se envía mensaje.
📡 Enviando mensaje vía API local del bot...
✅ Mensaje enviado a 50232050537 vía bot activo
✅ Enviado a 50232050537
📡 Enviando mensaje vía API local del bot...
✅ Mensaje enviado a 50253460168 vía bot activo
✅ Enviado a 50253460168
⚠️ 50230465423: sin contenido relevante → no se envía mensaje.
⚠️ 50253065146: sin contenido relevante → no se envía mensaje.
📡 Enviando mensaje vía API local del bot...
✅ Mensaje enviado a 50255284110 vía bot activo
✅ Enviado a 50255284110
⚠️ 50254210055: sin contenido relevante → no se envía mensaje.
⚠️ 50255294247: sin contenido relevante → no se envía mensaje.
📡 Enviando mensaje vía API local del bot...
✅ Mensaje enviado a 50237330000 vía bot activo
✅ Enviado a 50237330000
📡 Enviando mensaje vía API local del bot...
✅ Mensaje enviado a 50245491953 vía bot activo
✅ Enviado a 50245491953
📡 Enviando mensaje vía API local del bot...
✅ Mensaje enviado a 50257186094 vía bot activo
✅ Enviado a 50257186094
📡 Enviando mensaje vía API local del bot...
✅ Mensaje enviado a 50257171707 vía bot activo
✅ Enviado a 50257171707
📡 Enviando mensaje vía API local del bot...
✅ Mensaje enviado a 50233610326 vía bot activo
✅ Enviado a 50233610326
📡 Enviando mensaje vía API local del bot...
✅ Mensaje enviado a 50259906516 vía bot activo
✅ Enviado a 50259906516
📡 Enviando mensaje vía API local del bot...
✅ Mensaje enviado a 50250190948 vía bot activo
✅ Enviado a 50250190948
📡 Enviando mensaje vía API local del bot...
✅ Mensaje enviado a 50254263749 vía bot activo
✅ Enviado a 50254263749
📡 Enviando mensaje vía API local del bot...
✅ Mensaje enviado a 50249728550 vía bot activo
✅ Enviado a 50249728550
📡 Enviando mensaje vía API local del bot...
✅ Mensaje enviado a 50235245779 vía bot activo
✅ Enviado a 50235245779
📡 Enviando mensaje vía API local del bot...
✅ Mensaje enviado a 50246532572 vía bot activo
✅ Enviado a 50246532572
⚠️ 50249313997: sin contenido relevante → no se envía mensaje.
📡 Enviando mensaje vía API local del bot...
✅ Mensaje enviado a 50247685876 vía bot activo
✅ Enviado a 50247685876
⚠️ 50246032841: sin contenido relevante → no se envía mensaje.
📡 Enviando mensaje vía API local del bot...
✅ Mensaje enviado a 50255585677 vía bot activo
✅ Enviado a 50255585677
⚠️ 50253556299: sin contenido relevante → no se envía mensaje.
📡 Enviando mensaje vía API local del bot...
✅ Mensaje enviado a 50254608098 vía bot activo
✅ Enviado a 50254608098
📡 Enviando mensaje vía API local del bot...
✅ Mensaje enviado a 50236405651 vía bot activo
✅ Enviado a 50236405651
⚠️ 50258261871: sin contenido relevante → no se envía mensaje.
⚠️ 50237829024: sin contenido relevante → no se envía mensaje.
⚠️ 263187073118256: sin contenido relevante → no se envía mensaje.
⚠️ 47502556409941: sin contenido relevante → no se envía mensaje.
📡 Enviando mensaje vía API local del bot...
❌ Error al enviar mensaje vía API local: HTTP 500 No LID for user
❌ Error enviando a 222337622368377: HTTP 500 No LID for user
⚠️ 230433753137354: sin contenido relevante → no se envía mensaje.
📡 Enviando mensaje vía API local del bot...
❌ Error al enviar mensaje vía API local: HTTP 500 No LID for user
❌ Error enviando a 73719540125865: HTTP 500 No LID for user
⚠️ 178112428036213: sin contenido relevante → no se envía mensaje.
📡 Enviando mensaje vía API local del bot...
✅ Mensaje enviado a 50255629247 vía bot activo
🟢 Finalizado y DB cerrada.
[dotenv@17.2.3] injecting env (10) from ../.env -- tip: 🔐 encrypt with Dotenvx: https://dotenvx.com
[dotenv@17.2.3] injecting env (0) from .env -- tip: 🗂️ backup and recover secrets: https://dotenvx.com/ops
[dotenv@17.2.3] injecting env (0) from ../.env -- tip: ⚙️  override existing env vars with { override: true }
[dotenv@17.2.3] injecting env (0) from .env -- tip: 🔐 prevent building .env in docker: https://dotenvx.com/prebuild
🕓 Iniciando envío automático de noticias diarias...

🗂️ Departamentos con notas hoy: [ 'Chiquimula', 'Noticias', 'Portada', 'Sololá' ]
📊 OjoAlDato cargado: {
  fecha: '4/2/2026',
  departamento: 'Guatemala',
  texto: 'Para transportar los desechos de los vecinos, la municipalidad de Zacualpa, Quiché, arrienda un camión. Por el servicio de tres meses (enero a marzo) facturó Q89 mil 760.'
}
👥 Suscriptores activos: 44
⚠️ 50432745042: sin contenido relevante → no se envía mensaje.
📡 Enviando mensaje vía API local del bot...
✅ Mensaje enviado a 50255629247 vía bot activo
✅ Enviado a 50255629247
⚠️ 50254747827: sin contenido relevante → no se envía mensaje.
📡 Enviando mensaje vía API local del bot...
✅ Mensaje enviado a 50254827902 vía bot activo
✅ Enviado a 50254827902
📡 Enviando mensaje vía API local del bot...
✅ Mensaje enviado a 50257049220 vía bot activo
✅ Enviado a 50257049220
⚠️ 50230080060: sin contenido relevante → no se envía mensaje.
⚠️ 50247858363: sin contenido relevante → no se envía mensaje.
⚠️ 50232050537: sin contenido relevante → no se envía mensaje.
📡 Enviando mensaje vía API local del bot...
✅ Mensaje enviado a 50253460168 vía bot activo
✅ Enviado a 50253460168
⚠️ 50230465423: sin contenido relevante → no se envía mensaje.
⚠️ 50253065146: sin contenido relevante → no se envía mensaje.
📡 Enviando mensaje vía API local del bot...
✅ Mensaje enviado a 50255284110 vía bot activo
✅ Enviado a 50255284110
⚠️ 50254210055: sin contenido relevante → no se envía mensaje.
📡 Enviando mensaje vía API local del bot...
✅ Mensaje enviado a 50255294247 vía bot activo
✅ Enviado a 50255294247
📡 Enviando mensaje vía API local del bot...
✅ Mensaje enviado a 50237330000 vía bot activo
✅ Enviado a 50237330000
📡 Enviando mensaje vía API local del bot...
✅ Mensaje enviado a 50245491953 vía bot activo
✅ Enviado a 50245491953
📡 Enviando mensaje vía API local del bot...
✅ Mensaje enviado a 50257186094 vía bot activo
✅ Enviado a 50257186094
⚠️ 50257171707: sin contenido relevante → no se envía mensaje.
📡 Enviando mensaje vía API local del bot...
✅ Mensaje enviado a 50233610326 vía bot activo
✅ Enviado a 50233610326
📡 Enviando mensaje vía API local del bot...
✅ Mensaje enviado a 50259906516 vía bot activo
✅ Enviado a 50259906516
📡 Enviando mensaje vía API local del bot...
✅ Mensaje enviado a 50250190948 vía bot activo
✅ Enviado a 50250190948
📡 Enviando mensaje vía API local del bot...
✅ Mensaje enviado a 50254263749 vía bot activo
✅ Enviado a 50254263749
📡 Enviando mensaje vía API local del bot...
✅ Mensaje enviado a 50249728550 vía bot activo
✅ Enviado a 50249728550
📡 Enviando mensaje vía API local del bot...
✅ Mensaje enviado a 50235245779 vía bot activo
✅ Enviado a 50235245779
📡 Enviando mensaje vía API local del bot...
✅ Mensaje enviado a 50246532572 vía bot activo
✅ Enviado a 50246532572
📡 Enviando mensaje vía API local del bot...
✅ Mensaje enviado a 50249313997 vía bot activo
✅ Enviado a 50249313997
📡 Enviando mensaje vía API local del bot...
✅ Mensaje enviado a 50247685876 vía bot activo
✅ Enviado a 50247685876
⚠️ 50246032841: sin contenido relevante → no se envía mensaje.
📡 Enviando mensaje vía API local del bot...
✅ Mensaje enviado a 50255585677 vía bot activo
✅ Enviado a 50255585677
⚠️ 50253556299: sin contenido relevante → no se envía mensaje.
📡 Enviando mensaje vía API local del bot...
✅ Mensaje enviado a 50254608098 vía bot activo
✅ Enviado a 50254608098
📡 Enviando mensaje vía API local del bot...
✅ Mensaje enviado a 50236405651 vía bot activo
✅ Enviado a 50236405651
⚠️ 50258261871: sin contenido relevante → no se envía mensaje.
⚠️ 50237829024: sin contenido relevante → no se envía mensaje.
⚠️ 263187073118256: sin contenido relevante → no se envía mensaje.
⚠️ 47502556409941: sin contenido relevante → no se envía mensaje.
📡 Enviando mensaje vía API local del bot...
❌ Error al enviar mensaje vía API local: HTTP 500 No LID for user
❌ Error enviando a 222337622368377: HTTP 500 No LID for user
📡 Enviando mensaje vía API local del bot...
❌ Error al enviar mensaje vía API local: HTTP 500 No LID for user
❌ Error enviando a 230433753137354: HTTP 500 No LID for user
⚠️ 73719540125865: sin contenido relevante → no se envía mensaje.
⚠️ 178112428036213: sin contenido relevante → no se envía mensaje.
⚠️ 38105016983693: sin contenido relevante → no se envía mensaje.
⚠️ 211127774503091: sin contenido relevante → no se envía mensaje.
📡 Enviando mensaje vía API local del bot...
❌ Error al enviar mensaje vía API local: HTTP 500 No LID for user
❌ Error enviando a 64879927029999: HTTP 500 No LID for user
📡 Enviando mensaje vía API local del bot...
❌ Error al enviar mensaje vía API local: HTTP 500 No LID for user
❌ Error enviando a 65867752673412: HTTP 500 No LID for user
📡 Enviando mensaje vía API local del bot...
✅ Mensaje enviado a 50255629247 vía bot activo
🟢 Finalizado y DB cerrada.
[dotenv@17.2.3] injecting env (10) from ../.env -- tip: 🗂️ backup and recover secrets: https://dotenvx.com/ops
[dotenv@17.2.3] injecting env (0) from .env -- tip: 🔐 prevent committing .env to code: https://dotenvx.com/precommit
[dotenv@17.2.3] injecting env (0) from ../.env -- tip: 🗂️ backup and recover secrets: https://dotenvx.com/ops
[dotenv@17.2.3] injecting env (0) from .env -- tip: ⚙️  write to custom object with { processEnv: myObject }
🕓 Iniciando envío automático de noticias diarias...

🗂️ Departamentos con notas hoy: [
  'Concejos municipales',
  'Guatemala',
  'Noticias',
  'Portada',
  'Alta Verapaz'
]
📊 OjoAlDato cargado: {
  fecha: '5/2/2026',
  departamento: 'Totonicapán',
  texto: 'En la aldea Joya Grande de Zaragoza, Chimaltenango, habrá parranda. Le municipalidad adjudicó servicios artísticos para presentación musical el próximo 18 de marzo (2026). El proveedor será VIP Producciones por Q43 mil 400.'
}
👥 Suscriptores activos: 44
⚠️ 50432745042: sin contenido relevante → no se envía mensaje.
📡 Enviando mensaje vía API local del bot...
✅ Mensaje enviado a 50255629247 vía bot activo
✅ Enviado a 50255629247
⚠️ 50254747827: sin contenido relevante → no se envía mensaje.
⚠️ 50254827902: sin contenido relevante → no se envía mensaje.
📡 Enviando mensaje vía API local del bot...
✅ Mensaje enviado a 50257049220 vía bot activo
✅ Enviado a 50257049220
📡 Enviando mensaje vía API local del bot...
✅ Mensaje enviado a 50230080060 vía bot activo
✅ Enviado a 50230080060
⚠️ 50247858363: sin contenido relevante → no se envía mensaje.
⚠️ 50232050537: sin contenido relevante → no se envía mensaje.
📡 Enviando mensaje vía API local del bot...
✅ Mensaje enviado a 50253460168 vía bot activo
✅ Enviado a 50253460168
⚠️ 50230465423: sin contenido relevante → no se envía mensaje.
📡 Enviando mensaje vía API local del bot...
✅ Mensaje enviado a 50253065146 vía bot activo
✅ Enviado a 50253065146
📡 Enviando mensaje vía API local del bot...
✅ Mensaje enviado a 50255284110 vía bot activo
✅ Enviado a 50255284110
⚠️ 50254210055: sin contenido relevante → no se envía mensaje.
⚠️ 50255294247: sin contenido relevante → no se envía mensaje.
📡 Enviando mensaje vía API local del bot...
✅ Mensaje enviado a 50237330000 vía bot activo
✅ Enviado a 50237330000
📡 Enviando mensaje vía API local del bot...
✅ Mensaje enviado a 50245491953 vía bot activo
✅ Enviado a 50245491953
📡 Enviando mensaje vía API local del bot...
✅ Mensaje enviado a 50257186094 vía bot activo
✅ Enviado a 50257186094
⚠️ 50257171707: sin contenido relevante → no se envía mensaje.
📡 Enviando mensaje vía API local del bot...
✅ Mensaje enviado a 50233610326 vía bot activo
✅ Enviado a 50233610326
📡 Enviando mensaje vía API local del bot...
✅ Mensaje enviado a 50259906516 vía bot activo
✅ Enviado a 50259906516
⚠️ 50250190948: sin contenido relevante → no se envía mensaje.
📡 Enviando mensaje vía API local del bot...
✅ Mensaje enviado a 50254263749 vía bot activo
✅ Enviado a 50254263749
📡 Enviando mensaje vía API local del bot...
✅ Mensaje enviado a 50249728550 vía bot activo
✅ Enviado a 50249728550
📡 Enviando mensaje vía API local del bot...
✅ Mensaje enviado a 50235245779 vía bot activo
✅ Enviado a 50235245779
📡 Enviando mensaje vía API local del bot...
✅ Mensaje enviado a 50246532572 vía bot activo
✅ Enviado a 50246532572
📡 Enviando mensaje vía API local del bot...
✅ Mensaje enviado a 50249313997 vía bot activo
✅ Enviado a 50249313997
📡 Enviando mensaje vía API local del bot...
✅ Mensaje enviado a 50247685876 vía bot activo
✅ Enviado a 50247685876
⚠️ 50246032841: sin contenido relevante → no se envía mensaje.
📡 Enviando mensaje vía API local del bot...
✅ Mensaje enviado a 50255585677 vía bot activo
✅ Enviado a 50255585677
⚠️ 50253556299: sin contenido relevante → no se envía mensaje.
📡 Enviando mensaje vía API local del bot...
✅ Mensaje enviado a 50254608098 vía bot activo
✅ Enviado a 50254608098
📡 Enviando mensaje vía API local del bot...
✅ Mensaje enviado a 50236405651 vía bot activo
✅ Enviado a 50236405651
⚠️ 50258261871: sin contenido relevante → no se envía mensaje.
⚠️ 50237829024: sin contenido relevante → no se envía mensaje.
⚠️ 263187073118256: sin contenido relevante → no se envía mensaje.
📡 Enviando mensaje vía API local del bot...
❌ Error al enviar mensaje vía API local: HTTP 500 No LID for user
❌ Error enviando a 47502556409941: HTTP 500 No LID for user
📡 Enviando mensaje vía API local del bot...
❌ Error al enviar mensaje vía API local: HTTP 500 No LID for user
❌ Error enviando a 222337622368377: HTTP 500 No LID for user
⚠️ 230433753137354: sin contenido relevante → no se envía mensaje.
⚠️ 73719540125865: sin contenido relevante → no se envía mensaje.
⚠️ 178112428036213: sin contenido relevante → no se envía mensaje.
⚠️ 38105016983693: sin contenido relevante → no se envía mensaje.
⚠️ 211127774503091: sin contenido relevante → no se envía mensaje.
📡 Enviando mensaje vía API local del bot...
❌ Error al enviar mensaje vía API local: HTTP 500 No LID for user
❌ Error enviando a 64879927029999: HTTP 500 No LID for user
📡 Enviando mensaje vía API local del bot...
❌ Error al enviar mensaje vía API local: HTTP 500 No LID for user
❌ Error enviando a 65867752673412: HTTP 500 No LID for user
📡 Enviando mensaje vía API local del bot...
✅ Mensaje enviado a 50255629247 vía bot activo
🟢 Finalizado y DB cerrada.
[dotenv@17.2.3] injecting env (10) from ../.env -- tip: 👥 sync secrets across teammates & machines: https://dotenvx.com/ops
[dotenv@17.2.3] injecting env (0) from .env -- tip: 🗂️ backup and recover secrets: https://dotenvx.com/ops
[dotenv@17.2.3] injecting env (0) from .env -- tip: 🔐 encrypt with Dotenvx: https://dotenvx.com
🗓️ Iniciando envío semanal consolidado...

🗂️ Temas esta semana: [ 'concejos municipales', 'movilidad', 'ambiente' ]
📡 Enviando mensaje vía API local del bot...
✅ Mensaje enviado a 50255629247 vía bot activo
✅ Enviado a 50255629247
📡 Enviando mensaje vía API local del bot...
✅ Mensaje enviado a 50254747827 vía bot activo
✅ Enviado a 50254747827
📡 Enviando mensaje vía API local del bot...
✅ Mensaje enviado a 50254827902 vía bot activo
✅ Enviado a 50254827902
📡 Enviando mensaje vía API local del bot...
✅ Mensaje enviado a 50257049220 vía bot activo
✅ Enviado a 50257049220
📡 Enviando mensaje vía API local del bot...
✅ Mensaje enviado a 50230080060 vía bot activo
✅ Enviado a 50230080060
📡 Enviando mensaje vía API local del bot...
✅ Mensaje enviado a 50247858363 vía bot activo
✅ Enviado a 50247858363
📡 Enviando mensaje vía API local del bot...
✅ Mensaje enviado a 50232050537 vía bot activo
✅ Enviado a 50232050537
📡 Enviando mensaje vía API local del bot...
✅ Mensaje enviado a 50253460168 vía bot activo
✅ Enviado a 50253460168
⚠️ 50230465423: sin contenido → no se envía.
📡 Enviando mensaje vía API local del bot...
✅ Mensaje enviado a 50253065146 vía bot activo
✅ Enviado a 50253065146
📡 Enviando mensaje vía API local del bot...
✅ Mensaje enviado a 50255284110 vía bot activo
✅ Enviado a 50255284110
📡 Enviando mensaje vía API local del bot...
✅ Mensaje enviado a 50254210055 vía bot activo
✅ Enviado a 50254210055
📡 Enviando mensaje vía API local del bot...
✅ Mensaje enviado a 50255294247 vía bot activo
✅ Enviado a 50255294247
📡 Enviando mensaje vía API local del bot...
✅ Mensaje enviado a 50237330000 vía bot activo
✅ Enviado a 50237330000
📡 Enviando mensaje vía API local del bot...
✅ Mensaje enviado a 50245491953 vía bot activo
✅ Enviado a 50245491953
📡 Enviando mensaje vía API local del bot...
✅ Mensaje enviado a 50257186094 vía bot activo
✅ Enviado a 50257186094
📡 Enviando mensaje vía API local del bot...
✅ Mensaje enviado a 50257171707 vía bot activo
✅ Enviado a 50257171707
📡 Enviando mensaje vía API local del bot...
✅ Mensaje enviado a 50233610326 vía bot activo
✅ Enviado a 50233610326
📡 Enviando mensaje vía API local del bot...
✅ Mensaje enviado a 50259906516 vía bot activo
✅ Enviado a 50259906516
📡 Enviando mensaje vía API local del bot...
✅ Mensaje enviado a 50250190948 vía bot activo
✅ Enviado a 50250190948
📡 Enviando mensaje vía API local del bot...
✅ Mensaje enviado a 50254263749 vía bot activo
✅ Enviado a 50254263749
📡 Enviando mensaje vía API local del bot...
✅ Mensaje enviado a 50249728550 vía bot activo
✅ Enviado a 50249728550
📡 Enviando mensaje vía API local del bot...
✅ Mensaje enviado a 50235245779 vía bot activo
✅ Enviado a 50235245779
📡 Enviando mensaje vía API local del bot...
✅ Mensaje enviado a 50246532572 vía bot activo
✅ Enviado a 50246532572
📡 Enviando mensaje vía API local del bot...
✅ Mensaje enviado a 50249313997 vía bot activo
✅ Enviado a 50249313997
📡 Enviando mensaje vía API local del bot...
✅ Mensaje enviado a 50247685876 vía bot activo
✅ Enviado a 50247685876
📡 Enviando mensaje vía API local del bot...
✅ Mensaje enviado a 50246032841 vía bot activo
✅ Enviado a 50246032841
📡 Enviando mensaje vía API local del bot...
✅ Mensaje enviado a 50255585677 vía bot activo
✅ Enviado a 50255585677
📡 Enviando mensaje vía API local del bot...
✅ Mensaje enviado a 50253556299 vía bot activo
✅ Enviado a 50253556299
📡 Enviando mensaje vía API local del bot...
✅ Mensaje enviado a 50254608098 vía bot activo
✅ Enviado a 50254608098
📡 Enviando mensaje vía API local del bot...
✅ Mensaje enviado a 50236405651 vía bot activo
✅ Enviado a 50236405651
📡 Enviando mensaje vía API local del bot...
✅ Mensaje enviado a 50258261871 vía bot activo
✅ Enviado a 50258261871
📡 Enviando mensaje vía API local del bot...
✅ Mensaje enviado a 50237829024 vía bot activo
✅ Enviado a 50237829024
📡 Enviando mensaje vía API local del bot...
❌ Error al enviar mensaje vía API local: HTTP 500 No LID for user
❌ Error enviando a 263187073118256: HTTP 500 No LID for user
📡 Enviando mensaje vía API local del bot...
❌ Error al enviar mensaje vía API local: HTTP 500 No LID for user
❌ Error enviando a 47502556409941: HTTP 500 No LID for user
📡 Enviando mensaje vía API local del bot...
❌ Error al enviar mensaje vía API local: HTTP 500 No LID for user
❌ Error enviando a 222337622368377: HTTP 500 No LID for user
📡 Enviando mensaje vía API local del bot...
❌ Error al enviar mensaje vía API local: HTTP 500 No LID for user
❌ Error enviando a 230433753137354: HTTP 500 No LID for user
📡 Enviando mensaje vía API local del bot...
❌ Error al enviar mensaje vía API local: HTTP 500 No LID for user
❌ Error enviando a 73719540125865: HTTP 500 No LID for user
📡 Enviando mensaje vía API local del bot...
❌ Error al enviar mensaje vía API local: HTTP 500 No LID for user
❌ Error enviando a 178112428036213: HTTP 500 No LID for user
📡 Enviando mensaje vía API local del bot...
❌ Error al enviar mensaje vía API local: HTTP 500 No LID for user
❌ Error enviando a 38105016983693: HTTP 500 No LID for user
📡 Enviando mensaje vía API local del bot...
❌ Error al enviar mensaje vía API local: HTTP 500 No LID for user
❌ Error enviando a 211127774503091: HTTP 500 No LID for user
📡 Enviando mensaje vía API local del bot...
❌ Error al enviar mensaje vía API local: HTTP 500 No LID for user
❌ Error enviando a 64879927029999: HTTP 500 No LID for user
📡 Enviando mensaje vía API local del bot...
❌ Error al enviar mensaje vía API local: HTTP 500 No LID for user
❌ Error enviando a 65867752673412: HTTP 500 No LID for user
⚠️ 258252558340128: sin contenido → no se envía.
📡 Enviando mensaje vía API local del bot...
❌ Error al enviar mensaje vía API local: HTTP 500 No LID for user
❌ Error enviando a 230584043438090: HTTP 500 No LID for user
📡 Enviando mensaje vía API local del bot...
❌ Error al enviar mensaje vía API local: HTTP 500 No LID for user
❌ Error enviando a 23802859765996: HTTP 500 No LID for user
📡 Enviando mensaje vía API local del bot...
❌ Error al enviar mensaje vía API local: HTTP 500 No LID for user
❌ Error enviando a 212489597923544: HTTP 500 No LID for user
📡 Enviando mensaje vía API local del bot...
✅ Mensaje enviado a 50255629247 vía bot activo

🟢 Finalizado.
[dotenv@17.2.3] injecting env (10) from ../.env -- tip: 👥 sync secrets across teammates & machines: https://dotenvx.com/ops
[dotenv@17.2.3] injecting env (0) from .env -- tip: ⚙️  override existing env vars with { override: true }
[dotenv@17.2.3] injecting env (0) from ../.env -- tip: 📡 add observability to secrets: https://dotenvx.com/ops
[dotenv@17.2.3] injecting env (0) from .env -- tip: ⚙️  load multiple .env files with { path: ['.env.local', '.env'] }
🕓 Iniciando envío automático de noticias diarias...

🗂️ Departamentos con notas hoy: [ 'Noticias', 'Portada', 'San Marcos' ]
⚠️ No hay #OjoAlDato para hoy (9/2/2026)
⚠️ OjoAlDato no disponible hoy
👥 Suscriptores activos: 62
⚠️ 50432745042: sin contenido relevante → no se envía mensaje.
⚠️ 50255629247: sin contenido relevante → no se envía mensaje.
⚠️ 50254747827: sin contenido relevante → no se envía mensaje.
⚠️ 50254827902: sin contenido relevante → no se envía mensaje.
📡 Enviando mensaje vía API local del bot...
✅ Mensaje enviado a 50257049220 vía bot activo
✅ Enviado a 50257049220
⚠️ 50230080060: sin contenido relevante → no se envía mensaje.
⚠️ 50247858363: sin contenido relevante → no se envía mensaje.
📡 Enviando mensaje vía API local del bot...
✅ Mensaje enviado a 50232050537 vía bot activo
✅ Enviado a 50232050537
⚠️ 50253460168: sin contenido relevante → no se envía mensaje.
⚠️ 50230465423: sin contenido relevante → no se envía mensaje.
⚠️ 50253065146: sin contenido relevante → no se envía mensaje.
⚠️ 50255284110: sin contenido relevante → no se envía mensaje.
⚠️ 50254210055: sin contenido relevante → no se envía mensaje.
⚠️ 50255294247: sin contenido relevante → no se envía mensaje.
⚠️ 50237330000: sin contenido relevante → no se envía mensaje.
⚠️ 50245491953: sin contenido relevante → no se envía mensaje.
⚠️ 50257186094: sin contenido relevante → no se envía mensaje.
⚠️ 50257171707: sin contenido relevante → no se envía mensaje.
⚠️ 50233610326: sin contenido relevante → no se envía mensaje.
⚠️ 50259906516: sin contenido relevante → no se envía mensaje.
⚠️ 50250190948: sin contenido relevante → no se envía mensaje.
⚠️ 50254263749: sin contenido relevante → no se envía mensaje.
⚠️ 50249728550: sin contenido relevante → no se envía mensaje.
⚠️ 50235245779: sin contenido relevante → no se envía mensaje.
⚠️ 50246532572: sin contenido relevante → no se envía mensaje.
⚠️ 50249313997: sin contenido relevante → no se envía mensaje.
📡 Enviando mensaje vía API local del bot...
✅ Mensaje enviado a 50247685876 vía bot activo
✅ Enviado a 50247685876
⚠️ 50246032841: sin contenido relevante → no se envía mensaje.
⚠️ 50255585677: sin contenido relevante → no se envía mensaje.
⚠️ 50253556299: sin contenido relevante → no se envía mensaje.
⚠️ 50254608098: sin contenido relevante → no se envía mensaje.
⚠️ 50236405651: sin contenido relevante → no se envía mensaje.
⚠️ 50258261871: sin contenido relevante → no se envía mensaje.
⚠️ 50237829024: sin contenido relevante → no se envía mensaje.
⚠️ 263187073118256: sin contenido relevante → no se envía mensaje.
⚠️ 47502556409941: sin contenido relevante → no se envía mensaje.
⚠️ 222337622368377: sin contenido relevante → no se envía mensaje.
⚠️ 230433753137354: sin contenido relevante → no se envía mensaje.
⚠️ 73719540125865: sin contenido relevante → no se envía mensaje.
⚠️ 178112428036213: sin contenido relevante → no se envía mensaje.
⚠️ 38105016983693: sin contenido relevante → no se envía mensaje.
⚠️ 211127774503091: sin contenido relevante → no se envía mensaje.
⚠️ 64879927029999: sin contenido relevante → no se envía mensaje.
⚠️ 65867752673412: sin contenido relevante → no se envía mensaje.
⚠️ 258252558340128: sin contenido relevante → no se envía mensaje.
⚠️ 230584043438090: sin contenido relevante → no se envía mensaje.
⚠️ 23802859765996: sin contenido relevante → no se envía mensaje.
⚠️ 212489597923544: sin contenido relevante → no se envía mensaje.
⚠️ 279503888752853: sin contenido relevante → no se envía mensaje.
📡 Enviando mensaje vía API local del bot...
❌ Error al enviar mensaje vía API local: HTTP 500 No LID for user
❌ Error enviando a 71429718552739: HTTP 500 No LID for user
⚠️ 178206850162903: sin contenido relevante → no se envía mensaje.
⚠️ 102082933690469: sin contenido relevante → no se envía mensaje.
⚠️ 91959679012975: sin contenido relevante → no se envía mensaje.
⚠️ 73164902138100: sin contenido relevante → no se envía mensaje.
⚠️ 166395706904825: sin contenido relevante → no se envía mensaje.
⚠️ 179967920988394: sin contenido relevante → no se envía mensaje.
⚠️ 104488048275489: sin contenido relevante → no se envía mensaje.
⚠️ 234239043829952: sin contenido relevante → no se envía mensaje.
⚠️ 225747809603683: sin contenido relevante → no se envía mensaje.
📡 Enviando mensaje vía API local del bot...
❌ Error al enviar mensaje vía API local: HTTP 500 No LID for user
❌ Error enviando a 7284700795040: HTTP 500 No LID for user
⚠️ 178722850242812: sin contenido relevante → no se envía mensaje.
📡 Enviando mensaje vía API local del bot...
❌ Error al enviar mensaje vía API local: HTTP 500 No LID for user
❌ Error enviando a 210341845819393: HTTP 500 No LID for user
📡 Enviando mensaje vía API local del bot...
✅ Mensaje enviado a 50255629247 vía bot activo
🟢 Finalizado y DB cerrada.
[dotenv@17.2.3] injecting env (10) from ../.env -- tip: ✅ audit secrets and track compliance: https://dotenvx.com/ops
[dotenv@17.2.3] injecting env (0) from .env -- tip: 🔑 add access controls to secrets: https://dotenvx.com/ops
[dotenv@17.2.3] injecting env (0) from ../.env -- tip: ⚙️  specify custom .env file path with { path: '/custom/path/.env' }
[dotenv@17.2.3] injecting env (0) from .env -- tip: ✅ audit secrets and track compliance: https://dotenvx.com/ops
🕓 Iniciando envío automático de noticias diarias...

🗂️ Departamentos con notas hoy: [
  'Congreso',
  'Portada',
  'Concejos municipales',
  'Guatemala',
  'Noticias'
]
⚠️ No hay #OjoAlDato para hoy (10/2/2026)
⚠️ OjoAlDato no disponible hoy
👥 Suscriptores activos: 64
⚠️ 50432745042: sin contenido relevante → no se envía mensaje.
📡 Enviando mensaje vía API local del bot...
✅ Mensaje enviado a 50255629247 vía bot activo
✅ Enviado a 50255629247
⚠️ 50254747827: sin contenido relevante → no se envía mensaje.
⚠️ 50254827902: sin contenido relevante → no se envía mensaje.
📡 Enviando mensaje vía API local del bot...
✅ Mensaje enviado a 50257049220 vía bot activo
✅ Enviado a 50257049220
⚠️ 50230080060: sin contenido relevante → no se envía mensaje.
⚠️ 50247858363: sin contenido relevante → no se envía mensaje.
⚠️ 50232050537: sin contenido relevante → no se envía mensaje.
📡 Enviando mensaje vía API local del bot...
✅ Mensaje enviado a 50253460168 vía bot activo
✅ Enviado a 50253460168
⚠️ 50230465423: sin contenido relevante → no se envía mensaje.
⚠️ 50253065146: sin contenido relevante → no se envía mensaje.
📡 Enviando mensaje vía API local del bot...
✅ Mensaje enviado a 50255284110 vía bot activo
✅ Enviado a 50255284110
⚠️ 50254210055: sin contenido relevante → no se envía mensaje.
⚠️ 50255294247: sin contenido relevante → no se envía mensaje.
📡 Enviando mensaje vía API local del bot...
✅ Mensaje enviado a 50237330000 vía bot activo
✅ Enviado a 50237330000
📡 Enviando mensaje vía API local del bot...
✅ Mensaje enviado a 50245491953 vía bot activo
✅ Enviado a 50245491953
📡 Enviando mensaje vía API local del bot...
✅ Mensaje enviado a 50257186094 vía bot activo
✅ Enviado a 50257186094
⚠️ 50257171707: sin contenido relevante → no se envía mensaje.
📡 Enviando mensaje vía API local del bot...
✅ Mensaje enviado a 50233610326 vía bot activo
✅ Enviado a 50233610326
📡 Enviando mensaje vía API local del bot...
✅ Mensaje enviado a 50259906516 vía bot activo
✅ Enviado a 50259906516
⚠️ 50250190948: sin contenido relevante → no se envía mensaje.
📡 Enviando mensaje vía API local del bot...
✅ Mensaje enviado a 50254263749 vía bot activo
✅ Enviado a 50254263749
📡 Enviando mensaje vía API local del bot...
✅ Mensaje enviado a 50249728550 vía bot activo
✅ Enviado a 50249728550
📡 Enviando mensaje vía API local del bot...
✅ Mensaje enviado a 50235245779 vía bot activo
✅ Enviado a 50235245779
📡 Enviando mensaje vía API local del bot...
✅ Mensaje enviado a 50246532572 vía bot activo
✅ Enviado a 50246532572
⚠️ 50249313997: sin contenido relevante → no se envía mensaje.
📡 Enviando mensaje vía API local del bot...
✅ Mensaje enviado a 50247685876 vía bot activo
✅ Enviado a 50247685876
⚠️ 50246032841: sin contenido relevante → no se envía mensaje.
📡 Enviando mensaje vía API local del bot...
✅ Mensaje enviado a 50255585677 vía bot activo
✅ Enviado a 50255585677
⚠️ 50253556299: sin contenido relevante → no se envía mensaje.
📡 Enviando mensaje vía API local del bot...
✅ Mensaje enviado a 50254608098 vía bot activo
✅ Enviado a 50254608098
📡 Enviando mensaje vía API local del bot...
✅ Mensaje enviado a 50236405651 vía bot activo
✅ Enviado a 50236405651
⚠️ 50258261871: sin contenido relevante → no se envía mensaje.
⚠️ 50237829024: sin contenido relevante → no se envía mensaje.
⚠️ 263187073118256: sin contenido relevante → no se envía mensaje.
⚠️ 47502556409941: sin contenido relevante → no se envía mensaje.
⚠️ 222337622368377: sin contenido relevante → no se envía mensaje.
⚠️ 230433753137354: sin contenido relevante → no se envía mensaje.
⚠️ 73719540125865: sin contenido relevante → no se envía mensaje.
⚠️ 178112428036213: sin contenido relevante → no se envía mensaje.
⚠️ 38105016983693: sin contenido relevante → no se envía mensaje.
⚠️ 211127774503091: sin contenido relevante → no se envía mensaje.
📡 Enviando mensaje vía API local del bot...
❌ Error al enviar mensaje vía API local: HTTP 500 No LID for user
❌ Error enviando a 64879927029999: HTTP 500 No LID for user
📡 Enviando mensaje vía API local del bot...
❌ Error al enviar mensaje vía API local: HTTP 500 No LID for user
❌ Error enviando a 65867752673412: HTTP 500 No LID for user
⚠️ 258252558340128: sin contenido relevante → no se envía mensaje.
📡 Enviando mensaje vía API local del bot...
❌ Error al enviar mensaje vía API local: HTTP 500 No LID for user
❌ Error enviando a 230584043438090: HTTP 500 No LID for user
⚠️ 23802859765996: sin contenido relevante → no se envía mensaje.
📡 Enviando mensaje vía API local del bot...
❌ Error al enviar mensaje vía API local: HTTP 500 No LID for user
❌ Error enviando a 212489597923544: HTTP 500 No LID for user
⚠️ 279503888752853: sin contenido relevante → no se envía mensaje.
📡 Enviando mensaje vía API local del bot...
❌ Error al enviar mensaje vía API local: HTTP 500 No LID for user
❌ Error enviando a 71429718552739: HTTP 500 No LID for user
⚠️ 178206850162903: sin contenido relevante → no se envía mensaje.
📡 Enviando mensaje vía API local del bot...
❌ Error al enviar mensaje vía API local: HTTP 500 wid error: invalid wid
❌ Error enviando a 102082933690469: HTTP 500 wid error: invalid wid
📡 Enviando mensaje vía API local del bot...
❌ Error al enviar mensaje vía API local: HTTP 500 No LID for user
❌ Error enviando a 91959679012975: HTTP 500 No LID for user
⚠️ 73164902138100: sin contenido relevante → no se envía mensaje.
📡 Enviando mensaje vía API local del bot...
❌ Error al enviar mensaje vía API local: HTTP 500 No LID for user
❌ Error enviando a 166395706904825: HTTP 500 No LID for user
📡 Enviando mensaje vía API local del bot...
❌ Error al enviar mensaje vía API local: HTTP 500 No LID for user
❌ Error enviando a 179967920988394: HTTP 500 No LID for user
⚠️ 104488048275489: sin contenido relevante → no se envía mensaje.
⚠️ 234239043829952: sin contenido relevante → no se envía mensaje.
📡 Enviando mensaje vía API local del bot...
❌ Error al enviar mensaje vía API local: HTTP 500 No LID for user
❌ Error enviando a 225747809603683: HTTP 500 No LID for user
📡 Enviando mensaje vía API local del bot...
❌ Error al enviar mensaje vía API local: HTTP 500 No LID for user
❌ Error enviando a 7284700795040: HTTP 500 No LID for user
📡 Enviando mensaje vía API local del bot...
❌ Error al enviar mensaje vía API local: HTTP 500 No LID for user
❌ Error enviando a 178722850242812: HTTP 500 No LID for user
⚠️ 210341845819393: sin contenido relevante → no se envía mensaje.
⚠️ 272700509548611: sin contenido relevante → no se envía mensaje.
⚠️ 172851445391499: sin contenido relevante → no se envía mensaje.
📡 Enviando mensaje vía API local del bot...
✅ Mensaje enviado a 50255629247 vía bot activo
🟢 Finalizado y DB cerrada.
[dotenv@17.2.3] injecting env (10) from ../.env -- tip: 🔄 add secrets lifecycle management: https://dotenvx.com/ops
[dotenv@17.2.3] injecting env (0) from .env -- tip: 🗂️ backup and recover secrets: https://dotenvx.com/ops
[dotenv@17.2.3] injecting env (0) from ../.env -- tip: ⚙️  write to custom object with { processEnv: myObject }
[dotenv@17.2.3] injecting env (0) from .env -- tip: ⚙️  load multiple .env files with { path: ['.env.local', '.env'] }
🕓 Iniciando envío automático de noticias diarias...

🗂️ Departamentos con notas hoy: [ 'Guatemala', 'Noticias', 'Portada' ]
📊 OjoAlDato cargado: {
  fecha: '11/2/2026',
  departamento: 'Retalhuleu',
  texto: 'La municipalidad de San Felipe Retalhuleu compró 2,578 mochilas para niños y niñas de escasos recursos de la localidad y 1,585 mochilas grandes, todo por Q325,688. El proveedor es Distribuidora La Surtidora que en enero también vendió productos alimenticios por Q1.4 millones.'
}
👥 Suscriptores activos: 66
⚠️ 50432745042: sin contenido relevante → no se envía mensaje.
📡 Enviando mensaje vía API local del bot...
✅ Mensaje enviado a 50255629247 vía bot activo
✅ Enviado a 50255629247
📡 Enviando mensaje vía API local del bot...
✅ Mensaje enviado a 50254747827 vía bot activo
✅ Enviado a 50254747827
⚠️ 50254827902: sin contenido relevante → no se envía mensaje.
📡 Enviando mensaje vía API local del bot...
✅ Mensaje enviado a 50257049220 vía bot activo
✅ Enviado a 50257049220
⚠️ 50230080060: sin contenido relevante → no se envía mensaje.
⚠️ 50247858363: sin contenido relevante → no se envía mensaje.
⚠️ 50232050537: sin contenido relevante → no se envía mensaje.
📡 Enviando mensaje vía API local del bot...
✅ Mensaje enviado a 50253460168 vía bot activo
✅ Enviado a 50253460168
⚠️ 50230465423: sin contenido relevante → no se envía mensaje.
⚠️ 50253065146: sin contenido relevante → no se envía mensaje.
📡 Enviando mensaje vía API local del bot...
✅ Mensaje enviado a 50255284110 vía bot activo
✅ Enviado a 50255284110
⚠️ 50254210055: sin contenido relevante → no se envía mensaje.
⚠️ 50255294247: sin contenido relevante → no se envía mensaje.
📡 Enviando mensaje vía API local del bot...
✅ Mensaje enviado a 50237330000 vía bot activo
✅ Enviado a 50237330000
📡 Enviando mensaje vía API local del bot...
✅ Mensaje enviado a 50245491953 vía bot activo
✅ Enviado a 50245491953
📡 Enviando mensaje vía API local del bot...
✅ Mensaje enviado a 50257186094 vía bot activo
✅ Enviado a 50257186094
⚠️ 50257171707: sin contenido relevante → no se envía mensaje.
📡 Enviando mensaje vía API local del bot...
✅ Mensaje enviado a 50233610326 vía bot activo
✅ Enviado a 50233610326
📡 Enviando mensaje vía API local del bot...
✅ Mensaje enviado a 50259906516 vía bot activo
✅ Enviado a 50259906516
⚠️ 50250190948: sin contenido relevante → no se envía mensaje.
📡 Enviando mensaje vía API local del bot...
✅ Mensaje enviado a 50254263749 vía bot activo
✅ Enviado a 50254263749
📡 Enviando mensaje vía API local del bot...
✅ Mensaje enviado a 50249728550 vía bot activo
✅ Enviado a 50249728550
📡 Enviando mensaje vía API local del bot...
✅ Mensaje enviado a 50235245779 vía bot activo
✅ Enviado a 50235245779
📡 Enviando mensaje vía API local del bot...
✅ Mensaje enviado a 50246532572 vía bot activo
✅ Enviado a 50246532572
⚠️ 50249313997: sin contenido relevante → no se envía mensaje.
📡 Enviando mensaje vía API local del bot...
✅ Mensaje enviado a 50247685876 vía bot activo
✅ Enviado a 50247685876
⚠️ 50246032841: sin contenido relevante → no se envía mensaje.
📡 Enviando mensaje vía API local del bot...
✅ Mensaje enviado a 50255585677 vía bot activo
✅ Enviado a 50255585677
⚠️ 50253556299: sin contenido relevante → no se envía mensaje.
📡 Enviando mensaje vía API local del bot...
✅ Mensaje enviado a 50254608098 vía bot activo
✅ Enviado a 50254608098
📡 Enviando mensaje vía API local del bot...
✅ Mensaje enviado a 50236405651 vía bot activo
✅ Enviado a 50236405651
⚠️ 50258261871: sin contenido relevante → no se envía mensaje.
⚠️ 50237829024: sin contenido relevante → no se envía mensaje.
⚠️ 263187073118256: sin contenido relevante → no se envía mensaje.
⚠️ 47502556409941: sin contenido relevante → no se envía mensaje.
⚠️ 222337622368377: sin contenido relevante → no se envía mensaje.
⚠️ 230433753137354: sin contenido relevante → no se envía mensaje.
⚠️ 73719540125865: sin contenido relevante → no se envía mensaje.
⚠️ 178112428036213: sin contenido relevante → no se envía mensaje.
⚠️ 38105016983693: sin contenido relevante → no se envía mensaje.
⚠️ 211127774503091: sin contenido relevante → no se envía mensaje.
📡 Enviando mensaje vía API local del bot...
❌ Error al enviar mensaje vía API local: HTTP 500 No LID for user
❌ Error enviando a 64879927029999: HTTP 500 No LID for user
📡 Enviando mensaje vía API local del bot...
❌ Error al enviar mensaje vía API local: HTTP 500 No LID for user
❌ Error enviando a 65867752673412: HTTP 500 No LID for user
⚠️ 258252558340128: sin contenido relevante → no se envía mensaje.
📡 Enviando mensaje vía API local del bot...
❌ Error al enviar mensaje vía API local: HTTP 500 No LID for user
❌ Error enviando a 230584043438090: HTTP 500 No LID for user
⚠️ 23802859765996: sin contenido relevante → no se envía mensaje.
📡 Enviando mensaje vía API local del bot...
❌ Error al enviar mensaje vía API local: HTTP 500 No LID for user
❌ Error enviando a 212489597923544: HTTP 500 No LID for user
⚠️ 279503888752853: sin contenido relevante → no se envía mensaje.
📡 Enviando mensaje vía API local del bot...
❌ Error al enviar mensaje vía API local: HTTP 500 No LID for user
❌ Error enviando a 71429718552739: HTTP 500 No LID for user
⚠️ 178206850162903: sin contenido relevante → no se envía mensaje.
📡 Enviando mensaje vía API local del bot...
❌ Error al enviar mensaje vía API local: HTTP 500 wid error: invalid wid
❌ Error enviando a 102082933690469: HTTP 500 wid error: invalid wid
📡 Enviando mensaje vía API local del bot...
❌ Error al enviar mensaje vía API local: HTTP 500 No LID for user
❌ Error enviando a 91959679012975: HTTP 500 No LID for user
⚠️ 73164902138100: sin contenido relevante → no se envía mensaje.
📡 Enviando mensaje vía API local del bot...
❌ Error al enviar mensaje vía API local: HTTP 500 No LID for user
❌ Error enviando a 166395706904825: HTTP 500 No LID for user
📡 Enviando mensaje vía API local del bot...
❌ Error al enviar mensaje vía API local: HTTP 500 No LID for user
❌ Error enviando a 179967920988394: HTTP 500 No LID for user
⚠️ 104488048275489: sin contenido relevante → no se envía mensaje.
⚠️ 234239043829952: sin contenido relevante → no se envía mensaje.
📡 Enviando mensaje vía API local del bot...
❌ Error al enviar mensaje vía API local: HTTP 500 No LID for user
❌ Error enviando a 225747809603683: HTTP 500 No LID for user
📡 Enviando mensaje vía API local del bot...
❌ Error al enviar mensaje vía API local: HTTP 500 No LID for user
❌ Error enviando a 7284700795040: HTTP 500 No LID for user
📡 Enviando mensaje vía API local del bot...
❌ Error al enviar mensaje vía API local: HTTP 500 No LID for user
❌ Error enviando a 178722850242812: HTTP 500 No LID for user
📡 Enviando mensaje vía API local del bot...
❌ Error al enviar mensaje vía API local: HTTP 500 No LID for user
❌ Error enviando a 210341845819393: HTTP 500 No LID for user
⚠️ 272700509548611: sin contenido relevante → no se envía mensaje.
⚠️ 172851445391499: sin contenido relevante → no se envía mensaje.
📡 Enviando mensaje vía API local del bot...
❌ Error al enviar mensaje vía API local: HTTP 500 No LID for user
❌ Error enviando a 194330258067688: HTTP 500 No LID for user
📡 Enviando mensaje vía API local del bot...
❌ Error al enviar mensaje vía API local: HTTP 500 No LID for user
❌ Error enviando a 115504723275900: HTTP 500 No LID for user
📡 Enviando mensaje vía API local del bot...
✅ Mensaje enviado a 50255629247 vía bot activo
🟢 Finalizado y DB cerrada.
[dotenv@17.2.3] injecting env (10) from ../.env -- tip: 👥 sync secrets across teammates & machines: https://dotenvx.com/ops
[dotenv@17.2.3] injecting env (0) from .env -- tip: 🗂️ backup and recover secrets: https://dotenvx.com/ops
[dotenv@17.2.3] injecting env (0) from ../.env -- tip: ⚙️  load multiple .env files with { path: ['.env.local', '.env'] }
[dotenv@17.2.3] injecting env (0) from .env -- tip: ⚙️  enable debug logging with { debug: true }
🕓 Iniciando envío automático de noticias diarias...

🗂️ Departamentos con notas hoy: [ 'Concejos municipales', 'Noticias', 'Portada', 'Sololá', 'Congreso' ]
⚠️ No hay #OjoAlDato para hoy (12/2/2026)
⚠️ OjoAlDato no disponible hoy
👥 Suscriptores activos: 72
⚠️ 50432745042: sin contenido relevante → no se envía mensaje.
⚠️ 50255629247: sin contenido relevante → no se envía mensaje.
⚠️ 50254747827: sin contenido relevante → no se envía mensaje.
⚠️ 50254827902: sin contenido relevante → no se envía mensaje.
📡 Enviando mensaje vía API local del bot...
✅ Mensaje enviado a 50257049220 vía bot activo
✅ Enviado a 50257049220
⚠️ 50230080060: sin contenido relevante → no se envía mensaje.
⚠️ 50247858363: sin contenido relevante → no se envía mensaje.
⚠️ 50232050537: sin contenido relevante → no se envía mensaje.
📡 Enviando mensaje vía API local del bot...
✅ Mensaje enviado a 50253460168 vía bot activo
✅ Enviado a 50253460168
⚠️ 50230465423: sin contenido relevante → no se envía mensaje.
⚠️ 50253065146: sin contenido relevante → no se envía mensaje.
📡 Enviando mensaje vía API local del bot...
✅ Mensaje enviado a 50255284110 vía bot activo
✅ Enviado a 50255284110
⚠️ 50254210055: sin contenido relevante → no se envía mensaje.
⚠️ 50255294247: sin contenido relevante → no se envía mensaje.
⚠️ 50237330000: sin contenido relevante → no se envía mensaje.
⚠️ 50245491953: sin contenido relevante → no se envía mensaje.
⚠️ 50257186094: sin contenido relevante → no se envía mensaje.
⚠️ 50257171707: sin contenido relevante → no se envía mensaje.
⚠️ 50233610326: sin contenido relevante → no se envía mensaje.
⚠️ 50259906516: sin contenido relevante → no se envía mensaje.
📡 Enviando mensaje vía API local del bot...
✅ Mensaje enviado a 50250190948 vía bot activo
✅ Enviado a 50250190948
⚠️ 50254263749: sin contenido relevante → no se envía mensaje.
⚠️ 50249728550: sin contenido relevante → no se envía mensaje.
⚠️ 50235245779: sin contenido relevante → no se envía mensaje.
⚠️ 50246532572: sin contenido relevante → no se envía mensaje.
⚠️ 50249313997: sin contenido relevante → no se envía mensaje.
📡 Enviando mensaje vía API local del bot...
✅ Mensaje enviado a 50247685876 vía bot activo
✅ Enviado a 50247685876
⚠️ 50246032841: sin contenido relevante → no se envía mensaje.
⚠️ 50255585677: sin contenido relevante → no se envía mensaje.
⚠️ 50253556299: sin contenido relevante → no se envía mensaje.
⚠️ 50254608098: sin contenido relevante → no se envía mensaje.
⚠️ 50236405651: sin contenido relevante → no se envía mensaje.
⚠️ 50258261871: sin contenido relevante → no se envía mensaje.
⚠️ 50237829024: sin contenido relevante → no se envía mensaje.
⚠️ 263187073118256: sin contenido relevante → no se envía mensaje.
⚠️ 47502556409941: sin contenido relevante → no se envía mensaje.
📡 Enviando mensaje vía API local del bot...
❌ Error al enviar mensaje vía API local: HTTP 500 No LID for user
❌ Error enviando a 222337622368377: HTTP 500 No LID for user
⚠️ 230433753137354: sin contenido relevante → no se envía mensaje.
⚠️ 73719540125865: sin contenido relevante → no se envía mensaje.
⚠️ 178112428036213: sin contenido relevante → no se envía mensaje.
⚠️ 38105016983693: sin contenido relevante → no se envía mensaje.
⚠️ 211127774503091: sin contenido relevante → no se envía mensaje.
⚠️ 64879927029999: sin contenido relevante → no se envía mensaje.
⚠️ 65867752673412: sin contenido relevante → no se envía mensaje.
⚠️ 258252558340128: sin contenido relevante → no se envía mensaje.
⚠️ 230584043438090: sin contenido relevante → no se envía mensaje.
⚠️ 23802859765996: sin contenido relevante → no se envía mensaje.
⚠️ 212489597923544: sin contenido relevante → no se envía mensaje.
⚠️ 279503888752853: sin contenido relevante → no se envía mensaje.
⚠️ 71429718552739: sin contenido relevante → no se envía mensaje.
⚠️ 178206850162903: sin contenido relevante → no se envía mensaje.
⚠️ 102082933690469: sin contenido relevante → no se envía mensaje.
📡 Enviando mensaje vía API local del bot...
❌ Error al enviar mensaje vía API local: HTTP 500 No LID for user
❌ Error enviando a 91959679012975: HTTP 500 No LID for user
⚠️ 73164902138100: sin contenido relevante → no se envía mensaje.
⚠️ 166395706904825: sin contenido relevante → no se envía mensaje.
⚠️ 179967920988394: sin contenido relevante → no se envía mensaje.
⚠️ 104488048275489: sin contenido relevante → no se envía mensaje.
⚠️ 234239043829952: sin contenido relevante → no se envía mensaje.
⚠️ 225747809603683: sin contenido relevante → no se envía mensaje.
📡 Enviando mensaje vía API local del bot...
❌ Error al enviar mensaje vía API local: HTTP 500 No LID for user
❌ Error enviando a 7284700795040: HTTP 500 No LID for user
⚠️ 178722850242812: sin contenido relevante → no se envía mensaje.
⚠️ 210341845819393: sin contenido relevante → no se envía mensaje.
⚠️ 272700509548611: sin contenido relevante → no se envía mensaje.
⚠️ 172851445391499: sin contenido relevante → no se envía mensaje.
⚠️ 194330258067688: sin contenido relevante → no se envía mensaje.
⚠️ 115504723275900: sin contenido relevante → no se envía mensaje.
⚠️ 195279412306037: sin contenido relevante → no se envía mensaje.
⚠️ 261924587602112: sin contenido relevante → no se envía mensaje.
⚠️ 83928039833797: sin contenido relevante → no se envía mensaje.
⚠️ 124635823751272: sin contenido relevante → no se envía mensaje.
⚠️ 22261570494694: sin contenido relevante → no se envía mensaje.
⚠️ 5063850385652: sin contenido relevante → no se envía mensaje.
📡 Enviando mensaje vía API local del bot...
✅ Mensaje enviado a 50255629247 vía bot activo
🟢 Finalizado y DB cerrada.
[dotenv@17.2.3] injecting env (10) from ../.env -- tip: 🛠️  run anywhere with `dotenvx run -- yourcommand`
[dotenv@17.2.3] injecting env (0) from .env -- tip: ⚙️  load multiple .env files with { path: ['.env.local', '.env'] }
[dotenv@17.2.3] injecting env (0) from .env -- tip: 🗂️ backup and recover secrets: https://dotenvx.com/ops
🗓️ Iniciando envío semanal consolidado...

🗂️ Temas esta semana: [ 'concejos municipales', 'congreso' ]
📡 Enviando mensaje vía API local del bot...
✅ Mensaje enviado a 50255629247 vía bot activo
✅ Enviado a 50255629247
📡 Enviando mensaje vía API local del bot...
✅ Mensaje enviado a 50254747827 vía bot activo
✅ Enviado a 50254747827
⚠️ 50254827902: sin contenido → no se envía.
📡 Enviando mensaje vía API local del bot...
✅ Mensaje enviado a 50257049220 vía bot activo
✅ Enviado a 50257049220
⚠️ 50230080060: sin contenido → no se envía.
⚠️ 50247858363: sin contenido → no se envía.
📡 Enviando mensaje vía API local del bot...
✅ Mensaje enviado a 50232050537 vía bot activo
✅ Enviado a 50232050537
📡 Enviando mensaje vía API local del bot...
✅ Mensaje enviado a 50253460168 vía bot activo
✅ Enviado a 50253460168
⚠️ 50230465423: sin contenido → no se envía.
📡 Enviando mensaje vía API local del bot...
✅ Mensaje enviado a 50253065146 vía bot activo
✅ Enviado a 50253065146
⚠️ 50255284110: sin contenido → no se envía.
📡 Enviando mensaje vía API local del bot...
✅ Mensaje enviado a 50254210055 vía bot activo
✅ Enviado a 50254210055
📡 Enviando mensaje vía API local del bot...
✅ Mensaje enviado a 50255294247 vía bot activo
✅ Enviado a 50255294247
📡 Enviando mensaje vía API local del bot...
✅ Mensaje enviado a 50237330000 vía bot activo
✅ Enviado a 50237330000
📡 Enviando mensaje vía API local del bot...
✅ Mensaje enviado a 50245491953 vía bot activo
✅ Enviado a 50245491953
📡 Enviando mensaje vía API local del bot...
✅ Mensaje enviado a 50257186094 vía bot activo
✅ Enviado a 50257186094
📡 Enviando mensaje vía API local del bot...
✅ Mensaje enviado a 50257171707 vía bot activo
✅ Enviado a 50257171707
📡 Enviando mensaje vía API local del bot...
✅ Mensaje enviado a 50233610326 vía bot activo
✅ Enviado a 50233610326
📡 Enviando mensaje vía API local del bot...
✅ Mensaje enviado a 50259906516 vía bot activo
✅ Enviado a 50259906516
📡 Enviando mensaje vía API local del bot...
✅ Mensaje enviado a 50250190948 vía bot activo
✅ Enviado a 50250190948
📡 Enviando mensaje vía API local del bot...
✅ Mensaje enviado a 50254263749 vía bot activo
✅ Enviado a 50254263749
📡 Enviando mensaje vía API local del bot...
✅ Mensaje enviado a 50249728550 vía bot activo
✅ Enviado a 50249728550
📡 Enviando mensaje vía API local del bot...
✅ Mensaje enviado a 50235245779 vía bot activo
✅ Enviado a 50235245779
📡 Enviando mensaje vía API local del bot...
✅ Mensaje enviado a 50246532572 vía bot activo
✅ Enviado a 50246532572
📡 Enviando mensaje vía API local del bot...
✅ Mensaje enviado a 50249313997 vía bot activo
✅ Enviado a 50249313997
📡 Enviando mensaje vía API local del bot...
✅ Mensaje enviado a 50247685876 vía bot activo
✅ Enviado a 50247685876
📡 Enviando mensaje vía API local del bot...
✅ Mensaje enviado a 50246032841 vía bot activo
✅ Enviado a 50246032841
📡 Enviando mensaje vía API local del bot...
✅ Mensaje enviado a 50255585677 vía bot activo
✅ Enviado a 50255585677
📡 Enviando mensaje vía API local del bot...
✅ Mensaje enviado a 50253556299 vía bot activo
✅ Enviado a 50253556299
📡 Enviando mensaje vía API local del bot...
✅ Mensaje enviado a 50254608098 vía bot activo
✅ Enviado a 50254608098
📡 Enviando mensaje vía API local del bot...
✅ Mensaje enviado a 50236405651 vía bot activo
✅ Enviado a 50236405651
📡 Enviando mensaje vía API local del bot...
✅ Mensaje enviado a 50258261871 vía bot activo
✅ Enviado a 50258261871
📡 Enviando mensaje vía API local del bot...
✅ Mensaje enviado a 50237829024 vía bot activo
✅ Enviado a 50237829024
📡 Enviando mensaje vía API local del bot...
✅ Mensaje enviado a 50247543437 vía bot activo
✅ Enviado a 50247543437
⚠️ 50240292769: sin contenido → no se envía.
📡 Enviando mensaje vía API local del bot...
✅ Mensaje enviado a 50258955269 vía bot activo
✅ Enviado a 50258955269
📡 Enviando mensaje vía API local del bot...
✅ Mensaje enviado a 50258053297 vía bot activo
✅ Enviado a 50258053297
📡 Enviando mensaje vía API local del bot...
✅ Mensaje enviado a 50255584478 vía bot activo
✅ Enviado a 50255584478
📡 Enviando mensaje vía API local del bot...
✅ Mensaje enviado a 50244819697 vía bot activo
✅ Enviado a 50244819697
📡 Enviando mensaje vía API local del bot...
✅ Mensaje enviado a 50230063598 vía bot activo
✅ Enviado a 50230063598
⚠️ 50253176628: sin contenido → no se envía.
📡 Enviando mensaje vía API local del bot...
✅ Mensaje enviado a 50241262912 vía bot activo
✅ Enviado a 50241262912
📡 Enviando mensaje vía API local del bot...
✅ Mensaje enviado a 50256416965 vía bot activo
✅ Enviado a 50256416965
📡 Enviando mensaje vía API local del bot...
✅ Mensaje enviado a 50247456181 vía bot activo
✅ Enviado a 50247456181
📡 Enviando mensaje vía API local del bot...
✅ Mensaje enviado a 50252715600 vía bot activo
✅ Enviado a 50252715600
📡 Enviando mensaje vía API local del bot...
✅ Mensaje enviado a 50238844123 vía bot activo
✅ Enviado a 50238844123
📡 Enviando mensaje vía API local del bot...
✅ Mensaje enviado a 50252006060 vía bot activo
✅ Enviado a 50252006060
📡 Enviando mensaje vía API local del bot...
✅ Mensaje enviado a 50253127797 vía bot activo
✅ Enviado a 50253127797
📡 Enviando mensaje vía API local del bot...
✅ Mensaje enviado a 50232955516 vía bot activo
✅ Enviado a 50232955516
📡 Enviando mensaje vía API local del bot...
✅ Mensaje enviado a 50240101714 vía bot activo
✅ Enviado a 50240101714
📡 Enviando mensaje vía API local del bot...
✅ Mensaje enviado a 50241494421 vía bot activo
✅ Enviado a 50241494421
📡 Enviando mensaje vía API local del bot...
✅ Mensaje enviado a 50253807338 vía bot activo
✅ Enviado a 50253807338
📡 Enviando mensaje vía API local del bot...
✅ Mensaje enviado a 50250166300 vía bot activo
✅ Enviado a 50250166300
📡 Enviando mensaje vía API local del bot...
✅ Mensaje enviado a 50232883288 vía bot activo
✅ Enviado a 50232883288
📡 Enviando mensaje vía API local del bot...
✅ Mensaje enviado a 50230131825 vía bot activo
✅ Enviado a 50230131825
📡 Enviando mensaje vía API local del bot...
✅ Mensaje enviado a 50255449749 vía bot activo
✅ Enviado a 50255449749
📡 Enviando mensaje vía API local del bot...
✅ Mensaje enviado a 50236680850 vía bot activo
✅ Enviado a 50236680850
📡 Enviando mensaje vía API local del bot...
✅ Mensaje enviado a 50256805029 vía bot activo
✅ Enviado a 50256805029
📡 Enviando mensaje vía API local del bot...
✅ Mensaje enviado a 50259108219 vía bot activo
✅ Enviado a 50259108219
📡 Enviando mensaje vía API local del bot...
✅ Mensaje enviado a 50257582992 vía bot activo
✅ Enviado a 50257582992
📡 Enviando mensaje vía API local del bot...
✅ Mensaje enviado a 50230281047 vía bot activo
✅ Enviado a 50230281047
📡 Enviando mensaje vía API local del bot...
✅ Mensaje enviado a 50233291231 vía bot activo
✅ Enviado a 50233291231
📡 Enviando mensaje vía API local del bot...
✅ Mensaje enviado a 50250542584 vía bot activo
✅ Enviado a 50250542584
📡 Enviando mensaje vía API local del bot...
✅ Mensaje enviado a 50230782862 vía bot activo
✅ Enviado a 50230782862
📡 Enviando mensaje vía API local del bot...
✅ Mensaje enviado a 50236076447 vía bot activo
✅ Enviado a 50236076447
📡 Enviando mensaje vía API local del bot...
✅ Mensaje enviado a 50236764284 vía bot activo
✅ Enviado a 50236764284
📡 Enviando mensaje vía API local del bot...
✅ Mensaje enviado a 50235151853 vía bot activo
✅ Enviado a 50235151853
📡 Enviando mensaje vía API local del bot...
✅ Mensaje enviado a 50230082345 vía bot activo
✅ Enviado a 50230082345
📡 Enviando mensaje vía API local del bot...
✅ Mensaje enviado a 50256371188 vía bot activo
✅ Enviado a 50256371188
📡 Enviando mensaje vía API local del bot...
✅ Mensaje enviado a 50230083113 vía bot activo
✅ Enviado a 50230083113
📡 Enviando mensaje vía API local del bot...
✅ Mensaje enviado a 50255376417 vía bot activo
✅ Enviado a 50255376417
📡 Enviando mensaje vía API local del bot...
✅ Mensaje enviado a 50237655235 vía bot activo
✅ Enviado a 50237655235
📡 Enviando mensaje vía API local del bot...
✅ Mensaje enviado a 50242221508 vía bot activo
✅ Enviado a 50242221508
📡 Enviando mensaje vía API local del bot...
✅ Mensaje enviado a 50255629247 vía bot activo

🟢 Finalizado.
[dotenv@17.2.3] injecting env (10) from ../.env -- tip: 🔐 encrypt with Dotenvx: https://dotenvx.com
[dotenv@17.2.3] injecting env (0) from .env -- tip: 📡 add observability to secrets: https://dotenvx.com/ops
[dotenv@17.2.3] injecting env (0) from ../.env -- tip: 🔄 add secrets lifecycle management: https://dotenvx.com/ops
[dotenv@17.2.3] injecting env (0) from .env -- tip: ⚙️  enable debug logging with { debug: true }
🕓 Iniciando envío automático de noticias diarias...

🗂️ Departamentos con notas hoy: [ 'Noticias', 'Portada', 'Sololá', 'Guatemala', 'Movilidad' ]
📊 OjoAlDato cargado: {
  fecha: '16/2/2026',
  departamento: 'Chimaltenango',
  texto: 'Patzicía (Chimaltenango) contrató tres pipas de agua "para consumo humano" para tres zonas por Q261,200 a tres proveedores distintos.'
}
👥 Suscriptores activos: 99
⚠️ 50432745042: sin contenido relevante → no se envía mensaje.
📡 Enviando mensaje vía API local del bot...
✅ Mensaje enviado a 50255629247 vía bot activo
✅ Enviado a 50255629247
⚠️ 50254747827: sin contenido relevante → no se envía mensaje.
⚠️ 50254827902: sin contenido relevante → no se envía mensaje.
📡 Enviando mensaje vía API local del bot...
✅ Mensaje enviado a 50257049220 vía bot activo
✅ Enviado a 50257049220
⚠️ 50230080060: sin contenido relevante → no se envía mensaje.
⚠️ 50247858363: sin contenido relevante → no se envía mensaje.
⚠️ 50232050537: sin contenido relevante → no se envía mensaje.
📡 Enviando mensaje vía API local del bot...
✅ Mensaje enviado a 50253460168 vía bot activo
✅ Enviado a 50253460168
⚠️ 50230465423: sin contenido relevante → no se envía mensaje.
⚠️ 50253065146: sin contenido relevante → no se envía mensaje.
📡 Enviando mensaje vía API local del bot...
✅ Mensaje enviado a 50255284110 vía bot activo
✅ Enviado a 50255284110
⚠️ 50254210055: sin contenido relevante → no se envía mensaje.
⚠️ 50255294247: sin contenido relevante → no se envía mensaje.
📡 Enviando mensaje vía API local del bot...
✅ Mensaje enviado a 50237330000 vía bot activo
✅ Enviado a 50237330000
📡 Enviando mensaje vía API local del bot...
✅ Mensaje enviado a 50245491953 vía bot activo
✅ Enviado a 50245491953
📡 Enviando mensaje vía API local del bot...
✅ Mensaje enviado a 50257186094 vía bot activo
✅ Enviado a 50257186094
⚠️ 50257171707: sin contenido relevante → no se envía mensaje.
📡 Enviando mensaje vía API local del bot...
✅ Mensaje enviado a 50233610326 vía bot activo
✅ Enviado a 50233610326
📡 Enviando mensaje vía API local del bot...
✅ Mensaje enviado a 50259906516 vía bot activo
✅ Enviado a 50259906516
📡 Enviando mensaje vía API local del bot...
✅ Mensaje enviado a 50250190948 vía bot activo
✅ Enviado a 50250190948
📡 Enviando mensaje vía API local del bot...
✅ Mensaje enviado a 50254263749 vía bot activo
✅ Enviado a 50254263749
📡 Enviando mensaje vía API local del bot...
✅ Mensaje enviado a 50249728550 vía bot activo
✅ Enviado a 50249728550
📡 Enviando mensaje vía API local del bot...
✅ Mensaje enviado a 50235245779 vía bot activo
✅ Enviado a 50235245779
📡 Enviando mensaje vía API local del bot...
✅ Mensaje enviado a 50246532572 vía bot activo
✅ Enviado a 50246532572
⚠️ 50249313997: sin contenido relevante → no se envía mensaje.
📡 Enviando mensaje vía API local del bot...
✅ Mensaje enviado a 50247685876 vía bot activo
✅ Enviado a 50247685876
⚠️ 50246032841: sin contenido relevante → no se envía mensaje.
📡 Enviando mensaje vía API local del bot...
✅ Mensaje enviado a 50255585677 vía bot activo
✅ Enviado a 50255585677
⚠️ 50253556299: sin contenido relevante → no se envía mensaje.
📡 Enviando mensaje vía API local del bot...
✅ Mensaje enviado a 50254608098 vía bot activo
✅ Enviado a 50254608098
📡 Enviando mensaje vía API local del bot...
✅ Mensaje enviado a 50236405651 vía bot activo
✅ Enviado a 50236405651
⚠️ 50258261871: sin contenido relevante → no se envía mensaje.
⚠️ 50237829024: sin contenido relevante → no se envía mensaje.
📡 Enviando mensaje vía API local del bot...
✅ Mensaje enviado a 50247543437 vía bot activo
✅ Enviado a 50247543437
📡 Enviando mensaje vía API local del bot...
✅ Mensaje enviado a 50240292769 vía bot activo
✅ Enviado a 50240292769
⚠️ 50258955269: sin contenido relevante → no se envía mensaje.
⚠️ 50258053297: sin contenido relevante → no se envía mensaje.
📡 Enviando mensaje vía API local del bot...
✅ Mensaje enviado a 50255584478 vía bot activo
✅ Enviado a 50255584478
⚠️ 50244819697: sin contenido relevante → no se envía mensaje.
⚠️ 50230063598: sin contenido relevante → no se envía mensaje.
📡 Enviando mensaje vía API local del bot...
✅ Mensaje enviado a 50253176628 vía bot activo
✅ Enviado a 50253176628
📡 Enviando mensaje vía API local del bot...
✅ Mensaje enviado a 50241262912 vía bot activo
✅ Enviado a 50241262912
⚠️ 50256416965: sin contenido relevante → no se envía mensaje.
📡 Enviando mensaje vía API local del bot...
✅ Mensaje enviado a 50247456181 vía bot activo
✅ Enviado a 50247456181
📡 Enviando mensaje vía API local del bot...
✅ Mensaje enviado a 50252715600 vía bot activo
✅ Enviado a 50252715600
⚠️ 50238844123: sin contenido relevante → no se envía mensaje.
📡 Enviando mensaje vía API local del bot...
✅ Mensaje enviado a 50252006060 vía bot activo
✅ Enviado a 50252006060
📡 Enviando mensaje vía API local del bot...
✅ Mensaje enviado a 50253127797 vía bot activo
✅ Enviado a 50253127797
📡 Enviando mensaje vía API local del bot...
✅ Mensaje enviado a 50232955516 vía bot activo
✅ Enviado a 50232955516
📡 Enviando mensaje vía API local del bot...
✅ Mensaje enviado a 50240101714 vía bot activo
✅ Enviado a 50240101714
📡 Enviando mensaje vía API local del bot...
✅ Mensaje enviado a 50241494421 vía bot activo
✅ Enviado a 50241494421
📡 Enviando mensaje vía API local del bot...
✅ Mensaje enviado a 50253807338 vía bot activo
✅ Enviado a 50253807338
📡 Enviando mensaje vía API local del bot...
✅ Mensaje enviado a 50250166300 vía bot activo
✅ Enviado a 50250166300
📡 Enviando mensaje vía API local del bot...
✅ Mensaje enviado a 50232883288 vía bot activo
✅ Enviado a 50232883288
📡 Enviando mensaje vía API local del bot...
✅ Mensaje enviado a 50230131825 vía bot activo
✅ Enviado a 50230131825
📡 Enviando mensaje vía API local del bot...
✅ Mensaje enviado a 50255449749 vía bot activo
✅ Enviado a 50255449749
⚠️ 50236680850: sin contenido relevante → no se envía mensaje.
📡 Enviando mensaje vía API local del bot...
✅ Mensaje enviado a 50256805029 vía bot activo
✅ Enviado a 50256805029
⚠️ 50259108219: sin contenido relevante → no se envía mensaje.
📡 Enviando mensaje vía API local del bot...
✅ Mensaje enviado a 50257582992 vía bot activo
✅ Enviado a 50257582992
📡 Enviando mensaje vía API local del bot...
✅ Mensaje enviado a 50230281047 vía bot activo
✅ Enviado a 50230281047
📡 Enviando mensaje vía API local del bot...
✅ Mensaje enviado a 50233291231 vía bot activo
✅ Enviado a 50233291231
⚠️ 50250542584: sin contenido relevante → no se envía mensaje.
📡 Enviando mensaje vía API local del bot...
✅ Mensaje enviado a 50230782862 vía bot activo
✅ Enviado a 50230782862
⚠️ 50236076447: sin contenido relevante → no se envía mensaje.
📡 Enviando mensaje vía API local del bot...
✅ Mensaje enviado a 50236764284 vía bot activo
✅ Enviado a 50236764284
📡 Enviando mensaje vía API local del bot...
✅ Mensaje enviado a 50235151853 vía bot activo
✅ Enviado a 50235151853
📡 Enviando mensaje vía API local del bot...
✅ Mensaje enviado a 50230082345 vía bot activo
✅ Enviado a 50230082345
📡 Enviando mensaje vía API local del bot...
✅ Mensaje enviado a 50256371188 vía bot activo
✅ Enviado a 50256371188
📡 Enviando mensaje vía API local del bot...
✅ Mensaje enviado a 50230083113 vía bot activo
✅ Enviado a 50230083113
📡 Enviando mensaje vía API local del bot...
✅ Mensaje enviado a 50255376417 vía bot activo
✅ Enviado a 50255376417
📡 Enviando mensaje vía API local del bot...
✅ Mensaje enviado a 50237655235 vía bot activo
✅ Enviado a 50237655235
📡 Enviando mensaje vía API local del bot...
✅ Mensaje enviado a 50242221508 vía bot activo
✅ Enviado a 50242221508
⚠️ 50246854703: sin contenido relevante → no se envía mensaje.
⚠️ 50256521588: sin contenido relevante → no se envía mensaje.
⚠️ 50687637085: sin contenido relevante → no se envía mensaje.
📡 Enviando mensaje vía API local del bot...
✅ Mensaje enviado a 50240686795 vía bot activo
✅ Enviado a 50240686795
📡 Enviando mensaje vía API local del bot...
✅ Mensaje enviado a 50255130287 vía bot activo
✅ Enviado a 50255130287
📡 Enviando mensaje vía API local del bot...
✅ Mensaje enviado a 50259450616 vía bot activo
✅ Enviado a 50259450616
⚠️ 50255541565: sin contenido relevante → no se envía mensaje.
📡 Enviando mensaje vía API local del bot...
✅ Mensaje enviado a 50258349297 vía bot activo
✅ Enviado a 50258349297
📡 Enviando mensaje vía API local del bot...
✅ Mensaje enviado a 50249529331 vía bot activo
✅ Enviado a 50249529331
⚠️ 50241139319: sin contenido relevante → no se envía mensaje.
📡 Enviando mensaje vía API local del bot...
✅ Mensaje enviado a 50257184268 vía bot activo
✅ Enviado a 50257184268
📡 Enviando mensaje vía API local del bot...
✅ Mensaje enviado a 50242110831 vía bot activo
✅ Enviado a 50242110831
📡 Enviando mensaje vía API local del bot...
✅ Mensaje enviado a 50230086473 vía bot activo
✅ Enviado a 50230086473
📡 Enviando mensaje vía API local del bot...
✅ Mensaje enviado a 50255262170 vía bot activo
✅ Enviado a 50255262170
📡 Enviando mensaje vía API local del bot...
✅ Mensaje enviado a 50258748130 vía bot activo
✅ Enviado a 50258748130
📡 Enviando mensaje vía API local del bot...
✅ Mensaje enviado a 50242968481 vía bot activo
✅ Enviado a 50242968481
📡 Enviando mensaje vía API local del bot...
✅ Mensaje enviado a 50241143665 vía bot activo
✅ Enviado a 50241143665
📡 Enviando mensaje vía API local del bot...
✅ Mensaje enviado a 50252025152 vía bot activo
✅ Enviado a 50252025152
📡 Enviando mensaje vía API local del bot...
✅ Mensaje enviado a 50240858591 vía bot activo
✅ Enviado a 50240858591
📡 Enviando mensaje vía API local del bot...
✅ Mensaje enviado a 50236134879 vía bot activo
✅ Enviado a 50236134879
📡 Enviando mensaje vía API local del bot...
✅ Mensaje enviado a 50236134879 vía bot activo
✅ Enviado a 50236134879
📡 Enviando mensaje vía API local del bot...
✅ Mensaje enviado a 50258253476 vía bot activo
✅ Enviado a 50258253476
📡 Enviando mensaje vía API local del bot...
✅ Mensaje enviado a 50241288294 vía bot activo
✅ Enviado a 50241288294
📡 Enviando mensaje vía API local del bot...
✅ Mensaje enviado a 50235954297 vía bot activo
✅ Enviado a 50235954297
⚠️ 50230718631: sin contenido relevante → no se envía mensaje.
📡 Enviando mensaje vía API local del bot...
✅ Mensaje enviado a 50255629247 vía bot activo
🟢 Finalizado y DB cerrada.
[dotenv@17.2.3] injecting env (10) from ../.env -- tip: 🔑 add access controls to secrets: https://dotenvx.com/ops
[dotenv@17.2.3] injecting env (0) from .env -- tip: 🔐 prevent building .env in docker: https://dotenvx.com/prebuild
[dotenv@17.2.3] injecting env (0) from ../.env -- tip: ⚙️  suppress all logs with { quiet: true }
[dotenv@17.2.3] injecting env (0) from .env -- tip: 🔐 prevent building .env in docker: https://dotenvx.com/prebuild
🕓 Iniciando envío automático de noticias diarias...

🗂️ Departamentos con notas hoy: [
  'Noticias',
  'Portada',
  'Quetzaltenango',
  'Duda y Comprueba',
  'Guatemala'
]
📊 OjoAlDato cargado: {
  fecha: '17/2/2026',
  departamento: 'Guatemala',
  texto: '@muniguate adjudicó la compra de marcos metálicos para pantalla de contraste para la red de semáforos de la ciudad. La oferta que escogieron fue la de Geovani Guillermo Alonzo López por Q499 mil 865.'
}
👥 Suscriptores activos: 101
⚠️ 50432745042: sin contenido relevante → no se envía mensaje.
📡 Enviando mensaje vía API local del bot...
✅ Mensaje enviado a 50255629247 vía bot activo
✅ Enviado a 50255629247
⚠️ 50254747827: sin contenido relevante → no se envía mensaje.
⚠️ 50254827902: sin contenido relevante → no se envía mensaje.
📡 Enviando mensaje vía API local del bot...
✅ Mensaje enviado a 50257049220 vía bot activo
✅ Enviado a 50257049220
⚠️ 50230080060: sin contenido relevante → no se envía mensaje.
⚠️ 50247858363: sin contenido relevante → no se envía mensaje.
📡 Enviando mensaje vía API local del bot...
✅ Mensaje enviado a 50232050537 vía bot activo
✅ Enviado a 50232050537
📡 Enviando mensaje vía API local del bot...
✅ Mensaje enviado a 50253460168 vía bot activo
✅ Enviado a 50253460168
⚠️ 50230465423: sin contenido relevante → no se envía mensaje.
⚠️ 50253065146: sin contenido relevante → no se envía mensaje.
📡 Enviando mensaje vía API local del bot...
✅ Mensaje enviado a 50255284110 vía bot activo
✅ Enviado a 50255284110
⚠️ 50254210055: sin contenido relevante → no se envía mensaje.
⚠️ 50255294247: sin contenido relevante → no se envía mensaje.
📡 Enviando mensaje vía API local del bot...
✅ Mensaje enviado a 50237330000 vía bot activo
✅ Enviado a 50237330000
📡 Enviando mensaje vía API local del bot...
✅ Mensaje enviado a 50245491953 vía bot activo
✅ Enviado a 50245491953
📡 Enviando mensaje vía API local del bot...
✅ Mensaje enviado a 50257186094 vía bot activo
✅ Enviado a 50257186094
📡 Enviando mensaje vía API local del bot...
✅ Mensaje enviado a 50257171707 vía bot activo
✅ Enviado a 50257171707
📡 Enviando mensaje vía API local del bot...
✅ Mensaje enviado a 50233610326 vía bot activo
✅ Enviado a 50233610326
📡 Enviando mensaje vía API local del bot...
✅ Mensaje enviado a 50259906516 vía bot activo
✅ Enviado a 50259906516
📡 Enviando mensaje vía API local del bot...
✅ Mensaje enviado a 50250190948 vía bot activo
✅ Enviado a 50250190948
📡 Enviando mensaje vía API local del bot...
✅ Mensaje enviado a 50254263749 vía bot activo
✅ Enviado a 50254263749
📡 Enviando mensaje vía API local del bot...
✅ Mensaje enviado a 50249728550 vía bot activo
✅ Enviado a 50249728550
📡 Enviando mensaje vía API local del bot...
✅ Mensaje enviado a 50235245779 vía bot activo
✅ Enviado a 50235245779
📡 Enviando mensaje vía API local del bot...
✅ Mensaje enviado a 50246532572 vía bot activo
✅ Enviado a 50246532572
⚠️ 50249313997: sin contenido relevante → no se envía mensaje.
📡 Enviando mensaje vía API local del bot...
✅ Mensaje enviado a 50247685876 vía bot activo
✅ Enviado a 50247685876
⚠️ 50246032841: sin contenido relevante → no se envía mensaje.
📡 Enviando mensaje vía API local del bot...
✅ Mensaje enviado a 50255585677 vía bot activo
✅ Enviado a 50255585677
⚠️ 50253556299: sin contenido relevante → no se envía mensaje.
📡 Enviando mensaje vía API local del bot...
✅ Mensaje enviado a 50254608098 vía bot activo
✅ Enviado a 50254608098
📡 Enviando mensaje vía API local del bot...
✅ Mensaje enviado a 50236405651 vía bot activo
✅ Enviado a 50236405651
⚠️ 50258261871: sin contenido relevante → no se envía mensaje.
⚠️ 50237829024: sin contenido relevante → no se envía mensaje.
📡 Enviando mensaje vía API local del bot...
✅ Mensaje enviado a 50247543437 vía bot activo
✅ Enviado a 50247543437
📡 Enviando mensaje vía API local del bot...
✅ Mensaje enviado a 50240292769 vía bot activo
✅ Enviado a 50240292769
⚠️ 50258955269: sin contenido relevante → no se envía mensaje.
⚠️ 50258053297: sin contenido relevante → no se envía mensaje.
⚠️ 50255584478: sin contenido relevante → no se envía mensaje.
⚠️ 50244819697: sin contenido relevante → no se envía mensaje.
⚠️ 50230063598: sin contenido relevante → no se envía mensaje.
📡 Enviando mensaje vía API local del bot...
✅ Mensaje enviado a 50253176628 vía bot activo
✅ Enviado a 50253176628
📡 Enviando mensaje vía API local del bot...
✅ Mensaje enviado a 50241262912 vía bot activo
✅ Enviado a 50241262912
📡 Enviando mensaje vía API local del bot...
✅ Mensaje enviado a 50256416965 vía bot activo
✅ Enviado a 50256416965
📡 Enviando mensaje vía API local del bot...
✅ Mensaje enviado a 50247456181 vía bot activo
✅ Enviado a 50247456181
📡 Enviando mensaje vía API local del bot...
✅ Mensaje enviado a 50252715600 vía bot activo
✅ Enviado a 50252715600
📡 Enviando mensaje vía API local del bot...
✅ Mensaje enviado a 50238844123 vía bot activo
✅ Enviado a 50238844123
📡 Enviando mensaje vía API local del bot...
✅ Mensaje enviado a 50252006060 vía bot activo
✅ Enviado a 50252006060
📡 Enviando mensaje vía API local del bot...
✅ Mensaje enviado a 50253127797 vía bot activo
✅ Enviado a 50253127797
📡 Enviando mensaje vía API local del bot...
✅ Mensaje enviado a 50232955516 vía bot activo
✅ Enviado a 50232955516
⚠️ 50240101714: sin contenido relevante → no se envía mensaje.
📡 Enviando mensaje vía API local del bot...
✅ Mensaje enviado a 50241494421 vía bot activo
✅ Enviado a 50241494421
📡 Enviando mensaje vía API local del bot...
✅ Mensaje enviado a 50253807338 vía bot activo
✅ Enviado a 50253807338
📡 Enviando mensaje vía API local del bot...
✅ Mensaje enviado a 50250166300 vía bot activo
✅ Enviado a 50250166300
📡 Enviando mensaje vía API local del bot...
✅ Mensaje enviado a 50232883288 vía bot activo
✅ Enviado a 50232883288
📡 Enviando mensaje vía API local del bot...
✅ Mensaje enviado a 50230131825 vía bot activo
✅ Enviado a 50230131825
📡 Enviando mensaje vía API local del bot...
✅ Mensaje enviado a 50255449749 vía bot activo
✅ Enviado a 50255449749
⚠️ 50236680850: sin contenido relevante → no se envía mensaje.
📡 Enviando mensaje vía API local del bot...
✅ Mensaje enviado a 50256805029 vía bot activo
✅ Enviado a 50256805029
⚠️ 50259108219: sin contenido relevante → no se envía mensaje.
📡 Enviando mensaje vía API local del bot...
✅ Mensaje enviado a 50257582992 vía bot activo
✅ Enviado a 50257582992
📡 Enviando mensaje vía API local del bot...
✅ Mensaje enviado a 50230281047 vía bot activo
✅ Enviado a 50230281047
📡 Enviando mensaje vía API local del bot...
✅ Mensaje enviado a 50233291231 vía bot activo
✅ Enviado a 50233291231
⚠️ 50250542584: sin contenido relevante → no se envía mensaje.
📡 Enviando mensaje vía API local del bot...
✅ Mensaje enviado a 50230782862 vía bot activo
✅ Enviado a 50230782862
⚠️ 50236076447: sin contenido relevante → no se envía mensaje.
📡 Enviando mensaje vía API local del bot...
✅ Mensaje enviado a 50236764284 vía bot activo
✅ Enviado a 50236764284
📡 Enviando mensaje vía API local del bot...
✅ Mensaje enviado a 50235151853 vía bot activo
✅ Enviado a 50235151853
📡 Enviando mensaje vía API local del bot...
✅ Mensaje enviado a 50230082345 vía bot activo
✅ Enviado a 50230082345
📡 Enviando mensaje vía API local del bot...
✅ Mensaje enviado a 50256371188 vía bot activo
✅ Enviado a 50256371188
📡 Enviando mensaje vía API local del bot...
✅ Mensaje enviado a 50230083113 vía bot activo
✅ Enviado a 50230083113
📡 Enviando mensaje vía API local del bot...
✅ Mensaje enviado a 50255376417 vía bot activo
✅ Enviado a 50255376417
📡 Enviando mensaje vía API local del bot...
✅ Mensaje enviado a 50237655235 vía bot activo
✅ Enviado a 50237655235
📡 Enviando mensaje vía API local del bot...
✅ Mensaje enviado a 50242221508 vía bot activo
✅ Enviado a 50242221508
⚠️ 50246854703: sin contenido relevante → no se envía mensaje.
⚠️ 50256521588: sin contenido relevante → no se envía mensaje.
⚠️ 50687637085: sin contenido relevante → no se envía mensaje.
📡 Enviando mensaje vía API local del bot...
✅ Mensaje enviado a 50240686795 vía bot activo
✅ Enviado a 50240686795
📡 Enviando mensaje vía API local del bot...
✅ Mensaje enviado a 50255130287 vía bot activo
✅ Enviado a 50255130287
📡 Enviando mensaje vía API local del bot...
✅ Mensaje enviado a 50259450616 vía bot activo
✅ Enviado a 50259450616
⚠️ 50255541565: sin contenido relevante → no se envía mensaje.
📡 Enviando mensaje vía API local del bot...
✅ Mensaje enviado a 50258349297 vía bot activo
✅ Enviado a 50258349297
📡 Enviando mensaje vía API local del bot...
✅ Mensaje enviado a 50249529331 vía bot activo
✅ Enviado a 50249529331
⚠️ 50241139319: sin contenido relevante → no se envía mensaje.
📡 Enviando mensaje vía API local del bot...
✅ Mensaje enviado a 50257184268 vía bot activo
✅ Enviado a 50257184268
📡 Enviando mensaje vía API local del bot...
✅ Mensaje enviado a 50242110831 vía bot activo
✅ Enviado a 50242110831
📡 Enviando mensaje vía API local del bot...
✅ Mensaje enviado a 50230086473 vía bot activo
✅ Enviado a 50230086473
📡 Enviando mensaje vía API local del bot...
✅ Mensaje enviado a 50255262170 vía bot activo
✅ Enviado a 50255262170
📡 Enviando mensaje vía API local del bot...
✅ Mensaje enviado a 50258748130 vía bot activo
✅ Enviado a 50258748130
⚠️ 50242968481: sin contenido relevante → no se envía mensaje.
📡 Enviando mensaje vía API local del bot...
✅ Mensaje enviado a 50241143665 vía bot activo
✅ Enviado a 50241143665
📡 Enviando mensaje vía API local del bot...
✅ Mensaje enviado a 50252025152 vía bot activo
✅ Enviado a 50252025152
📡 Enviando mensaje vía API local del bot...
✅ Mensaje enviado a 50240858591 vía bot activo
✅ Enviado a 50240858591
📡 Enviando mensaje vía API local del bot...
✅ Mensaje enviado a 50236134879 vía bot activo
✅ Enviado a 50236134879
📡 Enviando mensaje vía API local del bot...
✅ Mensaje enviado a 50236134879 vía bot activo
✅ Enviado a 50236134879
📡 Enviando mensaje vía API local del bot...
✅ Mensaje enviado a 50258253476 vía bot activo
✅ Enviado a 50258253476
📡 Enviando mensaje vía API local del bot...
✅ Mensaje enviado a 50241288294 vía bot activo
✅ Enviado a 50241288294
📡 Enviando mensaje vía API local del bot...
✅ Mensaje enviado a 50235954297 vía bot activo
✅ Enviado a 50235954297
⚠️ 50230718631: sin contenido relevante → no se envía mensaje.
⚠️ 50254140866: sin contenido relevante → no se envía mensaje.
📡 Enviando mensaje vía API local del bot...
✅ Mensaje enviado a 50247695724 vía bot activo
✅ Enviado a 50247695724
📡 Enviando mensaje vía API local del bot...
✅ Mensaje enviado a 50255629247 vía bot activo
🟢 Finalizado y DB cerrada.
[dotenv@17.2.3] injecting env (10) from ../.env -- tip: ⚙️  specify custom .env file path with { path: '/custom/path/.env' }
[dotenv@17.2.3] injecting env (0) from .env -- tip: 🔐 prevent building .env in docker: https://dotenvx.com/prebuild
[dotenv@17.2.3] injecting env (0) from ../.env -- tip: 🔐 prevent committing .env to code: https://dotenvx.com/precommit
[dotenv@17.2.3] injecting env (0) from .env -- tip: ⚙️  suppress all logs with { quiet: true }
🕓 Iniciando envío automático de noticias diarias...

🗂️ Departamentos con notas hoy: [ 'Noticias', 'Portada', 'Guatemala', 'Sololá' ]
📊 OjoAlDato cargado: {
  fecha: '18/2/2026',
  departamento: 'Huehuetenango',
  texto: 'El síndico primero de Santa Ana Huista, Huehuetenango, solicitó darle mantenimiento a diversos tramos del municipio. Por lo que realizó dos compras directas a la misma proveedora, Alida Lorena Gómez Gómez de Lorenzo, por un total de Q49 mil 610.'
}
👥 Suscriptores activos: 101
⚠️ 50432745042: sin contenido relevante → no se envía mensaje.
📡 Enviando mensaje vía API local del bot...
❌ Error al enviar mensaje vía API local: HTTP 500 findChat: new chat not found 9247@c.us
❌ Error enviando a 50255629247: HTTP 500 findChat: new chat not found 9247@c.us
⚠️ 50254747827: sin contenido relevante → no se envía mensaje.
⚠️ 50254827902: sin contenido relevante → no se envía mensaje.
📡 Enviando mensaje vía API local del bot...
❌ Error al enviar mensaje vía API local: HTTP 500 findChat: new chat not found 9220@c.us
❌ Error enviando a 50257049220: HTTP 500 findChat: new chat not found 9220@c.us
⚠️ 50230080060: sin contenido relevante → no se envía mensaje.
⚠️ 50247858363: sin contenido relevante → no se envía mensaje.
⚠️ 50232050537: sin contenido relevante → no se envía mensaje.
📡 Enviando mensaje vía API local del bot...
❌ Error al enviar mensaje vía API local: HTTP 500 findChat: new chat not found 0168@c.us
❌ Error enviando a 50253460168: HTTP 500 findChat: new chat not found 0168@c.us
⚠️ 50230465423: sin contenido relevante → no se envía mensaje.
⚠️ 50253065146: sin contenido relevante → no se envía mensaje.
📡 Enviando mensaje vía API local del bot...
❌ Error al enviar mensaje vía API local: HTTP 500 findChat: new chat not found 4110@c.us
❌ Error enviando a 50255284110: HTTP 500 findChat: new chat not found 4110@c.us
⚠️ 50254210055: sin contenido relevante → no se envía mensaje.
⚠️ 50255294247: sin contenido relevante → no se envía mensaje.
📡 Enviando mensaje vía API local del bot...
❌ Error al enviar mensaje vía API local: HTTP 500 findChat: new chat not found 0000@c.us
❌ Error enviando a 50237330000: HTTP 500 findChat: new chat not found 0000@c.us
📡 Enviando mensaje vía API local del bot...
❌ Error al enviar mensaje vía API local: HTTP 500 findChat: new chat not found 1953@c.us
❌ Error enviando a 50245491953: HTTP 500 findChat: new chat not found 1953@c.us
📡 Enviando mensaje vía API local del bot...
❌ Error al enviar mensaje vía API local: HTTP 500 findChat: new chat not found 6094@c.us
❌ Error enviando a 50257186094: HTTP 500 findChat: new chat not found 6094@c.us
⚠️ 50257171707: sin contenido relevante → no se envía mensaje.
📡 Enviando mensaje vía API local del bot...
❌ Error al enviar mensaje vía API local: HTTP 500 findChat: new chat not found 0326@c.us
❌ Error enviando a 50233610326: HTTP 500 findChat: new chat not found 0326@c.us
📡 Enviando mensaje vía API local del bot...
❌ Error al enviar mensaje vía API local: HTTP 500 findChat: new chat not found 6516@c.us
❌ Error enviando a 50259906516: HTTP 500 findChat: new chat not found 6516@c.us
📡 Enviando mensaje vía API local del bot...
❌ Error al enviar mensaje vía API local: HTTP 500 findChat: new chat not found 0948@c.us
❌ Error enviando a 50250190948: HTTP 500 findChat: new chat not found 0948@c.us
📡 Enviando mensaje vía API local del bot...
❌ Error al enviar mensaje vía API local: HTTP 500 findChat: new chat not found 3749@c.us
❌ Error enviando a 50254263749: HTTP 500 findChat: new chat not found 3749@c.us
📡 Enviando mensaje vía API local del bot...
❌ Error al enviar mensaje vía API local: HTTP 500 findChat: new chat not found 8550@c.us
❌ Error enviando a 50249728550: HTTP 500 findChat: new chat not found 8550@c.us
📡 Enviando mensaje vía API local del bot...
❌ Error al enviar mensaje vía API local: HTTP 500 findChat: new chat not found 5779@c.us
❌ Error enviando a 50235245779: HTTP 500 findChat: new chat not found 5779@c.us
📡 Enviando mensaje vía API local del bot...
❌ Error al enviar mensaje vía API local: HTTP 500 findChat: new chat not found 2572@c.us
❌ Error enviando a 50246532572: HTTP 500 findChat: new chat not found 2572@c.us
📡 Enviando mensaje vía API local del bot...
❌ Error al enviar mensaje vía API local: HTTP 500 findChat: new chat not found 3997@c.us
❌ Error enviando a 50249313997: HTTP 500 findChat: new chat not found 3997@c.us
📡 Enviando mensaje vía API local del bot...
❌ Error al enviar mensaje vía API local: HTTP 500 findChat: new chat not found 5876@c.us
❌ Error enviando a 50247685876: HTTP 500 findChat: new chat not found 5876@c.us
⚠️ 50246032841: sin contenido relevante → no se envía mensaje.
📡 Enviando mensaje vía API local del bot...
❌ Error al enviar mensaje vía API local: HTTP 500 findChat: new chat not found 5677@c.us
❌ Error enviando a 50255585677: HTTP 500 findChat: new chat not found 5677@c.us
⚠️ 50253556299: sin contenido relevante → no se envía mensaje.
📡 Enviando mensaje vía API local del bot...
❌ Error al enviar mensaje vía API local: HTTP 500 findChat: new chat not found 8098@c.us
❌ Error enviando a 50254608098: HTTP 500 findChat: new chat not found 8098@c.us
📡 Enviando mensaje vía API local del bot...
❌ Error al enviar mensaje vía API local: HTTP 500 findChat: new chat not found 5651@c.us
❌ Error enviando a 50236405651: HTTP 500 findChat: new chat not found 5651@c.us
⚠️ 50258261871: sin contenido relevante → no se envía mensaje.
⚠️ 50237829024: sin contenido relevante → no se envía mensaje.
📡 Enviando mensaje vía API local del bot...
❌ Error al enviar mensaje vía API local: HTTP 500 findChat: new chat not found 3437@c.us
❌ Error enviando a 50247543437: HTTP 500 findChat: new chat not found 3437@c.us
📡 Enviando mensaje vía API local del bot...
❌ Error al enviar mensaje vía API local: HTTP 500 findChat: new chat not found 2769@c.us
❌ Error enviando a 50240292769: HTTP 500 findChat: new chat not found 2769@c.us
⚠️ 50258955269: sin contenido relevante → no se envía mensaje.
⚠️ 50258053297: sin contenido relevante → no se envía mensaje.
📡 Enviando mensaje vía API local del bot...
❌ Error al enviar mensaje vía API local: HTTP 500 findChat: new chat not found 4478@c.us
❌ Error enviando a 50255584478: HTTP 500 findChat: new chat not found 4478@c.us
⚠️ 50244819697: sin contenido relevante → no se envía mensaje.
⚠️ 50230063598: sin contenido relevante → no se envía mensaje.
📡 Enviando mensaje vía API local del bot...
❌ Error al enviar mensaje vía API local: HTTP 500 findChat: new chat not found 6628@c.us
❌ Error enviando a 50253176628: HTTP 500 findChat: new chat not found 6628@c.us
📡 Enviando mensaje vía API local del bot...
❌ Error al enviar mensaje vía API local: HTTP 500 findChat: new chat not found 2912@c.us
❌ Error enviando a 50241262912: HTTP 500 findChat: new chat not found 2912@c.us
⚠️ 50256416965: sin contenido relevante → no se envía mensaje.
📡 Enviando mensaje vía API local del bot...
❌ Error al enviar mensaje vía API local: HTTP 500 findChat: new chat not found 6181@c.us
❌ Error enviando a 50247456181: HTTP 500 findChat: new chat not found 6181@c.us
📡 Enviando mensaje vía API local del bot...
❌ Error al enviar mensaje vía API local: HTTP 500 findChat: new chat not found 5600@c.us
❌ Error enviando a 50252715600: HTTP 500 findChat: new chat not found 5600@c.us
⚠️ 50238844123: sin contenido relevante → no se envía mensaje.
📡 Enviando mensaje vía API local del bot...
❌ Error al enviar mensaje vía API local: HTTP 500 findChat: new chat not found 6060@c.us
❌ Error enviando a 50252006060: HTTP 500 findChat: new chat not found 6060@c.us
📡 Enviando mensaje vía API local del bot...
❌ Error al enviar mensaje vía API local: HTTP 500 findChat: new chat not found 7797@c.us
❌ Error enviando a 50253127797: HTTP 500 findChat: new chat not found 7797@c.us
📡 Enviando mensaje vía API local del bot...
❌ Error al enviar mensaje vía API local: HTTP 500 findChat: new chat not found 5516@c.us
❌ Error enviando a 50232955516: HTTP 500 findChat: new chat not found 5516@c.us
📡 Enviando mensaje vía API local del bot...
❌ Error al enviar mensaje vía API local: HTTP 500 findChat: new chat not found 1714@c.us
❌ Error enviando a 50240101714: HTTP 500 findChat: new chat not found 1714@c.us
📡 Enviando mensaje vía API local del bot...
❌ Error al enviar mensaje vía API local: HTTP 500 findChat: new chat not found 4421@c.us
❌ Error enviando a 50241494421: HTTP 500 findChat: new chat not found 4421@c.us
📡 Enviando mensaje vía API local del bot...
❌ Error al enviar mensaje vía API local: HTTP 500 findChat: new chat not found 7338@c.us
❌ Error enviando a 50253807338: HTTP 500 findChat: new chat not found 7338@c.us
📡 Enviando mensaje vía API local del bot...
❌ Error al enviar mensaje vía API local: HTTP 500 findChat: new chat not found 6300@c.us
❌ Error enviando a 50250166300: HTTP 500 findChat: new chat not found 6300@c.us
📡 Enviando mensaje vía API local del bot...
❌ Error al enviar mensaje vía API local: HTTP 500 findChat: new chat not found 3288@c.us
❌ Error enviando a 50232883288: HTTP 500 findChat: new chat not found 3288@c.us
📡 Enviando mensaje vía API local del bot...
❌ Error al enviar mensaje vía API local: HTTP 500 findChat: new chat not found 1825@c.us
❌ Error enviando a 50230131825: HTTP 500 findChat: new chat not found 1825@c.us
📡 Enviando mensaje vía API local del bot...
❌ Error al enviar mensaje vía API local: HTTP 500 findChat: new chat not found 9749@c.us
❌ Error enviando a 50255449749: HTTP 500 findChat: new chat not found 9749@c.us
⚠️ 50236680850: sin contenido relevante → no se envía mensaje.
📡 Enviando mensaje vía API local del bot...
❌ Error al enviar mensaje vía API local: HTTP 500 findChat: new chat not found 5029@c.us
❌ Error enviando a 50256805029: HTTP 500 findChat: new chat not found 5029@c.us
⚠️ 50259108219: sin contenido relevante → no se envía mensaje.
📡 Enviando mensaje vía API local del bot...
❌ Error al enviar mensaje vía API local: HTTP 500 findChat: new chat not found 2992@c.us
❌ Error enviando a 50257582992: HTTP 500 findChat: new chat not found 2992@c.us
📡 Enviando mensaje vía API local del bot...
❌ Error al enviar mensaje vía API local: HTTP 500 findChat: new chat not found 1047@c.us
❌ Error enviando a 50230281047: HTTP 500 findChat: new chat not found 1047@c.us
📡 Enviando mensaje vía API local del bot...
❌ Error al enviar mensaje vía API local: HTTP 500 findChat: new chat not found 1231@c.us
❌ Error enviando a 50233291231: HTTP 500 findChat: new chat not found 1231@c.us
⚠️ 50250542584: sin contenido relevante → no se envía mensaje.
📡 Enviando mensaje vía API local del bot...
❌ Error al enviar mensaje vía API local: HTTP 500 findChat: new chat not found 2862@c.us
❌ Error enviando a 50230782862: HTTP 500 findChat: new chat not found 2862@c.us
⚠️ 50236076447: sin contenido relevante → no se envía mensaje.
📡 Enviando mensaje vía API local del bot...
❌ Error al enviar mensaje vía API local: HTTP 500 findChat: new chat not found 4284@c.us
❌ Error enviando a 50236764284: HTTP 500 findChat: new chat not found 4284@c.us
📡 Enviando mensaje vía API local del bot...
❌ Error al enviar mensaje vía API local: HTTP 500 findChat: new chat not found 1853@c.us
❌ Error enviando a 50235151853: HTTP 500 findChat: new chat not found 1853@c.us
📡 Enviando mensaje vía API local del bot...
❌ Error al enviar mensaje vía API local: HTTP 500 findChat: new chat not found 2345@c.us
❌ Error enviando a 50230082345: HTTP 500 findChat: new chat not found 2345@c.us
📡 Enviando mensaje vía API local del bot...
❌ Error al enviar mensaje vía API local: HTTP 500 findChat: new chat not found 1188@c.us
❌ Error enviando a 50256371188: HTTP 500 findChat: new chat not found 1188@c.us
📡 Enviando mensaje vía API local del bot...
❌ Error al enviar mensaje vía API local: HTTP 500 findChat: new chat not found 3113@c.us
❌ Error enviando a 50230083113: HTTP 500 findChat: new chat not found 3113@c.us
📡 Enviando mensaje vía API local del bot...
❌ Error al enviar mensaje vía API local: HTTP 500 findChat: new chat not found 6417@c.us
❌ Error enviando a 50255376417: HTTP 500 findChat: new chat not found 6417@c.us
📡 Enviando mensaje vía API local del bot...
❌ Error al enviar mensaje vía API local: HTTP 500 findChat: new chat not found 5235@c.us
❌ Error enviando a 50237655235: HTTP 500 findChat: new chat not found 5235@c.us
📡 Enviando mensaje vía API local del bot...
❌ Error al enviar mensaje vía API local: HTTP 500 findChat: new chat not found 1508@c.us
❌ Error enviando a 50242221508: HTTP 500 findChat: new chat not found 1508@c.us
⚠️ 50246854703: sin contenido relevante → no se envía mensaje.
⚠️ 50256521588: sin contenido relevante → no se envía mensaje.
⚠️ 50687637085: sin contenido relevante → no se envía mensaje.
📡 Enviando mensaje vía API local del bot...
❌ Error al enviar mensaje vía API local: HTTP 500 findChat: new chat not found 6795@c.us
❌ Error enviando a 50240686795: HTTP 500 findChat: new chat not found 6795@c.us
📡 Enviando mensaje vía API local del bot...
❌ Error al enviar mensaje vía API local: HTTP 500 findChat: new chat not found 0287@c.us
❌ Error enviando a 50255130287: HTTP 500 findChat: new chat not found 0287@c.us
📡 Enviando mensaje vía API local del bot...
❌ Error al enviar mensaje vía API local: HTTP 500 findChat: new chat not found 0616@c.us
❌ Error enviando a 50259450616: HTTP 500 findChat: new chat not found 0616@c.us
⚠️ 50255541565: sin contenido relevante → no se envía mensaje.
📡 Enviando mensaje vía API local del bot...
❌ Error al enviar mensaje vía API local: HTTP 500 findChat: new chat not found 9297@c.us
❌ Error enviando a 50258349297: HTTP 500 findChat: new chat not found 9297@c.us
📡 Enviando mensaje vía API local del bot...
❌ Error al enviar mensaje vía API local: HTTP 500 findChat: new chat not found 9331@c.us
❌ Error enviando a 50249529331: HTTP 500 findChat: new chat not found 9331@c.us
⚠️ 50241139319: sin contenido relevante → no se envía mensaje.
📡 Enviando mensaje vía API local del bot...
❌ Error al enviar mensaje vía API local: HTTP 500 findChat: new chat not found 4268@c.us
❌ Error enviando a 50257184268: HTTP 500 findChat: new chat not found 4268@c.us
📡 Enviando mensaje vía API local del bot...
❌ Error al enviar mensaje vía API local: HTTP 500 findChat: new chat not found 0831@c.us
❌ Error enviando a 50242110831: HTTP 500 findChat: new chat not found 0831@c.us
📡 Enviando mensaje vía API local del bot...
❌ Error al enviar mensaje vía API local: HTTP 500 findChat: new chat not found 6473@c.us
❌ Error enviando a 50230086473: HTTP 500 findChat: new chat not found 6473@c.us
📡 Enviando mensaje vía API local del bot...
❌ Error al enviar mensaje vía API local: HTTP 500 findChat: new chat not found 2170@c.us
❌ Error enviando a 50255262170: HTTP 500 findChat: new chat not found 2170@c.us
📡 Enviando mensaje vía API local del bot...
❌ Error al enviar mensaje vía API local: HTTP 500 findChat: new chat not found 8130@c.us
❌ Error enviando a 50258748130: HTTP 500 findChat: new chat not found 8130@c.us
📡 Enviando mensaje vía API local del bot...
❌ Error al enviar mensaje vía API local: HTTP 500 findChat: new chat not found 8481@c.us
❌ Error enviando a 50242968481: HTTP 500 findChat: new chat not found 8481@c.us
📡 Enviando mensaje vía API local del bot...
❌ Error al enviar mensaje vía API local: HTTP 500 findChat: new chat not found 3665@c.us
❌ Error enviando a 50241143665: HTTP 500 findChat: new chat not found 3665@c.us
📡 Enviando mensaje vía API local del bot...
❌ Error al enviar mensaje vía API local: HTTP 500 findChat: new chat not found 5152@c.us
❌ Error enviando a 50252025152: HTTP 500 findChat: new chat not found 5152@c.us
📡 Enviando mensaje vía API local del bot...
❌ Error al enviar mensaje vía API local: HTTP 500 findChat: new chat not found 8591@c.us
❌ Error enviando a 50240858591: HTTP 500 findChat: new chat not found 8591@c.us
📡 Enviando mensaje vía API local del bot...
❌ Error al enviar mensaje vía API local: HTTP 500 findChat: new chat not found 4879@c.us
❌ Error enviando a 50236134879: HTTP 500 findChat: new chat not found 4879@c.us
📡 Enviando mensaje vía API local del bot...
❌ Error al enviar mensaje vía API local: HTTP 500 findChat: new chat not found 4879@c.us
❌ Error enviando a 50236134879: HTTP 500 findChat: new chat not found 4879@c.us
📡 Enviando mensaje vía API local del bot...
❌ Error al enviar mensaje vía API local: HTTP 500 findChat: new chat not found 3476@c.us
❌ Error enviando a 50258253476: HTTP 500 findChat: new chat not found 3476@c.us
📡 Enviando mensaje vía API local del bot...
❌ Error al enviar mensaje vía API local: HTTP 500 findChat: new chat not found 8294@c.us
❌ Error enviando a 50241288294: HTTP 500 findChat: new chat not found 8294@c.us
📡 Enviando mensaje vía API local del bot...
❌ Error al enviar mensaje vía API local: HTTP 500 findChat: new chat not found 4297@c.us
❌ Error enviando a 50235954297: HTTP 500 findChat: new chat not found 4297@c.us
⚠️ 50230718631: sin contenido relevante → no se envía mensaje.
⚠️ 50254140866: sin contenido relevante → no se envía mensaje.
📡 Enviando mensaje vía API local del bot...
❌ Error al enviar mensaje vía API local: HTTP 500 findChat: new chat not found 5724@c.us
❌ Error enviando a 50247695724: HTTP 500 findChat: new chat not found 5724@c.us
📡 Enviando mensaje vía API local del bot...
❌ Error al enviar mensaje vía API local: HTTP 500 findChat: new chat not found 9247@c.us
⚠️ No se pudo enviar resumen al admin: HTTP 500 findChat: new chat not found 9247@c.us
🟢 Finalizado y DB cerrada.
[dotenv@17.2.3] injecting env (10) from ../.env -- tip: 🔐 prevent committing .env to code: https://dotenvx.com/precommit
[dotenv@17.2.3] injecting env (0) from .env -- tip: 🔑 add access controls to secrets: https://dotenvx.com/ops
[dotenv@17.2.3] injecting env (0) from ../.env -- tip: ✅ audit secrets and track compliance: https://dotenvx.com/ops
[dotenv@17.2.3] injecting env (0) from .env -- tip: 🔑 add access controls to secrets: https://dotenvx.com/ops
🕓 Iniciando envío automático de noticias diarias...

🗂️ Departamentos con notas hoy: [ 'Chimaltenango', 'Guatemala', 'Noticias', 'Portada', 'San Marcos' ]
📊 OjoAlDato cargado: {
  fecha: '19/2/2026',
  departamento: 'El Progreso',
  texto: 'Guastatoya, El Progreso, realizó ocho compras de platillos al mismo proveedor, Desayunos Marea Roja, para servir durante la feria patronal. El total fue de Q189 mil 280.'
}
👥 Suscriptores activos: 101
⚠️ 50432745042: sin contenido relevante → no se envía mensaje.
📡 Enviando mensaje vía API local del bot...
❌ Error al enviar mensaje vía API local: HTTP 500 findChat: new chat not found 9247@c.us
❌ Error enviando a 50255629247: HTTP 500 findChat: new chat not found 9247@c.us
⚠️ 50254747827: sin contenido relevante → no se envía mensaje.
⚠️ 50254827902: sin contenido relevante → no se envía mensaje.
📡 Enviando mensaje vía API local del bot...
❌ Error al enviar mensaje vía API local: HTTP 500 findChat: new chat not found 9220@c.us
❌ Error enviando a 50257049220: HTTP 500 findChat: new chat not found 9220@c.us
📡 Enviando mensaje vía API local del bot...
❌ Error al enviar mensaje vía API local: HTTP 500 findChat: new chat not found 0060@c.us
❌ Error enviando a 50230080060: HTTP 500 findChat: new chat not found 0060@c.us
⚠️ 50247858363: sin contenido relevante → no se envía mensaje.
📡 Enviando mensaje vía API local del bot...
❌ Error al enviar mensaje vía API local: HTTP 500 findChat: new chat not found 0537@c.us
❌ Error enviando a 50232050537: HTTP 500 findChat: new chat not found 0537@c.us
📡 Enviando mensaje vía API local del bot...
❌ Error al enviar mensaje vía API local: HTTP 500 findChat: new chat not found 0168@c.us
❌ Error enviando a 50253460168: HTTP 500 findChat: new chat not found 0168@c.us
⚠️ 50230465423: sin contenido relevante → no se envía mensaje.
⚠️ 50253065146: sin contenido relevante → no se envía mensaje.
📡 Enviando mensaje vía API local del bot...
❌ Error al enviar mensaje vía API local: HTTP 500 findChat: new chat not found 4110@c.us
❌ Error enviando a 50255284110: HTTP 500 findChat: new chat not found 4110@c.us
⚠️ 50254210055: sin contenido relevante → no se envía mensaje.
⚠️ 50255294247: sin contenido relevante → no se envía mensaje.
📡 Enviando mensaje vía API local del bot...
❌ Error al enviar mensaje vía API local: HTTP 500 findChat: new chat not found 0000@c.us
❌ Error enviando a 50237330000: HTTP 500 findChat: new chat not found 0000@c.us
📡 Enviando mensaje vía API local del bot...
❌ Error al enviar mensaje vía API local: HTTP 500 findChat: new chat not found 1953@c.us
❌ Error enviando a 50245491953: HTTP 500 findChat: new chat not found 1953@c.us
📡 Enviando mensaje vía API local del bot...
❌ Error al enviar mensaje vía API local: HTTP 500 findChat: new chat not found 6094@c.us
❌ Error enviando a 50257186094: HTTP 500 findChat: new chat not found 6094@c.us
⚠️ 50257171707: sin contenido relevante → no se envía mensaje.
📡 Enviando mensaje vía API local del bot...
❌ Error al enviar mensaje vía API local: HTTP 500 findChat: new chat not found 0326@c.us
❌ Error enviando a 50233610326: HTTP 500 findChat: new chat not found 0326@c.us
📡 Enviando mensaje vía API local del bot...
❌ Error al enviar mensaje vía API local: HTTP 500 findChat: new chat not found 6516@c.us
❌ Error enviando a 50259906516: HTTP 500 findChat: new chat not found 6516@c.us
⚠️ 50250190948: sin contenido relevante → no se envía mensaje.
📡 Enviando mensaje vía API local del bot...
❌ Error al enviar mensaje vía API local: HTTP 500 findChat: new chat not found 3749@c.us
❌ Error enviando a 50254263749: HTTP 500 findChat: new chat not found 3749@c.us
📡 Enviando mensaje vía API local del bot...
❌ Error al enviar mensaje vía API local: HTTP 500 findChat: new chat not found 8550@c.us
❌ Error enviando a 50249728550: HTTP 500 findChat: new chat not found 8550@c.us
📡 Enviando mensaje vía API local del bot...
❌ Error al enviar mensaje vía API local: HTTP 500 findChat: new chat not found 5779@c.us
❌ Error enviando a 50235245779: HTTP 500 findChat: new chat not found 5779@c.us
📡 Enviando mensaje vía API local del bot...
❌ Error al enviar mensaje vía API local: HTTP 500 findChat: new chat not found 2572@c.us
❌ Error enviando a 50246532572: HTTP 500 findChat: new chat not found 2572@c.us
⚠️ 50249313997: sin contenido relevante → no se envía mensaje.
📡 Enviando mensaje vía API local del bot...
❌ Error al enviar mensaje vía API local: HTTP 500 findChat: new chat not found 5876@c.us
❌ Error enviando a 50247685876: HTTP 500 findChat: new chat not found 5876@c.us
⚠️ 50246032841: sin contenido relevante → no se envía mensaje.
📡 Enviando mensaje vía API local del bot...
❌ Error al enviar mensaje vía API local: HTTP 500 findChat: new chat not found 5677@c.us
❌ Error enviando a 50255585677: HTTP 500 findChat: new chat not found 5677@c.us
⚠️ 50253556299: sin contenido relevante → no se envía mensaje.
📡 Enviando mensaje vía API local del bot...
❌ Error al enviar mensaje vía API local: HTTP 500 findChat: new chat not found 8098@c.us
❌ Error enviando a 50254608098: HTTP 500 findChat: new chat not found 8098@c.us
📡 Enviando mensaje vía API local del bot...
❌ Error al enviar mensaje vía API local: HTTP 500 findChat: new chat not found 5651@c.us
❌ Error enviando a 50236405651: HTTP 500 findChat: new chat not found 5651@c.us
⚠️ 50258261871: sin contenido relevante → no se envía mensaje.
⚠️ 50237829024: sin contenido relevante → no se envía mensaje.
📡 Enviando mensaje vía API local del bot...
❌ Error al enviar mensaje vía API local: HTTP 500 findChat: new chat not found 3437@c.us
❌ Error enviando a 50247543437: HTTP 500 findChat: new chat not found 3437@c.us
📡 Enviando mensaje vía API local del bot...
❌ Error al enviar mensaje vía API local: HTTP 500 findChat: new chat not found 2769@c.us
❌ Error enviando a 50240292769: HTTP 500 findChat: new chat not found 2769@c.us
⚠️ 50258955269: sin contenido relevante → no se envía mensaje.
⚠️ 50258053297: sin contenido relevante → no se envía mensaje.
⚠️ 50255584478: sin contenido relevante → no se envía mensaje.
⚠️ 50244819697: sin contenido relevante → no se envía mensaje.
📡 Enviando mensaje vía API local del bot...
❌ Error al enviar mensaje vía API local: HTTP 500 findChat: new chat not found 3598@c.us
❌ Error enviando a 50230063598: HTTP 500 findChat: new chat not found 3598@c.us
📡 Enviando mensaje vía API local del bot...
❌ Error al enviar mensaje vía API local: HTTP 500 findChat: new chat not found 6628@c.us
❌ Error enviando a 50253176628: HTTP 500 findChat: new chat not found 6628@c.us
📡 Enviando mensaje vía API local del bot...
❌ Error al enviar mensaje vía API local: HTTP 500 findChat: new chat not found 2912@c.us
❌ Error enviando a 50241262912: HTTP 500 findChat: new chat not found 2912@c.us
⚠️ 50256416965: sin contenido relevante → no se envía mensaje.
📡 Enviando mensaje vía API local del bot...
❌ Error al enviar mensaje vía API local: HTTP 500 findChat: new chat not found 6181@c.us
❌ Error enviando a 50247456181: HTTP 500 findChat: new chat not found 6181@c.us
📡 Enviando mensaje vía API local del bot...
❌ Error al enviar mensaje vía API local: HTTP 500 findChat: new chat not found 5600@c.us
❌ Error enviando a 50252715600: HTTP 500 findChat: new chat not found 5600@c.us
⚠️ 50238844123: sin contenido relevante → no se envía mensaje.
📡 Enviando mensaje vía API local del bot...
❌ Error al enviar mensaje vía API local: HTTP 500 findChat: new chat not found 6060@c.us
❌ Error enviando a 50252006060: HTTP 500 findChat: new chat not found 6060@c.us
📡 Enviando mensaje vía API local del bot...
❌ Error al enviar mensaje vía API local: HTTP 500 findChat: new chat not found 7797@c.us
❌ Error enviando a 50253127797: HTTP 500 findChat: new chat not found 7797@c.us
📡 Enviando mensaje vía API local del bot...
❌ Error al enviar mensaje vía API local: HTTP 500 findChat: new chat not found 5516@c.us
❌ Error enviando a 50232955516: HTTP 500 findChat: new chat not found 5516@c.us
⚠️ 50240101714: sin contenido relevante → no se envía mensaje.
📡 Enviando mensaje vía API local del bot...
❌ Error al enviar mensaje vía API local: HTTP 500 findChat: new chat not found 4421@c.us
❌ Error enviando a 50241494421: HTTP 500 findChat: new chat not found 4421@c.us
📡 Enviando mensaje vía API local del bot...
❌ Error al enviar mensaje vía API local: HTTP 500 findChat: new chat not found 7338@c.us
❌ Error enviando a 50253807338: HTTP 500 findChat: new chat not found 7338@c.us
📡 Enviando mensaje vía API local del bot...
❌ Error al enviar mensaje vía API local: HTTP 500 findChat: new chat not found 6300@c.us
❌ Error enviando a 50250166300: HTTP 500 findChat: new chat not found 6300@c.us
📡 Enviando mensaje vía API local del bot...
❌ Error al enviar mensaje vía API local: HTTP 500 findChat: new chat not found 3288@c.us
❌ Error enviando a 50232883288: HTTP 500 findChat: new chat not found 3288@c.us
📡 Enviando mensaje vía API local del bot...
❌ Error al enviar mensaje vía API local: HTTP 500 findChat: new chat not found 1825@c.us
❌ Error enviando a 50230131825: HTTP 500 findChat: new chat not found 1825@c.us
📡 Enviando mensaje vía API local del bot...
❌ Error al enviar mensaje vía API local: HTTP 500 findChat: new chat not found 9749@c.us
❌ Error enviando a 50255449749: HTTP 500 findChat: new chat not found 9749@c.us
⚠️ 50236680850: sin contenido relevante → no se envía mensaje.
📡 Enviando mensaje vía API local del bot...
❌ Error al enviar mensaje vía API local: HTTP 500 findChat: new chat not found 5029@c.us
❌ Error enviando a 50256805029: HTTP 500 findChat: new chat not found 5029@c.us
⚠️ 50259108219: sin contenido relevante → no se envía mensaje.
📡 Enviando mensaje vía API local del bot...
❌ Error al enviar mensaje vía API local: HTTP 500 findChat: new chat not found 2992@c.us
❌ Error enviando a 50257582992: HTTP 500 findChat: new chat not found 2992@c.us
📡 Enviando mensaje vía API local del bot...
❌ Error al enviar mensaje vía API local: HTTP 500 findChat: new chat not found 1047@c.us
❌ Error enviando a 50230281047: HTTP 500 findChat: new chat not found 1047@c.us
📡 Enviando mensaje vía API local del bot...
❌ Error al enviar mensaje vía API local: HTTP 500 findChat: new chat not found 1231@c.us
❌ Error enviando a 50233291231: HTTP 500 findChat: new chat not found 1231@c.us
⚠️ 50250542584: sin contenido relevante → no se envía mensaje.
📡 Enviando mensaje vía API local del bot...
❌ Error al enviar mensaje vía API local: HTTP 500 findChat: new chat not found 2862@c.us
❌ Error enviando a 50230782862: HTTP 500 findChat: new chat not found 2862@c.us
⚠️ 50236076447: sin contenido relevante → no se envía mensaje.
📡 Enviando mensaje vía API local del bot...
❌ Error al enviar mensaje vía API local: HTTP 500 findChat: new chat not found 4284@c.us
❌ Error enviando a 50236764284: HTTP 500 findChat: new chat not found 4284@c.us
📡 Enviando mensaje vía API local del bot...
❌ Error al enviar mensaje vía API local: HTTP 500 findChat: new chat not found 1853@c.us
❌ Error enviando a 50235151853: HTTP 500 findChat: new chat not found 1853@c.us
📡 Enviando mensaje vía API local del bot...
❌ Error al enviar mensaje vía API local: HTTP 500 findChat: new chat not found 2345@c.us
❌ Error enviando a 50230082345: HTTP 500 findChat: new chat not found 2345@c.us
📡 Enviando mensaje vía API local del bot...
❌ Error al enviar mensaje vía API local: HTTP 500 findChat: new chat not found 1188@c.us
❌ Error enviando a 50256371188: HTTP 500 findChat: new chat not found 1188@c.us
📡 Enviando mensaje vía API local del bot...
❌ Error al enviar mensaje vía API local: HTTP 500 findChat: new chat not found 3113@c.us
❌ Error enviando a 50230083113: HTTP 500 findChat: new chat not found 3113@c.us
📡 Enviando mensaje vía API local del bot...
❌ Error al enviar mensaje vía API local: HTTP 500 findChat: new chat not found 6417@c.us
❌ Error enviando a 50255376417: HTTP 500 findChat: new chat not found 6417@c.us
📡 Enviando mensaje vía API local del bot...
❌ Error al enviar mensaje vía API local: HTTP 500 findChat: new chat not found 5235@c.us
❌ Error enviando a 50237655235: HTTP 500 findChat: new chat not found 5235@c.us
📡 Enviando mensaje vía API local del bot...
❌ Error al enviar mensaje vía API local: HTTP 500 findChat: new chat not found 1508@c.us
❌ Error enviando a 50242221508: HTTP 500 findChat: new chat not found 1508@c.us
⚠️ 50246854703: sin contenido relevante → no se envía mensaje.
⚠️ 50256521588: sin contenido relevante → no se envía mensaje.
⚠️ 50687637085: sin contenido relevante → no se envía mensaje.
📡 Enviando mensaje vía API local del bot...
❌ Error al enviar mensaje vía API local: HTTP 500 findChat: new chat not found 6795@c.us
❌ Error enviando a 50240686795: HTTP 500 findChat: new chat not found 6795@c.us
📡 Enviando mensaje vía API local del bot...
❌ Error al enviar mensaje vía API local: HTTP 500 findChat: new chat not found 0287@c.us
❌ Error enviando a 50255130287: HTTP 500 findChat: new chat not found 0287@c.us
📡 Enviando mensaje vía API local del bot...
❌ Error al enviar mensaje vía API local: HTTP 500 findChat: new chat not found 0616@c.us
❌ Error enviando a 50259450616: HTTP 500 findChat: new chat not found 0616@c.us
⚠️ 50255541565: sin contenido relevante → no se envía mensaje.
📡 Enviando mensaje vía API local del bot...
❌ Error al enviar mensaje vía API local: HTTP 500 findChat: new chat not found 9297@c.us
❌ Error enviando a 50258349297: HTTP 500 findChat: new chat not found 9297@c.us
📡 Enviando mensaje vía API local del bot...
❌ Error al enviar mensaje vía API local: HTTP 500 findChat: new chat not found 9331@c.us
❌ Error enviando a 50249529331: HTTP 500 findChat: new chat not found 9331@c.us
⚠️ 50241139319: sin contenido relevante → no se envía mensaje.
📡 Enviando mensaje vía API local del bot...
❌ Error al enviar mensaje vía API local: HTTP 500 findChat: new chat not found 4268@c.us
❌ Error enviando a 50257184268: HTTP 500 findChat: new chat not found 4268@c.us
📡 Enviando mensaje vía API local del bot...
❌ Error al enviar mensaje vía API local: HTTP 500 findChat: new chat not found 0831@c.us
❌ Error enviando a 50242110831: HTTP 500 findChat: new chat not found 0831@c.us
📡 Enviando mensaje vía API local del bot...
❌ Error al enviar mensaje vía API local: HTTP 500 findChat: new chat not found 6473@c.us
❌ Error enviando a 50230086473: HTTP 500 findChat: new chat not found 6473@c.us
📡 Enviando mensaje vía API local del bot...
❌ Error al enviar mensaje vía API local: HTTP 500 findChat: new chat not found 2170@c.us
❌ Error enviando a 50255262170: HTTP 500 findChat: new chat not found 2170@c.us
📡 Enviando mensaje vía API local del bot...
❌ Error al enviar mensaje vía API local: HTTP 500 findChat: new chat not found 8130@c.us
❌ Error enviando a 50258748130: HTTP 500 findChat: new chat not found 8130@c.us
⚠️ 50242968481: sin contenido relevante → no se envía mensaje.
📡 Enviando mensaje vía API local del bot...
❌ Error al enviar mensaje vía API local: HTTP 500 findChat: new chat not found 3665@c.us
❌ Error enviando a 50241143665: HTTP 500 findChat: new chat not found 3665@c.us
📡 Enviando mensaje vía API local del bot...
❌ Error al enviar mensaje vía API local: HTTP 500 findChat: new chat not found 5152@c.us
❌ Error enviando a 50252025152: HTTP 500 findChat: new chat not found 5152@c.us
📡 Enviando mensaje vía API local del bot...
❌ Error al enviar mensaje vía API local: HTTP 500 findChat: new chat not found 8591@c.us
❌ Error enviando a 50240858591: HTTP 500 findChat: new chat not found 8591@c.us
📡 Enviando mensaje vía API local del bot...
❌ Error al enviar mensaje vía API local: HTTP 500 findChat: new chat not found 4879@c.us
❌ Error enviando a 50236134879: HTTP 500 findChat: new chat not found 4879@c.us
📡 Enviando mensaje vía API local del bot...
❌ Error al enviar mensaje vía API local: HTTP 500 findChat: new chat not found 4879@c.us
❌ Error enviando a 50236134879: HTTP 500 findChat: new chat not found 4879@c.us
📡 Enviando mensaje vía API local del bot...
❌ Error al enviar mensaje vía API local: HTTP 500 findChat: new chat not found 3476@c.us
❌ Error enviando a 50258253476: HTTP 500 findChat: new chat not found 3476@c.us
📡 Enviando mensaje vía API local del bot...
❌ Error al enviar mensaje vía API local: HTTP 500 findChat: new chat not found 8294@c.us
❌ Error enviando a 50241288294: HTTP 500 findChat: new chat not found 8294@c.us
📡 Enviando mensaje vía API local del bot...
❌ Error al enviar mensaje vía API local: HTTP 500 findChat: new chat not found 4297@c.us
❌ Error enviando a 50235954297: HTTP 500 findChat: new chat not found 4297@c.us
⚠️ 50230718631: sin contenido relevante → no se envía mensaje.
⚠️ 50254140866: sin contenido relevante → no se envía mensaje.
📡 Enviando mensaje vía API local del bot...
❌ Error al enviar mensaje vía API local: HTTP 500 findChat: new chat not found 5724@c.us
❌ Error enviando a 50247695724: HTTP 500 findChat: new chat not found 5724@c.us
📡 Enviando mensaje vía API local del bot...
❌ Error al enviar mensaje vía API local: HTTP 500 findChat: new chat not found 9247@c.us
⚠️ No se pudo enviar resumen al admin: HTTP 500 findChat: new chat not found 9247@c.us
🟢 Finalizado y DB cerrada.
[dotenv@17.2.3] injecting env (10) from ../.env -- tip: 👥 sync secrets across teammates & machines: https://dotenvx.com/ops
[dotenv@17.2.3] injecting env (0) from .env -- tip: 🗂️ backup and recover secrets: https://dotenvx.com/ops
[dotenv@17.2.3] injecting env (0) from .env -- tip: 🔄 add secrets lifecycle management: https://dotenvx.com/ops
🗓️ Iniciando envío semanal consolidado...

🗂️ Temas esta semana: [ 'duda y comprueba', 'movilidad' ]
📡 Enviando mensaje vía API local del bot...
❌ Error al enviar mensaje vía API local: HTTP 500 findChat: new chat not found 9247@c.us
❌ Error enviando a 50255629247: HTTP 500 findChat: new chat not found 9247@c.us
⚠️ 50254747827: sin contenido → no se envía.
📡 Enviando mensaje vía API local del bot...
❌ Error al enviar mensaje vía API local: HTTP 500 findChat: new chat not found 7902@c.us
❌ Error enviando a 50254827902: HTTP 500 findChat: new chat not found 7902@c.us
📡 Enviando mensaje vía API local del bot...
❌ Error al enviar mensaje vía API local: HTTP 500 findChat: new chat not found 9220@c.us
❌ Error enviando a 50257049220: HTTP 500 findChat: new chat not found 9220@c.us
📡 Enviando mensaje vía API local del bot...
❌ Error al enviar mensaje vía API local: HTTP 500 findChat: new chat not found 0060@c.us
❌ Error enviando a 50230080060: HTTP 500 findChat: new chat not found 0060@c.us
📡 Enviando mensaje vía API local del bot...
❌ Error al enviar mensaje vía API local: HTTP 500 findChat: new chat not found 8363@c.us
❌ Error enviando a 50247858363: HTTP 500 findChat: new chat not found 8363@c.us
⚠️ 50232050537: sin contenido → no se envía.
📡 Enviando mensaje vía API local del bot...
❌ Error al enviar mensaje vía API local: HTTP 500 findChat: new chat not found 0168@c.us
❌ Error enviando a 50253460168: HTTP 500 findChat: new chat not found 0168@c.us
📡 Enviando mensaje vía API local del bot...
❌ Error al enviar mensaje vía API local: HTTP 500 findChat: new chat not found 5423@c.us
❌ Error enviando a 50230465423: HTTP 500 findChat: new chat not found 5423@c.us
📡 Enviando mensaje vía API local del bot...
❌ Error al enviar mensaje vía API local: HTTP 500 findChat: new chat not found 5146@c.us
❌ Error enviando a 50253065146: HTTP 500 findChat: new chat not found 5146@c.us
📡 Enviando mensaje vía API local del bot...
❌ Error al enviar mensaje vía API local: HTTP 500 findChat: new chat not found 4110@c.us
❌ Error enviando a 50255284110: HTTP 500 findChat: new chat not found 4110@c.us
📡 Enviando mensaje vía API local del bot...
❌ Error al enviar mensaje vía API local: HTTP 500 findChat: new chat not found 0055@c.us
❌ Error enviando a 50254210055: HTTP 500 findChat: new chat not found 0055@c.us
📡 Enviando mensaje vía API local del bot...
❌ Error al enviar mensaje vía API local: HTTP 500 findChat: new chat not found 4247@c.us
❌ Error enviando a 50255294247: HTTP 500 findChat: new chat not found 4247@c.us
📡 Enviando mensaje vía API local del bot...
❌ Error al enviar mensaje vía API local: HTTP 500 findChat: new chat not found 0000@c.us
❌ Error enviando a 50237330000: HTTP 500 findChat: new chat not found 0000@c.us
📡 Enviando mensaje vía API local del bot...
❌ Error al enviar mensaje vía API local: HTTP 500 findChat: new chat not found 1953@c.us
❌ Error enviando a 50245491953: HTTP 500 findChat: new chat not found 1953@c.us
📡 Enviando mensaje vía API local del bot...
❌ Error al enviar mensaje vía API local: HTTP 500 findChat: new chat not found 6094@c.us
❌ Error enviando a 50257186094: HTTP 500 findChat: new chat not found 6094@c.us
📡 Enviando mensaje vía API local del bot...
❌ Error al enviar mensaje vía API local: HTTP 500 findChat: new chat not found 1707@c.us
❌ Error enviando a 50257171707: HTTP 500 findChat: new chat not found 1707@c.us
📡 Enviando mensaje vía API local del bot...
❌ Error al enviar mensaje vía API local: HTTP 500 findChat: new chat not found 0326@c.us
❌ Error enviando a 50233610326: HTTP 500 findChat: new chat not found 0326@c.us
📡 Enviando mensaje vía API local del bot...
❌ Error al enviar mensaje vía API local: HTTP 500 findChat: new chat not found 6516@c.us
❌ Error enviando a 50259906516: HTTP 500 findChat: new chat not found 6516@c.us
📡 Enviando mensaje vía API local del bot...
❌ Error al enviar mensaje vía API local: HTTP 500 findChat: new chat not found 0948@c.us
❌ Error enviando a 50250190948: HTTP 500 findChat: new chat not found 0948@c.us
📡 Enviando mensaje vía API local del bot...
❌ Error al enviar mensaje vía API local: HTTP 500 findChat: new chat not found 3749@c.us
❌ Error enviando a 50254263749: HTTP 500 findChat: new chat not found 3749@c.us
📡 Enviando mensaje vía API local del bot...
❌ Error al enviar mensaje vía API local: HTTP 500 findChat: new chat not found 8550@c.us
❌ Error enviando a 50249728550: HTTP 500 findChat: new chat not found 8550@c.us
📡 Enviando mensaje vía API local del bot...
❌ Error al enviar mensaje vía API local: HTTP 500 findChat: new chat not found 5779@c.us
❌ Error enviando a 50235245779: HTTP 500 findChat: new chat not found 5779@c.us
📡 Enviando mensaje vía API local del bot...
❌ Error al enviar mensaje vía API local: HTTP 500 findChat: new chat not found 2572@c.us
❌ Error enviando a 50246532572: HTTP 500 findChat: new chat not found 2572@c.us
📡 Enviando mensaje vía API local del bot...
❌ Error al enviar mensaje vía API local: HTTP 500 findChat: new chat not found 3997@c.us
❌ Error enviando a 50249313997: HTTP 500 findChat: new chat not found 3997@c.us
📡 Enviando mensaje vía API local del bot...
❌ Error al enviar mensaje vía API local: HTTP 500 findChat: new chat not found 5876@c.us
❌ Error enviando a 50247685876: HTTP 500 findChat: new chat not found 5876@c.us
📡 Enviando mensaje vía API local del bot...
❌ Error al enviar mensaje vía API local: HTTP 500 findChat: new chat not found 2841@c.us
❌ Error enviando a 50246032841: HTTP 500 findChat: new chat not found 2841@c.us
📡 Enviando mensaje vía API local del bot...
❌ Error al enviar mensaje vía API local: HTTP 500 findChat: new chat not found 5677@c.us
❌ Error enviando a 50255585677: HTTP 500 findChat: new chat not found 5677@c.us
📡 Enviando mensaje vía API local del bot...
❌ Error al enviar mensaje vía API local: HTTP 500 findChat: new chat not found 6299@c.us
❌ Error enviando a 50253556299: HTTP 500 findChat: new chat not found 6299@c.us
📡 Enviando mensaje vía API local del bot...
❌ Error al enviar mensaje vía API local: HTTP 500 findChat: new chat not found 8098@c.us
❌ Error enviando a 50254608098: HTTP 500 findChat: new chat not found 8098@c.us
📡 Enviando mensaje vía API local del bot...
❌ Error al enviar mensaje vía API local: HTTP 500 findChat: new chat not found 5651@c.us
❌ Error enviando a 50236405651: HTTP 500 findChat: new chat not found 5651@c.us
📡 Enviando mensaje vía API local del bot...
❌ Error al enviar mensaje vía API local: HTTP 500 findChat: new chat not found 1871@c.us
❌ Error enviando a 50258261871: HTTP 500 findChat: new chat not found 1871@c.us
📡 Enviando mensaje vía API local del bot...
❌ Error al enviar mensaje vía API local: HTTP 500 findChat: new chat not found 9024@c.us
❌ Error enviando a 50237829024: HTTP 500 findChat: new chat not found 9024@c.us
📡 Enviando mensaje vía API local del bot...
❌ Error al enviar mensaje vía API local: HTTP 500 findChat: new chat not found 3437@c.us
❌ Error enviando a 50247543437: HTTP 500 findChat: new chat not found 3437@c.us
⚠️ 50240292769: sin contenido → no se envía.
📡 Enviando mensaje vía API local del bot...
❌ Error al enviar mensaje vía API local: HTTP 500 findChat: new chat not found 5269@c.us
❌ Error enviando a 50258955269: HTTP 500 findChat: new chat not found 5269@c.us
📡 Enviando mensaje vía API local del bot...
❌ Error al enviar mensaje vía API local: HTTP 500 findChat: new chat not found 3297@c.us
❌ Error enviando a 50258053297: HTTP 500 findChat: new chat not found 3297@c.us
⚠️ 50255584478: sin contenido → no se envía.
📡 Enviando mensaje vía API local del bot...
❌ Error al enviar mensaje vía API local: HTTP 500 findChat: new chat not found 9697@c.us
❌ Error enviando a 50244819697: HTTP 500 findChat: new chat not found 9697@c.us
📡 Enviando mensaje vía API local del bot...
❌ Error al enviar mensaje vía API local: HTTP 500 findChat: new chat not found 3598@c.us
❌ Error enviando a 50230063598: HTTP 500 findChat: new chat not found 3598@c.us
⚠️ 50253176628: sin contenido → no se envía.
📡 Enviando mensaje vía API local del bot...
❌ Error al enviar mensaje vía API local: HTTP 500 findChat: new chat not found 2912@c.us
❌ Error enviando a 50241262912: HTTP 500 findChat: new chat not found 2912@c.us
📡 Enviando mensaje vía API local del bot...
❌ Error al enviar mensaje vía API local: HTTP 500 findChat: new chat not found 6965@c.us
❌ Error enviando a 50256416965: HTTP 500 findChat: new chat not found 6965@c.us
📡 Enviando mensaje vía API local del bot...
❌ Error al enviar mensaje vía API local: HTTP 500 findChat: new chat not found 6181@c.us
❌ Error enviando a 50247456181: HTTP 500 findChat: new chat not found 6181@c.us
📡 Enviando mensaje vía API local del bot...
❌ Error al enviar mensaje vía API local: HTTP 500 findChat: new chat not found 5600@c.us
❌ Error enviando a 50252715600: HTTP 500 findChat: new chat not found 5600@c.us
📡 Enviando mensaje vía API local del bot...
❌ Error al enviar mensaje vía API local: HTTP 500 findChat: new chat not found 4123@c.us
❌ Error enviando a 50238844123: HTTP 500 findChat: new chat not found 4123@c.us
📡 Enviando mensaje vía API local del bot...
❌ Error al enviar mensaje vía API local: HTTP 500 findChat: new chat not found 6060@c.us
❌ Error enviando a 50252006060: HTTP 500 findChat: new chat not found 6060@c.us
📡 Enviando mensaje vía API local del bot...
❌ Error al enviar mensaje vía API local: HTTP 500 findChat: new chat not found 7797@c.us
❌ Error enviando a 50253127797: HTTP 500 findChat: new chat not found 7797@c.us
📡 Enviando mensaje vía API local del bot...
❌ Error al enviar mensaje vía API local: HTTP 500 findChat: new chat not found 5516@c.us
❌ Error enviando a 50232955516: HTTP 500 findChat: new chat not found 5516@c.us
📡 Enviando mensaje vía API local del bot...
❌ Error al enviar mensaje vía API local: HTTP 500 findChat: new chat not found 1714@c.us
❌ Error enviando a 50240101714: HTTP 500 findChat: new chat not found 1714@c.us
📡 Enviando mensaje vía API local del bot...
❌ Error al enviar mensaje vía API local: HTTP 500 findChat: new chat not found 4421@c.us
❌ Error enviando a 50241494421: HTTP 500 findChat: new chat not found 4421@c.us
📡 Enviando mensaje vía API local del bot...
❌ Error al enviar mensaje vía API local: HTTP 500 findChat: new chat not found 7338@c.us
❌ Error enviando a 50253807338: HTTP 500 findChat: new chat not found 7338@c.us
📡 Enviando mensaje vía API local del bot...
❌ Error al enviar mensaje vía API local: HTTP 500 findChat: new chat not found 6300@c.us
❌ Error enviando a 50250166300: HTTP 500 findChat: new chat not found 6300@c.us
📡 Enviando mensaje vía API local del bot...
❌ Error al enviar mensaje vía API local: HTTP 500 findChat: new chat not found 3288@c.us
❌ Error enviando a 50232883288: HTTP 500 findChat: new chat not found 3288@c.us
📡 Enviando mensaje vía API local del bot...
❌ Error al enviar mensaje vía API local: HTTP 500 findChat: new chat not found 1825@c.us
❌ Error enviando a 50230131825: HTTP 500 findChat: new chat not found 1825@c.us
📡 Enviando mensaje vía API local del bot...
❌ Error al enviar mensaje vía API local: HTTP 500 findChat: new chat not found 9749@c.us
❌ Error enviando a 50255449749: HTTP 500 findChat: new chat not found 9749@c.us
📡 Enviando mensaje vía API local del bot...
❌ Error al enviar mensaje vía API local: HTTP 500 findChat: new chat not found 0850@c.us
❌ Error enviando a 50236680850: HTTP 500 findChat: new chat not found 0850@c.us
📡 Enviando mensaje vía API local del bot...
❌ Error al enviar mensaje vía API local: HTTP 500 findChat: new chat not found 5029@c.us
❌ Error enviando a 50256805029: HTTP 500 findChat: new chat not found 5029@c.us
📡 Enviando mensaje vía API local del bot...
❌ Error al enviar mensaje vía API local: HTTP 500 findChat: new chat not found 8219@c.us
❌ Error enviando a 50259108219: HTTP 500 findChat: new chat not found 8219@c.us
📡 Enviando mensaje vía API local del bot...
❌ Error al enviar mensaje vía API local: HTTP 500 findChat: new chat not found 2992@c.us
❌ Error enviando a 50257582992: HTTP 500 findChat: new chat not found 2992@c.us
📡 Enviando mensaje vía API local del bot...
❌ Error al enviar mensaje vía API local: HTTP 500 findChat: new chat not found 1047@c.us
❌ Error enviando a 50230281047: HTTP 500 findChat: new chat not found 1047@c.us
📡 Enviando mensaje vía API local del bot...
❌ Error al enviar mensaje vía API local: HTTP 500 findChat: new chat not found 1231@c.us
❌ Error enviando a 50233291231: HTTP 500 findChat: new chat not found 1231@c.us
📡 Enviando mensaje vía API local del bot...
❌ Error al enviar mensaje vía API local: HTTP 500 findChat: new chat not found 2584@c.us
❌ Error enviando a 50250542584: HTTP 500 findChat: new chat not found 2584@c.us
📡 Enviando mensaje vía API local del bot...
❌ Error al enviar mensaje vía API local: HTTP 500 findChat: new chat not found 2862@c.us
❌ Error enviando a 50230782862: HTTP 500 findChat: new chat not found 2862@c.us
📡 Enviando mensaje vía API local del bot...
❌ Error al enviar mensaje vía API local: HTTP 500 findChat: new chat not found 6447@c.us
❌ Error enviando a 50236076447: HTTP 500 findChat: new chat not found 6447@c.us
📡 Enviando mensaje vía API local del bot...
❌ Error al enviar mensaje vía API local: HTTP 500 findChat: new chat not found 4284@c.us
❌ Error enviando a 50236764284: HTTP 500 findChat: new chat not found 4284@c.us
📡 Enviando mensaje vía API local del bot...
❌ Error al enviar mensaje vía API local: HTTP 500 findChat: new chat not found 1853@c.us
❌ Error enviando a 50235151853: HTTP 500 findChat: new chat not found 1853@c.us
📡 Enviando mensaje vía API local del bot...
❌ Error al enviar mensaje vía API local: HTTP 500 findChat: new chat not found 2345@c.us
❌ Error enviando a 50230082345: HTTP 500 findChat: new chat not found 2345@c.us
📡 Enviando mensaje vía API local del bot...
❌ Error al enviar mensaje vía API local: HTTP 500 findChat: new chat not found 1188@c.us
❌ Error enviando a 50256371188: HTTP 500 findChat: new chat not found 1188@c.us
📡 Enviando mensaje vía API local del bot...
❌ Error al enviar mensaje vía API local: HTTP 500 findChat: new chat not found 3113@c.us
❌ Error enviando a 50230083113: HTTP 500 findChat: new chat not found 3113@c.us
📡 Enviando mensaje vía API local del bot...
❌ Error al enviar mensaje vía API local: HTTP 500 findChat: new chat not found 6417@c.us
❌ Error enviando a 50255376417: HTTP 500 findChat: new chat not found 6417@c.us
📡 Enviando mensaje vía API local del bot...
❌ Error al enviar mensaje vía API local: HTTP 500 findChat: new chat not found 5235@c.us
❌ Error enviando a 50237655235: HTTP 500 findChat: new chat not found 5235@c.us
📡 Enviando mensaje vía API local del bot...
❌ Error al enviar mensaje vía API local: HTTP 500 findChat: new chat not found 1508@c.us
❌ Error enviando a 50242221508: HTTP 500 findChat: new chat not found 1508@c.us
📡 Enviando mensaje vía API local del bot...
❌ Error al enviar mensaje vía API local: HTTP 500 findChat: new chat not found 4703@c.us
❌ Error enviando a 50246854703: HTTP 500 findChat: new chat not found 4703@c.us
📡 Enviando mensaje vía API local del bot...
❌ Error al enviar mensaje vía API local: HTTP 500 findChat: new chat not found 1588@c.us
❌ Error enviando a 50256521588: HTTP 500 findChat: new chat not found 1588@c.us
📡 Enviando mensaje vía API local del bot...
❌ Error al enviar mensaje vía API local: HTTP 500 findChat: new chat not found 7085@c.us
❌ Error enviando a 50687637085: HTTP 500 findChat: new chat not found 7085@c.us
📡 Enviando mensaje vía API local del bot...
❌ Error al enviar mensaje vía API local: HTTP 500 findChat: new chat not found 6795@c.us
❌ Error enviando a 50240686795: HTTP 500 findChat: new chat not found 6795@c.us
📡 Enviando mensaje vía API local del bot...
❌ Error al enviar mensaje vía API local: HTTP 500 findChat: new chat not found 0287@c.us
❌ Error enviando a 50255130287: HTTP 500 findChat: new chat not found 0287@c.us
📡 Enviando mensaje vía API local del bot...
❌ Error al enviar mensaje vía API local: HTTP 500 findChat: new chat not found 0616@c.us
❌ Error enviando a 50259450616: HTTP 500 findChat: new chat not found 0616@c.us
📡 Enviando mensaje vía API local del bot...
❌ Error al enviar mensaje vía API local: HTTP 500 findChat: new chat not found 1565@c.us
❌ Error enviando a 50255541565: HTTP 500 findChat: new chat not found 1565@c.us
📡 Enviando mensaje vía API local del bot...
❌ Error al enviar mensaje vía API local: HTTP 500 findChat: new chat not found 9297@c.us
❌ Error enviando a 50258349297: HTTP 500 findChat: new chat not found 9297@c.us
📡 Enviando mensaje vía API local del bot...
❌ Error al enviar mensaje vía API local: HTTP 500 findChat: new chat not found 9331@c.us
❌ Error enviando a 50249529331: HTTP 500 findChat: new chat not found 9331@c.us
📡 Enviando mensaje vía API local del bot...
❌ Error al enviar mensaje vía API local: HTTP 500 findChat: new chat not found 9319@c.us
❌ Error enviando a 50241139319: HTTP 500 findChat: new chat not found 9319@c.us
📡 Enviando mensaje vía API local del bot...
❌ Error al enviar mensaje vía API local: HTTP 500 findChat: new chat not found 4268@c.us
❌ Error enviando a 50257184268: HTTP 500 findChat: new chat not found 4268@c.us
📡 Enviando mensaje vía API local del bot...
❌ Error al enviar mensaje vía API local: HTTP 500 findChat: new chat not found 0831@c.us
❌ Error enviando a 50242110831: HTTP 500 findChat: new chat not found 0831@c.us
📡 Enviando mensaje vía API local del bot...
❌ Error al enviar mensaje vía API local: HTTP 500 findChat: new chat not found 6473@c.us
❌ Error enviando a 50230086473: HTTP 500 findChat: new chat not found 6473@c.us
📡 Enviando mensaje vía API local del bot...
❌ Error al enviar mensaje vía API local: HTTP 500 findChat: new chat not found 2170@c.us
❌ Error enviando a 50255262170: HTTP 500 findChat: new chat not found 2170@c.us
📡 Enviando mensaje vía API local del bot...
❌ Error al enviar mensaje vía API local: HTTP 500 findChat: new chat not found 8130@c.us
❌ Error enviando a 50258748130: HTTP 500 findChat: new chat not found 8130@c.us
📡 Enviando mensaje vía API local del bot...
❌ Error al enviar mensaje vía API local: HTTP 500 findChat: new chat not found 8481@c.us
❌ Error enviando a 50242968481: HTTP 500 findChat: new chat not found 8481@c.us
📡 Enviando mensaje vía API local del bot...
❌ Error al enviar mensaje vía API local: HTTP 500 findChat: new chat not found 3665@c.us
❌ Error enviando a 50241143665: HTTP 500 findChat: new chat not found 3665@c.us
📡 Enviando mensaje vía API local del bot...
❌ Error al enviar mensaje vía API local: HTTP 500 findChat: new chat not found 5152@c.us
❌ Error enviando a 50252025152: HTTP 500 findChat: new chat not found 5152@c.us
📡 Enviando mensaje vía API local del bot...
❌ Error al enviar mensaje vía API local: HTTP 500 findChat: new chat not found 8591@c.us
❌ Error enviando a 50240858591: HTTP 500 findChat: new chat not found 8591@c.us
📡 Enviando mensaje vía API local del bot...
❌ Error al enviar mensaje vía API local: HTTP 500 findChat: new chat not found 4879@c.us
❌ Error enviando a 50236134879: HTTP 500 findChat: new chat not found 4879@c.us
📡 Enviando mensaje vía API local del bot...
❌ Error al enviar mensaje vía API local: HTTP 500 findChat: new chat not found 4879@c.us
❌ Error enviando a 50236134879: HTTP 500 findChat: new chat not found 4879@c.us
📡 Enviando mensaje vía API local del bot...
❌ Error al enviar mensaje vía API local: HTTP 500 findChat: new chat not found 3476@c.us
❌ Error enviando a 50258253476: HTTP 500 findChat: new chat not found 3476@c.us
📡 Enviando mensaje vía API local del bot...
❌ Error al enviar mensaje vía API local: HTTP 500 findChat: new chat not found 8294@c.us
❌ Error enviando a 50241288294: HTTP 500 findChat: new chat not found 8294@c.us
📡 Enviando mensaje vía API local del bot...
❌ Error al enviar mensaje vía API local: HTTP 500 findChat: new chat not found 4297@c.us
❌ Error enviando a 50235954297: HTTP 500 findChat: new chat not found 4297@c.us
📡 Enviando mensaje vía API local del bot...
❌ Error al enviar mensaje vía API local: HTTP 500 findChat: new chat not found 8631@c.us
❌ Error enviando a 50230718631: HTTP 500 findChat: new chat not found 8631@c.us
📡 Enviando mensaje vía API local del bot...
❌ Error al enviar mensaje vía API local: HTTP 500 findChat: new chat not found 0866@c.us
❌ Error enviando a 50254140866: HTTP 500 findChat: new chat not found 0866@c.us
📡 Enviando mensaje vía API local del bot...
❌ Error al enviar mensaje vía API local: HTTP 500 findChat: new chat not found 5724@c.us
❌ Error enviando a 50247695724: HTTP 500 findChat: new chat not found 5724@c.us
📡 Enviando mensaje vía API local del bot...
❌ Error al enviar mensaje vía API local: HTTP 500 findChat: new chat not found 9247@c.us
⚠️ No se pudo enviar resumen al admin: HTTP 500 findChat: new chat not found 9247@c.us

🟢 Finalizado.
[dotenv@17.2.3] injecting env (10) from ../.env -- tip: 🛠️  run anywhere with `dotenvx run -- yourcommand`
[dotenv@17.2.3] injecting env (0) from .env -- tip: 🔄 add secrets lifecycle management: https://dotenvx.com/ops
[dotenv@17.2.3] injecting env (0) from ../.env -- tip: 🔐 prevent committing .env to code: https://dotenvx.com/precommit
[dotenv@17.2.3] injecting env (0) from .env -- tip: ⚙️  specify custom .env file path with { path: '/custom/path/.env' }
🕓 Iniciando envío automático de noticias diarias...

🗂️ Departamentos con notas hoy: [
  'Concejos municipales',
  'Guatemala',
  'Portada',
  'Huehuetenango',
  'Noticias',
  'Quetzaltenango',
  'Sololá'
]
📊 OjoAlDato cargado: {
  fecha: '23/2/2026',
  departamento: 'Quetzaltenango',
  texto: 'El Palmar, Quetzaltenango, compró una computadora Dell Pro Slim Intel Core I5 para la Dirección Municipal de Planificación por Q7 mil 978. El proveedor fue Mauricio Ferdinad Morales Reyes.'
}
👥 Suscriptores activos: 101
⚠️ 50432745042: sin contenido relevante → no se envía mensaje.
📡 Enviando mensaje vía API local del bot...
❌ Error al enviar mensaje vía API local: HTTP 500 findChat: new chat not found 9247@c.us
❌ Error enviando a 50255629247: HTTP 500 findChat: new chat not found 9247@c.us
⚠️ 50254747827: sin contenido relevante → no se envía mensaje.
⚠️ 50254827902: sin contenido relevante → no se envía mensaje.
📡 Enviando mensaje vía API local del bot...
❌ Error al enviar mensaje vía API local: HTTP 500 findChat: new chat not found 9220@c.us
❌ Error enviando a 50257049220: HTTP 500 findChat: new chat not found 9220@c.us
⚠️ 50230080060: sin contenido relevante → no se envía mensaje.
⚠️ 50247858363: sin contenido relevante → no se envía mensaje.
📡 Enviando mensaje vía API local del bot...
❌ Error al enviar mensaje vía API local: HTTP 500 findChat: new chat not found 0537@c.us
❌ Error enviando a 50232050537: HTTP 500 findChat: new chat not found 0537@c.us
📡 Enviando mensaje vía API local del bot...
❌ Error al enviar mensaje vía API local: HTTP 500 findChat: new chat not found 0168@c.us
❌ Error enviando a 50253460168: HTTP 500 findChat: new chat not found 0168@c.us
⚠️ 50230465423: sin contenido relevante → no se envía mensaje.
⚠️ 50253065146: sin contenido relevante → no se envía mensaje.
📡 Enviando mensaje vía API local del bot...
❌ Error al enviar mensaje vía API local: HTTP 500 findChat: new chat not found 4110@c.us
❌ Error enviando a 50255284110: HTTP 500 findChat: new chat not found 4110@c.us
⚠️ 50254210055: sin contenido relevante → no se envía mensaje.
⚠️ 50255294247: sin contenido relevante → no se envía mensaje.
📡 Enviando mensaje vía API local del bot...
❌ Error al enviar mensaje vía API local: HTTP 500 findChat: new chat not found 0000@c.us
❌ Error enviando a 50237330000: HTTP 500 findChat: new chat not found 0000@c.us
📡 Enviando mensaje vía API local del bot...
❌ Error al enviar mensaje vía API local: HTTP 500 findChat: new chat not found 1953@c.us
❌ Error enviando a 50245491953: HTTP 500 findChat: new chat not found 1953@c.us
📡 Enviando mensaje vía API local del bot...
❌ Error al enviar mensaje vía API local: HTTP 500 findChat: new chat not found 6094@c.us
❌ Error enviando a 50257186094: HTTP 500 findChat: new chat not found 6094@c.us
📡 Enviando mensaje vía API local del bot...
❌ Error al enviar mensaje vía API local: HTTP 500 findChat: new chat not found 1707@c.us
❌ Error enviando a 50257171707: HTTP 500 findChat: new chat not found 1707@c.us
📡 Enviando mensaje vía API local del bot...
❌ Error al enviar mensaje vía API local: HTTP 500 findChat: new chat not found 0326@c.us
❌ Error enviando a 50233610326: HTTP 500 findChat: new chat not found 0326@c.us
📡 Enviando mensaje vía API local del bot...
❌ Error al enviar mensaje vía API local: HTTP 500 findChat: new chat not found 6516@c.us
❌ Error enviando a 50259906516: HTTP 500 findChat: new chat not found 6516@c.us
📡 Enviando mensaje vía API local del bot...
❌ Error al enviar mensaje vía API local: HTTP 500 findChat: new chat not found 0948@c.us
❌ Error enviando a 50250190948: HTTP 500 findChat: new chat not found 0948@c.us
📡 Enviando mensaje vía API local del bot...
❌ Error al enviar mensaje vía API local: HTTP 500 findChat: new chat not found 3749@c.us
❌ Error enviando a 50254263749: HTTP 500 findChat: new chat not found 3749@c.us
📡 Enviando mensaje vía API local del bot...
❌ Error al enviar mensaje vía API local: HTTP 500 findChat: new chat not found 8550@c.us
❌ Error enviando a 50249728550: HTTP 500 findChat: new chat not found 8550@c.us
📡 Enviando mensaje vía API local del bot...
❌ Error al enviar mensaje vía API local: HTTP 500 findChat: new chat not found 5779@c.us
❌ Error enviando a 50235245779: HTTP 500 findChat: new chat not found 5779@c.us
📡 Enviando mensaje vía API local del bot...
❌ Error al enviar mensaje vía API local: HTTP 500 findChat: new chat not found 2572@c.us
❌ Error enviando a 50246532572: HTTP 500 findChat: new chat not found 2572@c.us
📡 Enviando mensaje vía API local del bot...
❌ Error al enviar mensaje vía API local: HTTP 500 findChat: new chat not found 3997@c.us
❌ Error enviando a 50249313997: HTTP 500 findChat: new chat not found 3997@c.us
📡 Enviando mensaje vía API local del bot...
❌ Error al enviar mensaje vía API local: HTTP 500 findChat: new chat not found 5876@c.us
❌ Error enviando a 50247685876: HTTP 500 findChat: new chat not found 5876@c.us
⚠️ 50246032841: sin contenido relevante → no se envía mensaje.
📡 Enviando mensaje vía API local del bot...
❌ Error al enviar mensaje vía API local: HTTP 500 findChat: new chat not found 5677@c.us
❌ Error enviando a 50255585677: HTTP 500 findChat: new chat not found 5677@c.us
⚠️ 50253556299: sin contenido relevante → no se envía mensaje.
📡 Enviando mensaje vía API local del bot...
❌ Error al enviar mensaje vía API local: HTTP 500 findChat: new chat not found 8098@c.us
❌ Error enviando a 50254608098: HTTP 500 findChat: new chat not found 8098@c.us
📡 Enviando mensaje vía API local del bot...
❌ Error al enviar mensaje vía API local: HTTP 500 findChat: new chat not found 5651@c.us
❌ Error enviando a 50236405651: HTTP 500 findChat: new chat not found 5651@c.us
⚠️ 50258261871: sin contenido relevante → no se envía mensaje.
⚠️ 50237829024: sin contenido relevante → no se envía mensaje.
📡 Enviando mensaje vía API local del bot...
❌ Error al enviar mensaje vía API local: HTTP 500 findChat: new chat not found 3437@c.us
❌ Error enviando a 50247543437: HTTP 500 findChat: new chat not found 3437@c.us
📡 Enviando mensaje vía API local del bot...
❌ Error al enviar mensaje vía API local: HTTP 500 findChat: new chat not found 2769@c.us
❌ Error enviando a 50240292769: HTTP 500 findChat: new chat not found 2769@c.us
⚠️ 50258955269: sin contenido relevante → no se envía mensaje.
⚠️ 50258053297: sin contenido relevante → no se envía mensaje.
📡 Enviando mensaje vía API local del bot...
❌ Error al enviar mensaje vía API local: HTTP 500 findChat: new chat not found 4478@c.us
❌ Error enviando a 50255584478: HTTP 500 findChat: new chat not found 4478@c.us
⚠️ 50244819697: sin contenido relevante → no se envía mensaje.
⚠️ 50230063598: sin contenido relevante → no se envía mensaje.
📡 Enviando mensaje vía API local del bot...
❌ Error al enviar mensaje vía API local: HTTP 500 findChat: new chat not found 6628@c.us
❌ Error enviando a 50253176628: HTTP 500 findChat: new chat not found 6628@c.us
📡 Enviando mensaje vía API local del bot...
❌ Error al enviar mensaje vía API local: HTTP 500 findChat: new chat not found 2912@c.us
❌ Error enviando a 50241262912: HTTP 500 findChat: new chat not found 2912@c.us
📡 Enviando mensaje vía API local del bot...
❌ Error al enviar mensaje vía API local: HTTP 500 findChat: new chat not found 6965@c.us
❌ Error enviando a 50256416965: HTTP 500 findChat: new chat not found 6965@c.us
📡 Enviando mensaje vía API local del bot...
❌ Error al enviar mensaje vía API local: HTTP 500 findChat: new chat not found 6181@c.us
❌ Error enviando a 50247456181: HTTP 500 findChat: new chat not found 6181@c.us
📡 Enviando mensaje vía API local del bot...
❌ Error al enviar mensaje vía API local: HTTP 500 findChat: new chat not found 5600@c.us
❌ Error enviando a 50252715600: HTTP 500 findChat: new chat not found 5600@c.us
📡 Enviando mensaje vía API local del bot...
❌ Error al enviar mensaje vía API local: HTTP 500 findChat: new chat not found 4123@c.us
❌ Error enviando a 50238844123: HTTP 500 findChat: new chat not found 4123@c.us
📡 Enviando mensaje vía API local del bot...
❌ Error al enviar mensaje vía API local: HTTP 500 findChat: new chat not found 6060@c.us
❌ Error enviando a 50252006060: HTTP 500 findChat: new chat not found 6060@c.us
📡 Enviando mensaje vía API local del bot...
❌ Error al enviar mensaje vía API local: HTTP 500 findChat: new chat not found 7797@c.us
❌ Error enviando a 50253127797: HTTP 500 findChat: new chat not found 7797@c.us
📡 Enviando mensaje vía API local del bot...
❌ Error al enviar mensaje vía API local: HTTP 500 findChat: new chat not found 5516@c.us
❌ Error enviando a 50232955516: HTTP 500 findChat: new chat not found 5516@c.us
📡 Enviando mensaje vía API local del bot...
❌ Error al enviar mensaje vía API local: HTTP 500 findChat: new chat not found 1714@c.us
❌ Error enviando a 50240101714: HTTP 500 findChat: new chat not found 1714@c.us
📡 Enviando mensaje vía API local del bot...
❌ Error al enviar mensaje vía API local: HTTP 500 findChat: new chat not found 4421@c.us
❌ Error enviando a 50241494421: HTTP 500 findChat: new chat not found 4421@c.us
📡 Enviando mensaje vía API local del bot...
❌ Error al enviar mensaje vía API local: HTTP 500 findChat: new chat not found 7338@c.us
❌ Error enviando a 50253807338: HTTP 500 findChat: new chat not found 7338@c.us
📡 Enviando mensaje vía API local del bot...
❌ Error al enviar mensaje vía API local: HTTP 500 findChat: new chat not found 6300@c.us
❌ Error enviando a 50250166300: HTTP 500 findChat: new chat not found 6300@c.us
📡 Enviando mensaje vía API local del bot...
❌ Error al enviar mensaje vía API local: HTTP 500 findChat: new chat not found 3288@c.us
❌ Error enviando a 50232883288: HTTP 500 findChat: new chat not found 3288@c.us
📡 Enviando mensaje vía API local del bot...
❌ Error al enviar mensaje vía API local: HTTP 500 findChat: new chat not found 1825@c.us
❌ Error enviando a 50230131825: HTTP 500 findChat: new chat not found 1825@c.us
📡 Enviando mensaje vía API local del bot...
❌ Error al enviar mensaje vía API local: HTTP 500 findChat: new chat not found 9749@c.us
❌ Error enviando a 50255449749: HTTP 500 findChat: new chat not found 9749@c.us
⚠️ 50236680850: sin contenido relevante → no se envía mensaje.
📡 Enviando mensaje vía API local del bot...
❌ Error al enviar mensaje vía API local: HTTP 500 findChat: new chat not found 5029@c.us
❌ Error enviando a 50256805029: HTTP 500 findChat: new chat not found 5029@c.us
⚠️ 50259108219: sin contenido relevante → no se envía mensaje.
📡 Enviando mensaje vía API local del bot...
❌ Error al enviar mensaje vía API local: HTTP 500 findChat: new chat not found 2992@c.us
❌ Error enviando a 50257582992: HTTP 500 findChat: new chat not found 2992@c.us
📡 Enviando mensaje vía API local del bot...
❌ Error al enviar mensaje vía API local: HTTP 500 findChat: new chat not found 1047@c.us
❌ Error enviando a 50230281047: HTTP 500 findChat: new chat not found 1047@c.us
📡 Enviando mensaje vía API local del bot...
❌ Error al enviar mensaje vía API local: HTTP 500 findChat: new chat not found 1231@c.us
❌ Error enviando a 50233291231: HTTP 500 findChat: new chat not found 1231@c.us
⚠️ 50250542584: sin contenido relevante → no se envía mensaje.
📡 Enviando mensaje vía API local del bot...
❌ Error al enviar mensaje vía API local: HTTP 500 findChat: new chat not found 2862@c.us
❌ Error enviando a 50230782862: HTTP 500 findChat: new chat not found 2862@c.us
⚠️ 50236076447: sin contenido relevante → no se envía mensaje.
📡 Enviando mensaje vía API local del bot...
❌ Error al enviar mensaje vía API local: HTTP 500 findChat: new chat not found 4284@c.us
❌ Error enviando a 50236764284: HTTP 500 findChat: new chat not found 4284@c.us
📡 Enviando mensaje vía API local del bot...
❌ Error al enviar mensaje vía API local: HTTP 500 findChat: new chat not found 1853@c.us
❌ Error enviando a 50235151853: HTTP 500 findChat: new chat not found 1853@c.us
📡 Enviando mensaje vía API local del bot...
❌ Error al enviar mensaje vía API local: HTTP 500 findChat: new chat not found 2345@c.us
❌ Error enviando a 50230082345: HTTP 500 findChat: new chat not found 2345@c.us
📡 Enviando mensaje vía API local del bot...
❌ Error al enviar mensaje vía API local: HTTP 500 findChat: new chat not found 1188@c.us
❌ Error enviando a 50256371188: HTTP 500 findChat: new chat not found 1188@c.us
📡 Enviando mensaje vía API local del bot...
❌ Error al enviar mensaje vía API local: HTTP 500 findChat: new chat not found 3113@c.us
❌ Error enviando a 50230083113: HTTP 500 findChat: new chat not found 3113@c.us
📡 Enviando mensaje vía API local del bot...
❌ Error al enviar mensaje vía API local: HTTP 500 findChat: new chat not found 6417@c.us
❌ Error enviando a 50255376417: HTTP 500 findChat: new chat not found 6417@c.us
📡 Enviando mensaje vía API local del bot...
❌ Error al enviar mensaje vía API local: HTTP 500 findChat: new chat not found 5235@c.us
❌ Error enviando a 50237655235: HTTP 500 findChat: new chat not found 5235@c.us
📡 Enviando mensaje vía API local del bot...
❌ Error al enviar mensaje vía API local: HTTP 500 findChat: new chat not found 1508@c.us
❌ Error enviando a 50242221508: HTTP 500 findChat: new chat not found 1508@c.us
⚠️ 50246854703: sin contenido relevante → no se envía mensaje.
⚠️ 50256521588: sin contenido relevante → no se envía mensaje.
⚠️ 50687637085: sin contenido relevante → no se envía mensaje.
📡 Enviando mensaje vía API local del bot...
❌ Error al enviar mensaje vía API local: HTTP 500 findChat: new chat not found 6795@c.us
❌ Error enviando a 50240686795: HTTP 500 findChat: new chat not found 6795@c.us
📡 Enviando mensaje vía API local del bot...
❌ Error al enviar mensaje vía API local: HTTP 500 findChat: new chat not found 0287@c.us
❌ Error enviando a 50255130287: HTTP 500 findChat: new chat not found 0287@c.us
📡 Enviando mensaje vía API local del bot...
❌ Error al enviar mensaje vía API local: HTTP 500 findChat: new chat not found 0616@c.us
❌ Error enviando a 50259450616: HTTP 500 findChat: new chat not found 0616@c.us
⚠️ 50255541565: sin contenido relevante → no se envía mensaje.
📡 Enviando mensaje vía API local del bot...
❌ Error al enviar mensaje vía API local: HTTP 500 findChat: new chat not found 9297@c.us
❌ Error enviando a 50258349297: HTTP 500 findChat: new chat not found 9297@c.us
📡 Enviando mensaje vía API local del bot...
❌ Error al enviar mensaje vía API local: HTTP 500 findChat: new chat not found 9331@c.us
❌ Error enviando a 50249529331: HTTP 500 findChat: new chat not found 9331@c.us
⚠️ 50241139319: sin contenido relevante → no se envía mensaje.
📡 Enviando mensaje vía API local del bot...
❌ Error al enviar mensaje vía API local: HTTP 500 findChat: new chat not found 4268@c.us
❌ Error enviando a 50257184268: HTTP 500 findChat: new chat not found 4268@c.us
📡 Enviando mensaje vía API local del bot...
❌ Error al enviar mensaje vía API local: HTTP 500 findChat: new chat not found 0831@c.us
❌ Error enviando a 50242110831: HTTP 500 findChat: new chat not found 0831@c.us
📡 Enviando mensaje vía API local del bot...
❌ Error al enviar mensaje vía API local: HTTP 500 findChat: new chat not found 6473@c.us
❌ Error enviando a 50230086473: HTTP 500 findChat: new chat not found 6473@c.us
📡 Enviando mensaje vía API local del bot...
❌ Error al enviar mensaje vía API local: HTTP 500 findChat: new chat not found 2170@c.us
❌ Error enviando a 50255262170: HTTP 500 findChat: new chat not found 2170@c.us
📡 Enviando mensaje vía API local del bot...
❌ Error al enviar mensaje vía API local: HTTP 500 findChat: new chat not found 8130@c.us
❌ Error enviando a 50258748130: HTTP 500 findChat: new chat not found 8130@c.us
📡 Enviando mensaje vía API local del bot...
❌ Error al enviar mensaje vía API local: HTTP 500 findChat: new chat not found 8481@c.us
❌ Error enviando a 50242968481: HTTP 500 findChat: new chat not found 8481@c.us
📡 Enviando mensaje vía API local del bot...
❌ Error al enviar mensaje vía API local: HTTP 500 findChat: new chat not found 3665@c.us
❌ Error enviando a 50241143665: HTTP 500 findChat: new chat not found 3665@c.us
📡 Enviando mensaje vía API local del bot...
❌ Error al enviar mensaje vía API local: HTTP 500 findChat: new chat not found 5152@c.us
❌ Error enviando a 50252025152: HTTP 500 findChat: new chat not found 5152@c.us
📡 Enviando mensaje vía API local del bot...
❌ Error al enviar mensaje vía API local: HTTP 500 findChat: new chat not found 8591@c.us
❌ Error enviando a 50240858591: HTTP 500 findChat: new chat not found 8591@c.us
📡 Enviando mensaje vía API local del bot...
❌ Error al enviar mensaje vía API local: HTTP 500 findChat: new chat not found 4879@c.us
❌ Error enviando a 50236134879: HTTP 500 findChat: new chat not found 4879@c.us
📡 Enviando mensaje vía API local del bot...
❌ Error al enviar mensaje vía API local: HTTP 500 findChat: new chat not found 4879@c.us
❌ Error enviando a 50236134879: HTTP 500 findChat: new chat not found 4879@c.us
📡 Enviando mensaje vía API local del bot...
❌ Error al enviar mensaje vía API local: HTTP 500 findChat: new chat not found 3476@c.us
❌ Error enviando a 50258253476: HTTP 500 findChat: new chat not found 3476@c.us
📡 Enviando mensaje vía API local del bot...
❌ Error al enviar mensaje vía API local: HTTP 500 findChat: new chat not found 8294@c.us
❌ Error enviando a 50241288294: HTTP 500 findChat: new chat not found 8294@c.us
📡 Enviando mensaje vía API local del bot...
❌ Error al enviar mensaje vía API local: HTTP 500 findChat: new chat not found 4297@c.us
❌ Error enviando a 50235954297: HTTP 500 findChat: new chat not found 4297@c.us
⚠️ 50230718631: sin contenido relevante → no se envía mensaje.
⚠️ 50254140866: sin contenido relevante → no se envía mensaje.
📡 Enviando mensaje vía API local del bot...
❌ Error al enviar mensaje vía API local: HTTP 500 findChat: new chat not found 5724@c.us
❌ Error enviando a 50247695724: HTTP 500 findChat: new chat not found 5724@c.us
📡 Enviando mensaje vía API local del bot...
❌ Error al enviar mensaje vía API local: HTTP 500 findChat: new chat not found 9247@c.us
⚠️ No se pudo enviar resumen al admin: HTTP 500 findChat: new chat not found 9247@c.us
🟢 Finalizado y DB cerrada.
[dotenv@17.2.3] injecting env (10) from ../.env -- tip: ⚙️  specify custom .env file path with { path: '/custom/path/.env' }
[dotenv@17.2.3] injecting env (0) from .env -- tip: 🔐 prevent building .env in docker: https://dotenvx.com/prebuild
[dotenv@17.2.3] injecting env (0) from ../.env -- tip: ⚙️  load multiple .env files with { path: ['.env.local', '.env'] }
[dotenv@17.2.3] injecting env (0) from .env -- tip: ⚙️  override existing env vars with { override: true }
🕓 Iniciando envío automático de noticias diarias...

🗂️ Departamentos con notas hoy: [ 'Noticias', 'Portada', 'Quetzaltenango', 'Guatemala', 'Podcast' ]
📊 OjoAlDato cargado: {
  fecha: '24/2/2026',
  departamento: 'Retalhuleu',
  texto: 'Retalhuleu adjudicó el arrendamiento de camiones para extracción de desechos sólidos en el municipio para el año 2026. La ganadora del concurso fue Ana María Bonilla Vásquez con una oferta de Q618 mil 792.'
}
👥 Suscriptores activos: 101
⚠️ 50432745042: sin contenido relevante → no se envía mensaje.
📡 Enviando mensaje vía API local del bot...
❌ Error al enviar mensaje vía API local: HTTP 500 findChat: new chat not found 9247@c.us
❌ Error enviando a 50255629247: HTTP 500 findChat: new chat not found 9247@c.us
📡 Enviando mensaje vía API local del bot...
❌ Error al enviar mensaje vía API local: HTTP 500 findChat: new chat not found 7827@c.us
❌ Error enviando a 50254747827: HTTP 500 findChat: new chat not found 7827@c.us
⚠️ 50254827902: sin contenido relevante → no se envía mensaje.
📡 Enviando mensaje vía API local del bot...
❌ Error al enviar mensaje vía API local: HTTP 500 findChat: new chat not found 9220@c.us
❌ Error enviando a 50257049220: HTTP 500 findChat: new chat not found 9220@c.us
⚠️ 50230080060: sin contenido relevante → no se envía mensaje.
⚠️ 50247858363: sin contenido relevante → no se envía mensaje.
📡 Enviando mensaje vía API local del bot...
❌ Error al enviar mensaje vía API local: HTTP 500 findChat: new chat not found 0537@c.us
❌ Error enviando a 50232050537: HTTP 500 findChat: new chat not found 0537@c.us
📡 Enviando mensaje vía API local del bot...
❌ Error al enviar mensaje vía API local: HTTP 500 findChat: new chat not found 0168@c.us
❌ Error enviando a 50253460168: HTTP 500 findChat: new chat not found 0168@c.us
⚠️ 50230465423: sin contenido relevante → no se envía mensaje.
⚠️ 50253065146: sin contenido relevante → no se envía mensaje.
📡 Enviando mensaje vía API local del bot...
❌ Error al enviar mensaje vía API local: HTTP 500 findChat: new chat not found 4110@c.us
❌ Error enviando a 50255284110: HTTP 500 findChat: new chat not found 4110@c.us
⚠️ 50254210055: sin contenido relevante → no se envía mensaje.
⚠️ 50255294247: sin contenido relevante → no se envía mensaje.
📡 Enviando mensaje vía API local del bot...
❌ Error al enviar mensaje vía API local: HTTP 500 findChat: new chat not found 0000@c.us
❌ Error enviando a 50237330000: HTTP 500 findChat: new chat not found 0000@c.us
📡 Enviando mensaje vía API local del bot...
❌ Error al enviar mensaje vía API local: HTTP 500 findChat: new chat not found 1953@c.us
❌ Error enviando a 50245491953: HTTP 500 findChat: new chat not found 1953@c.us
📡 Enviando mensaje vía API local del bot...
❌ Error al enviar mensaje vía API local: HTTP 500 findChat: new chat not found 6094@c.us
❌ Error enviando a 50257186094: HTTP 500 findChat: new chat not found 6094@c.us
📡 Enviando mensaje vía API local del bot...
❌ Error al enviar mensaje vía API local: HTTP 500 findChat: new chat not found 1707@c.us
❌ Error enviando a 50257171707: HTTP 500 findChat: new chat not found 1707@c.us
📡 Enviando mensaje vía API local del bot...
❌ Error al enviar mensaje vía API local: HTTP 500 findChat: new chat not found 0326@c.us
❌ Error enviando a 50233610326: HTTP 500 findChat: new chat not found 0326@c.us
📡 Enviando mensaje vía API local del bot...
❌ Error al enviar mensaje vía API local: HTTP 500 findChat: new chat not found 6516@c.us
❌ Error enviando a 50259906516: HTTP 500 findChat: new chat not found 6516@c.us
📡 Enviando mensaje vía API local del bot...
❌ Error al enviar mensaje vía API local: HTTP 500 findChat: new chat not found 0948@c.us
❌ Error enviando a 50250190948: HTTP 500 findChat: new chat not found 0948@c.us
📡 Enviando mensaje vía API local del bot...
❌ Error al enviar mensaje vía API local: HTTP 500 findChat: new chat not found 3749@c.us
❌ Error enviando a 50254263749: HTTP 500 findChat: new chat not found 3749@c.us
📡 Enviando mensaje vía API local del bot...
❌ Error al enviar mensaje vía API local: HTTP 500 findChat: new chat not found 8550@c.us
❌ Error enviando a 50249728550: HTTP 500 findChat: new chat not found 8550@c.us
📡 Enviando mensaje vía API local del bot...
❌ Error al enviar mensaje vía API local: HTTP 500 findChat: new chat not found 5779@c.us
❌ Error enviando a 50235245779: HTTP 500 findChat: new chat not found 5779@c.us
📡 Enviando mensaje vía API local del bot...
❌ Error al enviar mensaje vía API local: HTTP 500 findChat: new chat not found 2572@c.us
❌ Error enviando a 50246532572: HTTP 500 findChat: new chat not found 2572@c.us
⚠️ 50249313997: sin contenido relevante → no se envía mensaje.
📡 Enviando mensaje vía API local del bot...
❌ Error al enviar mensaje vía API local: HTTP 500 findChat: new chat not found 5876@c.us
❌ Error enviando a 50247685876: HTTP 500 findChat: new chat not found 5876@c.us
⚠️ 50246032841: sin contenido relevante → no se envía mensaje.
📡 Enviando mensaje vía API local del bot...
❌ Error al enviar mensaje vía API local: HTTP 500 findChat: new chat not found 5677@c.us
❌ Error enviando a 50255585677: HTTP 500 findChat: new chat not found 5677@c.us
⚠️ 50253556299: sin contenido relevante → no se envía mensaje.
📡 Enviando mensaje vía API local del bot...
❌ Error al enviar mensaje vía API local: HTTP 500 findChat: new chat not found 8098@c.us
❌ Error enviando a 50254608098: HTTP 500 findChat: new chat not found 8098@c.us
📡 Enviando mensaje vía API local del bot...
❌ Error al enviar mensaje vía API local: HTTP 500 findChat: new chat not found 5651@c.us
❌ Error enviando a 50236405651: HTTP 500 findChat: new chat not found 5651@c.us
⚠️ 50258261871: sin contenido relevante → no se envía mensaje.
⚠️ 50237829024: sin contenido relevante → no se envía mensaje.
📡 Enviando mensaje vía API local del bot...
❌ Error al enviar mensaje vía API local: HTTP 500 findChat: new chat not found 3437@c.us
❌ Error enviando a 50247543437: HTTP 500 findChat: new chat not found 3437@c.us
📡 Enviando mensaje vía API local del bot...
❌ Error al enviar mensaje vía API local: HTTP 500 findChat: new chat not found 2769@c.us
❌ Error enviando a 50240292769: HTTP 500 findChat: new chat not found 2769@c.us
⚠️ 50258955269: sin contenido relevante → no se envía mensaje.
⚠️ 50258053297: sin contenido relevante → no se envía mensaje.
⚠️ 50255584478: sin contenido relevante → no se envía mensaje.
⚠️ 50244819697: sin contenido relevante → no se envía mensaje.
⚠️ 50230063598: sin contenido relevante → no se envía mensaje.
📡 Enviando mensaje vía API local del bot...
❌ Error al enviar mensaje vía API local: HTTP 500 findChat: new chat not found 6628@c.us
❌ Error enviando a 50253176628: HTTP 500 findChat: new chat not found 6628@c.us
📡 Enviando mensaje vía API local del bot...
❌ Error al enviar mensaje vía API local: HTTP 500 findChat: new chat not found 2912@c.us
❌ Error enviando a 50241262912: HTTP 500 findChat: new chat not found 2912@c.us
📡 Enviando mensaje vía API local del bot...
❌ Error al enviar mensaje vía API local: HTTP 500 findChat: new chat not found 6965@c.us
❌ Error enviando a 50256416965: HTTP 500 findChat: new chat not found 6965@c.us
📡 Enviando mensaje vía API local del bot...
❌ Error al enviar mensaje vía API local: HTTP 500 findChat: new chat not found 6181@c.us
❌ Error enviando a 50247456181: HTTP 500 findChat: new chat not found 6181@c.us
📡 Enviando mensaje vía API local del bot...
❌ Error al enviar mensaje vía API local: HTTP 500 findChat: new chat not found 5600@c.us
❌ Error enviando a 50252715600: HTTP 500 findChat: new chat not found 5600@c.us
📡 Enviando mensaje vía API local del bot...
❌ Error al enviar mensaje vía API local: HTTP 500 findChat: new chat not found 4123@c.us
❌ Error enviando a 50238844123: HTTP 500 findChat: new chat not found 4123@c.us
📡 Enviando mensaje vía API local del bot...
❌ Error al enviar mensaje vía API local: HTTP 500 findChat: new chat not found 6060@c.us
❌ Error enviando a 50252006060: HTTP 500 findChat: new chat not found 6060@c.us
📡 Enviando mensaje vía API local del bot...
❌ Error al enviar mensaje vía API local: HTTP 500 findChat: new chat not found 7797@c.us
❌ Error enviando a 50253127797: HTTP 500 findChat: new chat not found 7797@c.us
📡 Enviando mensaje vía API local del bot...
❌ Error al enviar mensaje vía API local: HTTP 500 findChat: new chat not found 5516@c.us
❌ Error enviando a 50232955516: HTTP 500 findChat: new chat not found 5516@c.us
⚠️ 50240101714: sin contenido relevante → no se envía mensaje.
📡 Enviando mensaje vía API local del bot...
❌ Error al enviar mensaje vía API local: HTTP 500 findChat: new chat not found 4421@c.us
❌ Error enviando a 50241494421: HTTP 500 findChat: new chat not found 4421@c.us
📡 Enviando mensaje vía API local del bot...
❌ Error al enviar mensaje vía API local: HTTP 500 findChat: new chat not found 7338@c.us
❌ Error enviando a 50253807338: HTTP 500 findChat: new chat not found 7338@c.us
📡 Enviando mensaje vía API local del bot...
❌ Error al enviar mensaje vía API local: HTTP 500 findChat: new chat not found 6300@c.us
❌ Error enviando a 50250166300: HTTP 500 findChat: new chat not found 6300@c.us
📡 Enviando mensaje vía API local del bot...
❌ Error al enviar mensaje vía API local: HTTP 500 findChat: new chat not found 3288@c.us
❌ Error enviando a 50232883288: HTTP 500 findChat: new chat not found 3288@c.us
📡 Enviando mensaje vía API local del bot...
❌ Error al enviar mensaje vía API local: HTTP 500 findChat: new chat not found 1825@c.us
❌ Error enviando a 50230131825: HTTP 500 findChat: new chat not found 1825@c.us
📡 Enviando mensaje vía API local del bot...
❌ Error al enviar mensaje vía API local: HTTP 500 findChat: new chat not found 9749@c.us
❌ Error enviando a 50255449749: HTTP 500 findChat: new chat not found 9749@c.us
⚠️ 50236680850: sin contenido relevante → no se envía mensaje.
📡 Enviando mensaje vía API local del bot...
❌ Error al enviar mensaje vía API local: HTTP 500 findChat: new chat not found 5029@c.us
❌ Error enviando a 50256805029: HTTP 500 findChat: new chat not found 5029@c.us
⚠️ 50259108219: sin contenido relevante → no se envía mensaje.
📡 Enviando mensaje vía API local del bot...
❌ Error al enviar mensaje vía API local: HTTP 500 findChat: new chat not found 2992@c.us
❌ Error enviando a 50257582992: HTTP 500 findChat: new chat not found 2992@c.us
📡 Enviando mensaje vía API local del bot...
❌ Error al enviar mensaje vía API local: HTTP 500 findChat: new chat not found 1047@c.us
❌ Error enviando a 50230281047: HTTP 500 findChat: new chat not found 1047@c.us
📡 Enviando mensaje vía API local del bot...
❌ Error al enviar mensaje vía API local: HTTP 500 findChat: new chat not found 1231@c.us
❌ Error enviando a 50233291231: HTTP 500 findChat: new chat not found 1231@c.us
📡 Enviando mensaje vía API local del bot...
❌ Error al enviar mensaje vía API local: HTTP 500 findChat: new chat not found 2584@c.us
❌ Error enviando a 50250542584: HTTP 500 findChat: new chat not found 2584@c.us
📡 Enviando mensaje vía API local del bot...
❌ Error al enviar mensaje vía API local: HTTP 500 findChat: new chat not found 2862@c.us
❌ Error enviando a 50230782862: HTTP 500 findChat: new chat not found 2862@c.us
⚠️ 50236076447: sin contenido relevante → no se envía mensaje.
📡 Enviando mensaje vía API local del bot...
❌ Error al enviar mensaje vía API local: HTTP 500 findChat: new chat not found 4284@c.us
❌ Error enviando a 50236764284: HTTP 500 findChat: new chat not found 4284@c.us
📡 Enviando mensaje vía API local del bot...
❌ Error al enviar mensaje vía API local: HTTP 500 findChat: new chat not found 1853@c.us
❌ Error enviando a 50235151853: HTTP 500 findChat: new chat not found 1853@c.us
📡 Enviando mensaje vía API local del bot...
❌ Error al enviar mensaje vía API local: HTTP 500 findChat: new chat not found 2345@c.us
❌ Error enviando a 50230082345: HTTP 500 findChat: new chat not found 2345@c.us
📡 Enviando mensaje vía API local del bot...
❌ Error al enviar mensaje vía API local: HTTP 500 findChat: new chat not found 1188@c.us
❌ Error enviando a 50256371188: HTTP 500 findChat: new chat not found 1188@c.us
📡 Enviando mensaje vía API local del bot...
❌ Error al enviar mensaje vía API local: HTTP 500 findChat: new chat not found 3113@c.us
❌ Error enviando a 50230083113: HTTP 500 findChat: new chat not found 3113@c.us
📡 Enviando mensaje vía API local del bot...
❌ Error al enviar mensaje vía API local: HTTP 500 findChat: new chat not found 6417@c.us
❌ Error enviando a 50255376417: HTTP 500 findChat: new chat not found 6417@c.us
📡 Enviando mensaje vía API local del bot...
❌ Error al enviar mensaje vía API local: HTTP 500 findChat: new chat not found 5235@c.us
❌ Error enviando a 50237655235: HTTP 500 findChat: new chat not found 5235@c.us
📡 Enviando mensaje vía API local del bot...
❌ Error al enviar mensaje vía API local: HTTP 500 findChat: new chat not found 1508@c.us
❌ Error enviando a 50242221508: HTTP 500 findChat: new chat not found 1508@c.us
⚠️ 50246854703: sin contenido relevante → no se envía mensaje.
⚠️ 50256521588: sin contenido relevante → no se envía mensaje.
⚠️ 50687637085: sin contenido relevante → no se envía mensaje.
📡 Enviando mensaje vía API local del bot...
❌ Error al enviar mensaje vía API local: HTTP 500 findChat: new chat not found 6795@c.us
❌ Error enviando a 50240686795: HTTP 500 findChat: new chat not found 6795@c.us
📡 Enviando mensaje vía API local del bot...
❌ Error al enviar mensaje vía API local: HTTP 500 findChat: new chat not found 0287@c.us
❌ Error enviando a 50255130287: HTTP 500 findChat: new chat not found 0287@c.us
📡 Enviando mensaje vía API local del bot...
❌ Error al enviar mensaje vía API local: HTTP 500 findChat: new chat not found 0616@c.us
❌ Error enviando a 50259450616: HTTP 500 findChat: new chat not found 0616@c.us
⚠️ 50255541565: sin contenido relevante → no se envía mensaje.
📡 Enviando mensaje vía API local del bot...
❌ Error al enviar mensaje vía API local: HTTP 500 findChat: new chat not found 9297@c.us
❌ Error enviando a 50258349297: HTTP 500 findChat: new chat not found 9297@c.us
📡 Enviando mensaje vía API local del bot...
❌ Error al enviar mensaje vía API local: HTTP 500 findChat: new chat not found 9331@c.us
❌ Error enviando a 50249529331: HTTP 500 findChat: new chat not found 9331@c.us
⚠️ 50241139319: sin contenido relevante → no se envía mensaje.
📡 Enviando mensaje vía API local del bot...
❌ Error al enviar mensaje vía API local: HTTP 500 findChat: new chat not found 4268@c.us
❌ Error enviando a 50257184268: HTTP 500 findChat: new chat not found 4268@c.us
📡 Enviando mensaje vía API local del bot...
❌ Error al enviar mensaje vía API local: HTTP 500 findChat: new chat not found 0831@c.us
❌ Error enviando a 50242110831: HTTP 500 findChat: new chat not found 0831@c.us
📡 Enviando mensaje vía API local del bot...
❌ Error al enviar mensaje vía API local: HTTP 500 findChat: new chat not found 6473@c.us
❌ Error enviando a 50230086473: HTTP 500 findChat: new chat not found 6473@c.us
📡 Enviando mensaje vía API local del bot...
❌ Error al enviar mensaje vía API local: HTTP 500 findChat: new chat not found 2170@c.us
❌ Error enviando a 50255262170: HTTP 500 findChat: new chat not found 2170@c.us
📡 Enviando mensaje vía API local del bot...
❌ Error al enviar mensaje vía API local: HTTP 500 findChat: new chat not found 8130@c.us
❌ Error enviando a 50258748130: HTTP 500 findChat: new chat not found 8130@c.us
⚠️ 50242968481: sin contenido relevante → no se envía mensaje.
📡 Enviando mensaje vía API local del bot...
❌ Error al enviar mensaje vía API local: HTTP 500 findChat: new chat not found 3665@c.us
❌ Error enviando a 50241143665: HTTP 500 findChat: new chat not found 3665@c.us
📡 Enviando mensaje vía API local del bot...
❌ Error al enviar mensaje vía API local: HTTP 500 findChat: new chat not found 5152@c.us
❌ Error enviando a 50252025152: HTTP 500 findChat: new chat not found 5152@c.us
📡 Enviando mensaje vía API local del bot...
❌ Error al enviar mensaje vía API local: HTTP 500 findChat: new chat not found 8591@c.us
❌ Error enviando a 50240858591: HTTP 500 findChat: new chat not found 8591@c.us
📡 Enviando mensaje vía API local del bot...
❌ Error al enviar mensaje vía API local: HTTP 500 findChat: new chat not found 4879@c.us
❌ Error enviando a 50236134879: HTTP 500 findChat: new chat not found 4879@c.us
📡 Enviando mensaje vía API local del bot...
❌ Error al enviar mensaje vía API local: HTTP 500 findChat: new chat not found 4879@c.us
❌ Error enviando a 50236134879: HTTP 500 findChat: new chat not found 4879@c.us
📡 Enviando mensaje vía API local del bot...
❌ Error al enviar mensaje vía API local: HTTP 500 findChat: new chat not found 3476@c.us
❌ Error enviando a 50258253476: HTTP 500 findChat: new chat not found 3476@c.us
📡 Enviando mensaje vía API local del bot...
❌ Error al enviar mensaje vía API local: HTTP 500 findChat: new chat not found 8294@c.us
❌ Error enviando a 50241288294: HTTP 500 findChat: new chat not found 8294@c.us
📡 Enviando mensaje vía API local del bot...
❌ Error al enviar mensaje vía API local: HTTP 500 findChat: new chat not found 4297@c.us
❌ Error enviando a 50235954297: HTTP 500 findChat: new chat not found 4297@c.us
⚠️ 50230718631: sin contenido relevante → no se envía mensaje.
⚠️ 50254140866: sin contenido relevante → no se envía mensaje.
📡 Enviando mensaje vía API local del bot...
❌ Error al enviar mensaje vía API local: HTTP 500 findChat: new chat not found 5724@c.us
❌ Error enviando a 50247695724: HTTP 500 findChat: new chat not found 5724@c.us
📡 Enviando mensaje vía API local del bot...
❌ Error al enviar mensaje vía API local: HTTP 500 findChat: new chat not found 9247@c.us
⚠️ No se pudo enviar resumen al admin: HTTP 500 findChat: new chat not found 9247@c.us
🟢 Finalizado y DB cerrada.
[dotenv@17.2.3] injecting env (10) from ../.env -- tip: 🔑 add access controls to secrets: https://dotenvx.com/ops
[dotenv@17.2.3] injecting env (0) from .env -- tip: ✅ audit secrets and track compliance: https://dotenvx.com/ops
[dotenv@17.2.3] injecting env (0) from ../.env -- tip: 🗂️ backup and recover secrets: https://dotenvx.com/ops
[dotenv@17.2.3] injecting env (0) from .env -- tip: 📡 add observability to secrets: https://dotenvx.com/ops
🕓 Iniciando envío automático de noticias diarias...

🗂️ Departamentos con notas hoy: [
  'Noticias',
  'Portada',
  'Ambiente',
  'Consejos de Desarrollo',
  'Escuintla',
  'Guatemala',
  'Quetzaltenango'
]
📊 OjoAlDato cargado: {
  fecha: '25/2/2026',
  departamento: 'Sacatepéquez',
  texto: 'Alotenango, Sacatepéquez, adjudicó la construcción de un sistema de tratamiento de aguas residuales en El Porvenir. La oferta ganadora la presentó José Guillermo Aldana Paiz por Q2 millones 999 mil 850.'
}
👥 Suscriptores activos: 101
⚠️ 50432745042: sin contenido relevante → no se envía mensaje.
📡 Enviando mensaje vía API local del bot...
❌ Error al enviar mensaje vía API local: HTTP 500 findChat: new chat not found 9247@c.us
❌ Error enviando a 50255629247: HTTP 500 findChat: new chat not found 9247@c.us
⚠️ 50254747827: sin contenido relevante → no se envía mensaje.
⚠️ 50254827902: sin contenido relevante → no se envía mensaje.
📡 Enviando mensaje vía API local del bot...
❌ Error al enviar mensaje vía API local: HTTP 500 findChat: new chat not found 9220@c.us
❌ Error enviando a 50257049220: HTTP 500 findChat: new chat not found 9220@c.us
⚠️ 50230080060: sin contenido relevante → no se envía mensaje.
📡 Enviando mensaje vía API local del bot...
❌ Error al enviar mensaje vía API local: HTTP 500 findChat: new chat not found 8363@c.us
❌ Error enviando a 50247858363: HTTP 500 findChat: new chat not found 8363@c.us
📡 Enviando mensaje vía API local del bot...
❌ Error al enviar mensaje vía API local: HTTP 500 findChat: new chat not found 0537@c.us
❌ Error enviando a 50232050537: HTTP 500 findChat: new chat not found 0537@c.us
📡 Enviando mensaje vía API local del bot...
❌ Error al enviar mensaje vía API local: HTTP 500 findChat: new chat not found 0168@c.us
❌ Error enviando a 50253460168: HTTP 500 findChat: new chat not found 0168@c.us
⚠️ 50230465423: sin contenido relevante → no se envía mensaje.
⚠️ 50253065146: sin contenido relevante → no se envía mensaje.
📡 Enviando mensaje vía API local del bot...
❌ Error al enviar mensaje vía API local: HTTP 500 findChat: new chat not found 4110@c.us
❌ Error enviando a 50255284110: HTTP 500 findChat: new chat not found 4110@c.us
⚠️ 50254210055: sin contenido relevante → no se envía mensaje.
⚠️ 50255294247: sin contenido relevante → no se envía mensaje.
📡 Enviando mensaje vía API local del bot...
❌ Error al enviar mensaje vía API local: HTTP 500 findChat: new chat not found 0000@c.us
❌ Error enviando a 50237330000: HTTP 500 findChat: new chat not found 0000@c.us
📡 Enviando mensaje vía API local del bot...
❌ Error al enviar mensaje vía API local: HTTP 500 findChat: new chat not found 1953@c.us
❌ Error enviando a 50245491953: HTTP 500 findChat: new chat not found 1953@c.us
📡 Enviando mensaje vía API local del bot...
❌ Error al enviar mensaje vía API local: HTTP 500 findChat: new chat not found 6094@c.us
❌ Error enviando a 50257186094: HTTP 500 findChat: new chat not found 6094@c.us
📡 Enviando mensaje vía API local del bot...
❌ Error al enviar mensaje vía API local: HTTP 500 findChat: new chat not found 1707@c.us
❌ Error enviando a 50257171707: HTTP 500 findChat: new chat not found 1707@c.us
📡 Enviando mensaje vía API local del bot...
❌ Error al enviar mensaje vía API local: HTTP 500 findChat: new chat not found 0326@c.us
❌ Error enviando a 50233610326: HTTP 500 findChat: new chat not found 0326@c.us
📡 Enviando mensaje vía API local del bot...
❌ Error al enviar mensaje vía API local: HTTP 500 findChat: new chat not found 6516@c.us
❌ Error enviando a 50259906516: HTTP 500 findChat: new chat not found 6516@c.us
📡 Enviando mensaje vía API local del bot...
❌ Error al enviar mensaje vía API local: HTTP 500 findChat: new chat not found 0948@c.us
❌ Error enviando a 50250190948: HTTP 500 findChat: new chat not found 0948@c.us
📡 Enviando mensaje vía API local del bot...
❌ Error al enviar mensaje vía API local: HTTP 500 findChat: new chat not found 3749@c.us
❌ Error enviando a 50254263749: HTTP 500 findChat: new chat not found 3749@c.us
📡 Enviando mensaje vía API local del bot...
❌ Error al enviar mensaje vía API local: HTTP 500 findChat: new chat not found 8550@c.us
❌ Error enviando a 50249728550: HTTP 500 findChat: new chat not found 8550@c.us
📡 Enviando mensaje vía API local del bot...
❌ Error al enviar mensaje vía API local: HTTP 500 findChat: new chat not found 5779@c.us
❌ Error enviando a 50235245779: HTTP 500 findChat: new chat not found 5779@c.us
📡 Enviando mensaje vía API local del bot...
❌ Error al enviar mensaje vía API local: HTTP 500 findChat: new chat not found 2572@c.us
❌ Error enviando a 50246532572: HTTP 500 findChat: new chat not found 2572@c.us
⚠️ 50249313997: sin contenido relevante → no se envía mensaje.
📡 Enviando mensaje vía API local del bot...
❌ Error al enviar mensaje vía API local: HTTP 500 findChat: new chat not found 5876@c.us
❌ Error enviando a 50247685876: HTTP 500 findChat: new chat not found 5876@c.us
📡 Enviando mensaje vía API local del bot...
❌ Error al enviar mensaje vía API local: HTTP 500 findChat: new chat not found 2841@c.us
❌ Error enviando a 50246032841: HTTP 500 findChat: new chat not found 2841@c.us
📡 Enviando mensaje vía API local del bot...
❌ Error al enviar mensaje vía API local: HTTP 500 findChat: new chat not found 5677@c.us
❌ Error enviando a 50255585677: HTTP 500 findChat: new chat not found 5677@c.us
⚠️ 50253556299: sin contenido relevante → no se envía mensaje.
📡 Enviando mensaje vía API local del bot...
❌ Error al enviar mensaje vía API local: HTTP 500 findChat: new chat not found 8098@c.us
❌ Error enviando a 50254608098: HTTP 500 findChat: new chat not found 8098@c.us
📡 Enviando mensaje vía API local del bot...
❌ Error al enviar mensaje vía API local: HTTP 500 findChat: new chat not found 5651@c.us
❌ Error enviando a 50236405651: HTTP 500 findChat: new chat not found 5651@c.us
⚠️ 50258261871: sin contenido relevante → no se envía mensaje.
⚠️ 50237829024: sin contenido relevante → no se envía mensaje.
📡 Enviando mensaje vía API local del bot...
❌ Error al enviar mensaje vía API local: HTTP 500 findChat: new chat not found 3437@c.us
❌ Error enviando a 50247543437: HTTP 500 findChat: new chat not found 3437@c.us
📡 Enviando mensaje vía API local del bot...
❌ Error al enviar mensaje vía API local: HTTP 500 findChat: new chat not found 2769@c.us
❌ Error enviando a 50240292769: HTTP 500 findChat: new chat not found 2769@c.us
⚠️ 50258955269: sin contenido relevante → no se envía mensaje.
⚠️ 50258053297: sin contenido relevante → no se envía mensaje.
⚠️ 50255584478: sin contenido relevante → no se envía mensaje.
⚠️ 50244819697: sin contenido relevante → no se envía mensaje.
⚠️ 50230063598: sin contenido relevante → no se envía mensaje.
📡 Enviando mensaje vía API local del bot...
❌ Error al enviar mensaje vía API local: HTTP 500 findChat: new chat not found 6628@c.us
❌ Error enviando a 50253176628: HTTP 500 findChat: new chat not found 6628@c.us
📡 Enviando mensaje vía API local del bot...
❌ Error al enviar mensaje vía API local: HTTP 500 findChat: new chat not found 2912@c.us
❌ Error enviando a 50241262912: HTTP 500 findChat: new chat not found 2912@c.us
📡 Enviando mensaje vía API local del bot...
❌ Error al enviar mensaje vía API local: HTTP 500 findChat: new chat not found 6965@c.us
❌ Error enviando a 50256416965: HTTP 500 findChat: new chat not found 6965@c.us
📡 Enviando mensaje vía API local del bot...
❌ Error al enviar mensaje vía API local: HTTP 500 findChat: new chat not found 6181@c.us
❌ Error enviando a 50247456181: HTTP 500 findChat: new chat not found 6181@c.us
📡 Enviando mensaje vía API local del bot...
❌ Error al enviar mensaje vía API local: HTTP 500 findChat: new chat not found 5600@c.us
❌ Error enviando a 50252715600: HTTP 500 findChat: new chat not found 5600@c.us
📡 Enviando mensaje vía API local del bot...
❌ Error al enviar mensaje vía API local: HTTP 500 findChat: new chat not found 4123@c.us
❌ Error enviando a 50238844123: HTTP 500 findChat: new chat not found 4123@c.us
📡 Enviando mensaje vía API local del bot...
❌ Error al enviar mensaje vía API local: HTTP 500 findChat: new chat not found 6060@c.us
❌ Error enviando a 50252006060: HTTP 500 findChat: new chat not found 6060@c.us
📡 Enviando mensaje vía API local del bot...
❌ Error al enviar mensaje vía API local: HTTP 500 findChat: new chat not found 7797@c.us
❌ Error enviando a 50253127797: HTTP 500 findChat: new chat not found 7797@c.us
📡 Enviando mensaje vía API local del bot...
❌ Error al enviar mensaje vía API local: HTTP 500 findChat: new chat not found 5516@c.us
❌ Error enviando a 50232955516: HTTP 500 findChat: new chat not found 5516@c.us
⚠️ 50240101714: sin contenido relevante → no se envía mensaje.
📡 Enviando mensaje vía API local del bot...
❌ Error al enviar mensaje vía API local: HTTP 500 findChat: new chat not found 4421@c.us
❌ Error enviando a 50241494421: HTTP 500 findChat: new chat not found 4421@c.us
📡 Enviando mensaje vía API local del bot...
❌ Error al enviar mensaje vía API local: HTTP 500 findChat: new chat not found 7338@c.us
❌ Error enviando a 50253807338: HTTP 500 findChat: new chat not found 7338@c.us
📡 Enviando mensaje vía API local del bot...
❌ Error al enviar mensaje vía API local: HTTP 500 findChat: new chat not found 6300@c.us
❌ Error enviando a 50250166300: HTTP 500 findChat: new chat not found 6300@c.us
📡 Enviando mensaje vía API local del bot...
❌ Error al enviar mensaje vía API local: HTTP 500 findChat: new chat not found 3288@c.us
❌ Error enviando a 50232883288: HTTP 500 findChat: new chat not found 3288@c.us
📡 Enviando mensaje vía API local del bot...
❌ Error al enviar mensaje vía API local: HTTP 500 findChat: new chat not found 1825@c.us
❌ Error enviando a 50230131825: HTTP 500 findChat: new chat not found 1825@c.us
📡 Enviando mensaje vía API local del bot...
❌ Error al enviar mensaje vía API local: HTTP 500 findChat: new chat not found 9749@c.us
❌ Error enviando a 50255449749: HTTP 500 findChat: new chat not found 9749@c.us
📡 Enviando mensaje vía API local del bot...
❌ Error al enviar mensaje vía API local: HTTP 500 findChat: new chat not found 0850@c.us
❌ Error enviando a 50236680850: HTTP 500 findChat: new chat not found 0850@c.us
📡 Enviando mensaje vía API local del bot...
❌ Error al enviar mensaje vía API local: HTTP 500 findChat: new chat not found 5029@c.us
❌ Error enviando a 50256805029: HTTP 500 findChat: new chat not found 5029@c.us
⚠️ 50259108219: sin contenido relevante → no se envía mensaje.
📡 Enviando mensaje vía API local del bot...
❌ Error al enviar mensaje vía API local: HTTP 500 findChat: new chat not found 2992@c.us
❌ Error enviando a 50257582992: HTTP 500 findChat: new chat not found 2992@c.us
📡 Enviando mensaje vía API local del bot...
❌ Error al enviar mensaje vía API local: HTTP 500 findChat: new chat not found 1047@c.us
❌ Error enviando a 50230281047: HTTP 500 findChat: new chat not found 1047@c.us
📡 Enviando mensaje vía API local del bot...
❌ Error al enviar mensaje vía API local: HTTP 500 findChat: new chat not found 1231@c.us
❌ Error enviando a 50233291231: HTTP 500 findChat: new chat not found 1231@c.us
⚠️ 50250542584: sin contenido relevante → no se envía mensaje.
📡 Enviando mensaje vía API local del bot...
❌ Error al enviar mensaje vía API local: HTTP 500 findChat: new chat not found 2862@c.us
❌ Error enviando a 50230782862: HTTP 500 findChat: new chat not found 2862@c.us
⚠️ 50236076447: sin contenido relevante → no se envía mensaje.
📡 Enviando mensaje vía API local del bot...
❌ Error al enviar mensaje vía API local: HTTP 500 findChat: new chat not found 4284@c.us
❌ Error enviando a 50236764284: HTTP 500 findChat: new chat not found 4284@c.us
📡 Enviando mensaje vía API local del bot...
❌ Error al enviar mensaje vía API local: HTTP 500 findChat: new chat not found 1853@c.us
❌ Error enviando a 50235151853: HTTP 500 findChat: new chat not found 1853@c.us
📡 Enviando mensaje vía API local del bot...
❌ Error al enviar mensaje vía API local: HTTP 500 findChat: new chat not found 2345@c.us
❌ Error enviando a 50230082345: HTTP 500 findChat: new chat not found 2345@c.us
📡 Enviando mensaje vía API local del bot...
❌ Error al enviar mensaje vía API local: HTTP 500 findChat: new chat not found 1188@c.us
❌ Error enviando a 50256371188: HTTP 500 findChat: new chat not found 1188@c.us
📡 Enviando mensaje vía API local del bot...
❌ Error al enviar mensaje vía API local: HTTP 500 findChat: new chat not found 3113@c.us
❌ Error enviando a 50230083113: HTTP 500 findChat: new chat not found 3113@c.us
📡 Enviando mensaje vía API local del bot...
❌ Error al enviar mensaje vía API local: HTTP 500 findChat: new chat not found 6417@c.us
❌ Error enviando a 50255376417: HTTP 500 findChat: new chat not found 6417@c.us
📡 Enviando mensaje vía API local del bot...
❌ Error al enviar mensaje vía API local: HTTP 500 findChat: new chat not found 5235@c.us
❌ Error enviando a 50237655235: HTTP 500 findChat: new chat not found 5235@c.us
📡 Enviando mensaje vía API local del bot...
❌ Error al enviar mensaje vía API local: HTTP 500 findChat: new chat not found 1508@c.us
❌ Error enviando a 50242221508: HTTP 500 findChat: new chat not found 1508@c.us
📡 Enviando mensaje vía API local del bot...
❌ Error al enviar mensaje vía API local: HTTP 500 findChat: new chat not found 4703@c.us
❌ Error enviando a 50246854703: HTTP 500 findChat: new chat not found 4703@c.us
⚠️ 50256521588: sin contenido relevante → no se envía mensaje.
⚠️ 50687637085: sin contenido relevante → no se envía mensaje.
📡 Enviando mensaje vía API local del bot...
❌ Error al enviar mensaje vía API local: HTTP 500 findChat: new chat not found 6795@c.us
❌ Error enviando a 50240686795: HTTP 500 findChat: new chat not found 6795@c.us
📡 Enviando mensaje vía API local del bot...
❌ Error al enviar mensaje vía API local: HTTP 500 findChat: new chat not found 0287@c.us
❌ Error enviando a 50255130287: HTTP 500 findChat: new chat not found 0287@c.us
📡 Enviando mensaje vía API local del bot...
❌ Error al enviar mensaje vía API local: HTTP 500 findChat: new chat not found 0616@c.us
❌ Error enviando a 50259450616: HTTP 500 findChat: new chat not found 0616@c.us
📡 Enviando mensaje vía API local del bot...
❌ Error al enviar mensaje vía API local: HTTP 500 findChat: new chat not found 1565@c.us
❌ Error enviando a 50255541565: HTTP 500 findChat: new chat not found 1565@c.us
📡 Enviando mensaje vía API local del bot...
❌ Error al enviar mensaje vía API local: HTTP 500 findChat: new chat not found 9297@c.us
❌ Error enviando a 50258349297: HTTP 500 findChat: new chat not found 9297@c.us
📡 Enviando mensaje vía API local del bot...
❌ Error al enviar mensaje vía API local: HTTP 500 findChat: new chat not found 9331@c.us
❌ Error enviando a 50249529331: HTTP 500 findChat: new chat not found 9331@c.us
⚠️ 50241139319: sin contenido relevante → no se envía mensaje.
📡 Enviando mensaje vía API local del bot...
❌ Error al enviar mensaje vía API local: HTTP 500 findChat: new chat not found 4268@c.us
❌ Error enviando a 50257184268: HTTP 500 findChat: new chat not found 4268@c.us
📡 Enviando mensaje vía API local del bot...
❌ Error al enviar mensaje vía API local: HTTP 500 findChat: new chat not found 0831@c.us
❌ Error enviando a 50242110831: HTTP 500 findChat: new chat not found 0831@c.us
📡 Enviando mensaje vía API local del bot...
❌ Error al enviar mensaje vía API local: HTTP 500 findChat: new chat not found 6473@c.us
❌ Error enviando a 50230086473: HTTP 500 findChat: new chat not found 6473@c.us
📡 Enviando mensaje vía API local del bot...
❌ Error al enviar mensaje vía API local: HTTP 500 findChat: new chat not found 2170@c.us
❌ Error enviando a 50255262170: HTTP 500 findChat: new chat not found 2170@c.us
📡 Enviando mensaje vía API local del bot...
❌ Error al enviar mensaje vía API local: HTTP 500 findChat: new chat not found 8130@c.us
❌ Error enviando a 50258748130: HTTP 500 findChat: new chat not found 8130@c.us
⚠️ 50242968481: sin contenido relevante → no se envía mensaje.
📡 Enviando mensaje vía API local del bot...
❌ Error al enviar mensaje vía API local: HTTP 500 findChat: new chat not found 3665@c.us
❌ Error enviando a 50241143665: HTTP 500 findChat: new chat not found 3665@c.us
📡 Enviando mensaje vía API local del bot...
❌ Error al enviar mensaje vía API local: HTTP 500 findChat: new chat not found 5152@c.us
❌ Error enviando a 50252025152: HTTP 500 findChat: new chat not found 5152@c.us
📡 Enviando mensaje vía API local del bot...
❌ Error al enviar mensaje vía API local: HTTP 500 findChat: new chat not found 8591@c.us
❌ Error enviando a 50240858591: HTTP 500 findChat: new chat not found 8591@c.us
📡 Enviando mensaje vía API local del bot...
❌ Error al enviar mensaje vía API local: HTTP 500 findChat: new chat not found 4879@c.us
❌ Error enviando a 50236134879: HTTP 500 findChat: new chat not found 4879@c.us
📡 Enviando mensaje vía API local del bot...
❌ Error al enviar mensaje vía API local: HTTP 500 findChat: new chat not found 4879@c.us
❌ Error enviando a 50236134879: HTTP 500 findChat: new chat not found 4879@c.us
📡 Enviando mensaje vía API local del bot...
❌ Error al enviar mensaje vía API local: HTTP 500 findChat: new chat not found 3476@c.us
❌ Error enviando a 50258253476: HTTP 500 findChat: new chat not found 3476@c.us
📡 Enviando mensaje vía API local del bot...
❌ Error al enviar mensaje vía API local: HTTP 500 findChat: new chat not found 8294@c.us
❌ Error enviando a 50241288294: HTTP 500 findChat: new chat not found 8294@c.us
📡 Enviando mensaje vía API local del bot...
❌ Error al enviar mensaje vía API local: HTTP 500 findChat: new chat not found 4297@c.us
❌ Error enviando a 50235954297: HTTP 500 findChat: new chat not found 4297@c.us
⚠️ 50230718631: sin contenido relevante → no se envía mensaje.
⚠️ 50254140866: sin contenido relevante → no se envía mensaje.
📡 Enviando mensaje vía API local del bot...
❌ Error al enviar mensaje vía API local: HTTP 500 findChat: new chat not found 5724@c.us
❌ Error enviando a 50247695724: HTTP 500 findChat: new chat not found 5724@c.us
📡 Enviando mensaje vía API local del bot...
❌ Error al enviar mensaje vía API local: HTTP 500 findChat: new chat not found 9247@c.us
⚠️ No se pudo enviar resumen al admin: HTTP 500 findChat: new chat not found 9247@c.us
🟢 Finalizado y DB cerrada.
[dotenv@17.2.3] injecting env (10) from ../.env -- tip: ⚙️  suppress all logs with { quiet: true }
[dotenv@17.2.3] injecting env (0) from .env -- tip: 👥 sync secrets across teammates & machines: https://dotenvx.com/ops
[dotenv@17.2.3] injecting env (0) from ../.env -- tip: 🔐 encrypt with Dotenvx: https://dotenvx.com
[dotenv@17.2.3] injecting env (0) from .env -- tip: 🗂️ backup and recover secrets: https://dotenvx.com/ops
🕓 Iniciando envío automático de noticias diarias...

🗂️ Departamentos con notas hoy: [ 'Huehuetenango', 'Noticias', 'Portada', 'Guatemala' ]
📊 OjoAlDato cargado: {
  fecha: '26/2/2026',
  departamento: 'Suchitepéquez',
  texto: 'San Pablo Jocopilas, Suchitepéquez, pagó Q20 mil por decoraciones de escenario para la coronación de reina infantil en su feria. El proveedor fue José David Orellana Zetino.'
}
👥 Suscriptores activos: 101
⚠️ 50432745042: sin contenido relevante → no se envía mensaje.
📡 Enviando mensaje vía API local del bot...
❌ Error al enviar mensaje vía API local: HTTP 500 findChat: new chat not found 9247@c.us
❌ Error enviando a 50255629247: HTTP 500 findChat: new chat not found 9247@c.us
📡 Enviando mensaje vía API local del bot...
❌ Error al enviar mensaje vía API local: HTTP 500 findChat: new chat not found 7827@c.us
❌ Error enviando a 50254747827: HTTP 500 findChat: new chat not found 7827@c.us
⚠️ 50254827902: sin contenido relevante → no se envía mensaje.
📡 Enviando mensaje vía API local del bot...
❌ Error al enviar mensaje vía API local: HTTP 500 findChat: new chat not found 9220@c.us
❌ Error enviando a 50257049220: HTTP 500 findChat: new chat not found 9220@c.us
⚠️ 50230080060: sin contenido relevante → no se envía mensaje.
⚠️ 50247858363: sin contenido relevante → no se envía mensaje.
⚠️ 50232050537: sin contenido relevante → no se envía mensaje.
📡 Enviando mensaje vía API local del bot...
❌ Error al enviar mensaje vía API local: HTTP 500 findChat: new chat not found 0168@c.us
❌ Error enviando a 50253460168: HTTP 500 findChat: new chat not found 0168@c.us
⚠️ 50230465423: sin contenido relevante → no se envía mensaje.
⚠️ 50253065146: sin contenido relevante → no se envía mensaje.
📡 Enviando mensaje vía API local del bot...
❌ Error al enviar mensaje vía API local: HTTP 500 findChat: new chat not found 4110@c.us
❌ Error enviando a 50255284110: HTTP 500 findChat: new chat not found 4110@c.us
⚠️ 50254210055: sin contenido relevante → no se envía mensaje.
⚠️ 50255294247: sin contenido relevante → no se envía mensaje.
📡 Enviando mensaje vía API local del bot...
❌ Error al enviar mensaje vía API local: HTTP 500 findChat: new chat not found 0000@c.us
❌ Error enviando a 50237330000: HTTP 500 findChat: new chat not found 0000@c.us
📡 Enviando mensaje vía API local del bot...
❌ Error al enviar mensaje vía API local: HTTP 500 findChat: new chat not found 1953@c.us
❌ Error enviando a 50245491953: HTTP 500 findChat: new chat not found 1953@c.us
📡 Enviando mensaje vía API local del bot...
❌ Error al enviar mensaje vía API local: HTTP 500 findChat: new chat not found 6094@c.us
❌ Error enviando a 50257186094: HTTP 500 findChat: new chat not found 6094@c.us
⚠️ 50257171707: sin contenido relevante → no se envía mensaje.
📡 Enviando mensaje vía API local del bot...
❌ Error al enviar mensaje vía API local: HTTP 500 findChat: new chat not found 0326@c.us
❌ Error enviando a 50233610326: HTTP 500 findChat: new chat not found 0326@c.us
📡 Enviando mensaje vía API local del bot...
❌ Error al enviar mensaje vía API local: HTTP 500 findChat: new chat not found 6516@c.us
❌ Error enviando a 50259906516: HTTP 500 findChat: new chat not found 6516@c.us
⚠️ 50250190948: sin contenido relevante → no se envía mensaje.
📡 Enviando mensaje vía API local del bot...
❌ Error al enviar mensaje vía API local: HTTP 500 findChat: new chat not found 3749@c.us
❌ Error enviando a 50254263749: HTTP 500 findChat: new chat not found 3749@c.us
📡 Enviando mensaje vía API local del bot...
❌ Error al enviar mensaje vía API local: HTTP 500 findChat: new chat not found 8550@c.us
❌ Error enviando a 50249728550: HTTP 500 findChat: new chat not found 8550@c.us
📡 Enviando mensaje vía API local del bot...
❌ Error al enviar mensaje vía API local: HTTP 500 findChat: new chat not found 5779@c.us
❌ Error enviando a 50235245779: HTTP 500 findChat: new chat not found 5779@c.us
📡 Enviando mensaje vía API local del bot...
❌ Error al enviar mensaje vía API local: HTTP 500 findChat: new chat not found 2572@c.us
❌ Error enviando a 50246532572: HTTP 500 findChat: new chat not found 2572@c.us
📡 Enviando mensaje vía API local del bot...
❌ Error al enviar mensaje vía API local: HTTP 500 findChat: new chat not found 3997@c.us
❌ Error enviando a 50249313997: HTTP 500 findChat: new chat not found 3997@c.us
📡 Enviando mensaje vía API local del bot...
❌ Error al enviar mensaje vía API local: HTTP 500 findChat: new chat not found 5876@c.us
❌ Error enviando a 50247685876: HTTP 500 findChat: new chat not found 5876@c.us
⚠️ 50246032841: sin contenido relevante → no se envía mensaje.
📡 Enviando mensaje vía API local del bot...
❌ Error al enviar mensaje vía API local: HTTP 500 findChat: new chat not found 5677@c.us
❌ Error enviando a 50255585677: HTTP 500 findChat: new chat not found 5677@c.us
⚠️ 50253556299: sin contenido relevante → no se envía mensaje.
📡 Enviando mensaje vía API local del bot...
❌ Error al enviar mensaje vía API local: HTTP 500 findChat: new chat not found 8098@c.us
❌ Error enviando a 50254608098: HTTP 500 findChat: new chat not found 8098@c.us
📡 Enviando mensaje vía API local del bot...
❌ Error al enviar mensaje vía API local: HTTP 500 findChat: new chat not found 5651@c.us
❌ Error enviando a 50236405651: HTTP 500 findChat: new chat not found 5651@c.us
⚠️ 50258261871: sin contenido relevante → no se envía mensaje.
⚠️ 50237829024: sin contenido relevante → no se envía mensaje.
📡 Enviando mensaje vía API local del bot...
❌ Error al enviar mensaje vía API local: HTTP 500 findChat: new chat not found 3437@c.us
❌ Error enviando a 50247543437: HTTP 500 findChat: new chat not found 3437@c.us
📡 Enviando mensaje vía API local del bot...
❌ Error al enviar mensaje vía API local: HTTP 500 findChat: new chat not found 2769@c.us
❌ Error enviando a 50240292769: HTTP 500 findChat: new chat not found 2769@c.us
⚠️ 50258955269: sin contenido relevante → no se envía mensaje.
⚠️ 50258053297: sin contenido relevante → no se envía mensaje.
⚠️ 50255584478: sin contenido relevante → no se envía mensaje.
⚠️ 50244819697: sin contenido relevante → no se envía mensaje.
⚠️ 50230063598: sin contenido relevante → no se envía mensaje.
📡 Enviando mensaje vía API local del bot...
❌ Error al enviar mensaje vía API local: HTTP 500 findChat: new chat not found 6628@c.us
❌ Error enviando a 50253176628: HTTP 500 findChat: new chat not found 6628@c.us
📡 Enviando mensaje vía API local del bot...
❌ Error al enviar mensaje vía API local: HTTP 500 findChat: new chat not found 2912@c.us
❌ Error enviando a 50241262912: HTTP 500 findChat: new chat not found 2912@c.us
⚠️ 50256416965: sin contenido relevante → no se envía mensaje.
📡 Enviando mensaje vía API local del bot...
❌ Error al enviar mensaje vía API local: HTTP 500 findChat: new chat not found 6181@c.us
❌ Error enviando a 50247456181: HTTP 500 findChat: new chat not found 6181@c.us
📡 Enviando mensaje vía API local del bot...
❌ Error al enviar mensaje vía API local: HTTP 500 findChat: new chat not found 5600@c.us
❌ Error enviando a 50252715600: HTTP 500 findChat: new chat not found 5600@c.us
⚠️ 50238844123: sin contenido relevante → no se envía mensaje.
📡 Enviando mensaje vía API local del bot...
❌ Error al enviar mensaje vía API local: HTTP 500 findChat: new chat not found 6060@c.us
❌ Error enviando a 50252006060: HTTP 500 findChat: new chat not found 6060@c.us
📡 Enviando mensaje vía API local del bot...
❌ Error al enviar mensaje vía API local: HTTP 500 findChat: new chat not found 7797@c.us
❌ Error enviando a 50253127797: HTTP 500 findChat: new chat not found 7797@c.us
📡 Enviando mensaje vía API local del bot...
❌ Error al enviar mensaje vía API local: HTTP 500 findChat: new chat not found 5516@c.us
❌ Error enviando a 50232955516: HTTP 500 findChat: new chat not found 5516@c.us
⚠️ 50240101714: sin contenido relevante → no se envía mensaje.
📡 Enviando mensaje vía API local del bot...
❌ Error al enviar mensaje vía API local: HTTP 500 findChat: new chat not found 4421@c.us
❌ Error enviando a 50241494421: HTTP 500 findChat: new chat not found 4421@c.us
📡 Enviando mensaje vía API local del bot...
❌ Error al enviar mensaje vía API local: HTTP 500 findChat: new chat not found 7338@c.us
❌ Error enviando a 50253807338: HTTP 500 findChat: new chat not found 7338@c.us
📡 Enviando mensaje vía API local del bot...
❌ Error al enviar mensaje vía API local: HTTP 500 findChat: new chat not found 6300@c.us
❌ Error enviando a 50250166300: HTTP 500 findChat: new chat not found 6300@c.us
📡 Enviando mensaje vía API local del bot...
❌ Error al enviar mensaje vía API local: HTTP 500 findChat: new chat not found 3288@c.us
❌ Error enviando a 50232883288: HTTP 500 findChat: new chat not found 3288@c.us
📡 Enviando mensaje vía API local del bot...
❌ Error al enviar mensaje vía API local: HTTP 500 findChat: new chat not found 1825@c.us
❌ Error enviando a 50230131825: HTTP 500 findChat: new chat not found 1825@c.us
📡 Enviando mensaje vía API local del bot...
❌ Error al enviar mensaje vía API local: HTTP 500 findChat: new chat not found 9749@c.us
❌ Error enviando a 50255449749: HTTP 500 findChat: new chat not found 9749@c.us
⚠️ 50236680850: sin contenido relevante → no se envía mensaje.
📡 Enviando mensaje vía API local del bot...
❌ Error al enviar mensaje vía API local: HTTP 500 findChat: new chat not found 5029@c.us
❌ Error enviando a 50256805029: HTTP 500 findChat: new chat not found 5029@c.us
📡 Enviando mensaje vía API local del bot...
❌ Error al enviar mensaje vía API local: HTTP 500 findChat: new chat not found 8219@c.us
❌ Error enviando a 50259108219: HTTP 500 findChat: new chat not found 8219@c.us
📡 Enviando mensaje vía API local del bot...
❌ Error al enviar mensaje vía API local: HTTP 500 findChat: new chat not found 2992@c.us
❌ Error enviando a 50257582992: HTTP 500 findChat: new chat not found 2992@c.us
📡 Enviando mensaje vía API local del bot...
❌ Error al enviar mensaje vía API local: HTTP 500 findChat: new chat not found 1047@c.us
❌ Error enviando a 50230281047: HTTP 500 findChat: new chat not found 1047@c.us
📡 Enviando mensaje vía API local del bot...
❌ Error al enviar mensaje vía API local: HTTP 500 findChat: new chat not found 1231@c.us
❌ Error enviando a 50233291231: HTTP 500 findChat: new chat not found 1231@c.us
⚠️ 50250542584: sin contenido relevante → no se envía mensaje.
📡 Enviando mensaje vía API local del bot...
❌ Error al enviar mensaje vía API local: HTTP 500 findChat: new chat not found 2862@c.us
❌ Error enviando a 50230782862: HTTP 500 findChat: new chat not found 2862@c.us
⚠️ 50236076447: sin contenido relevante → no se envía mensaje.
📡 Enviando mensaje vía API local del bot...
❌ Error al enviar mensaje vía API local: HTTP 500 findChat: new chat not found 4284@c.us
❌ Error enviando a 50236764284: HTTP 500 findChat: new chat not found 4284@c.us
📡 Enviando mensaje vía API local del bot...
❌ Error al enviar mensaje vía API local: HTTP 500 findChat: new chat not found 1853@c.us
❌ Error enviando a 50235151853: HTTP 500 findChat: new chat not found 1853@c.us
📡 Enviando mensaje vía API local del bot...
❌ Error al enviar mensaje vía API local: HTTP 500 findChat: new chat not found 2345@c.us
❌ Error enviando a 50230082345: HTTP 500 findChat: new chat not found 2345@c.us
📡 Enviando mensaje vía API local del bot...
❌ Error al enviar mensaje vía API local: HTTP 500 findChat: new chat not found 1188@c.us
❌ Error enviando a 50256371188: HTTP 500 findChat: new chat not found 1188@c.us
📡 Enviando mensaje vía API local del bot...
❌ Error al enviar mensaje vía API local: HTTP 500 findChat: new chat not found 3113@c.us
❌ Error enviando a 50230083113: HTTP 500 findChat: new chat not found 3113@c.us
📡 Enviando mensaje vía API local del bot...
❌ Error al enviar mensaje vía API local: HTTP 500 findChat: new chat not found 6417@c.us
❌ Error enviando a 50255376417: HTTP 500 findChat: new chat not found 6417@c.us
📡 Enviando mensaje vía API local del bot...
❌ Error al enviar mensaje vía API local: HTTP 500 findChat: new chat not found 5235@c.us
❌ Error enviando a 50237655235: HTTP 500 findChat: new chat not found 5235@c.us
📡 Enviando mensaje vía API local del bot...
❌ Error al enviar mensaje vía API local: HTTP 500 findChat: new chat not found 1508@c.us
❌ Error enviando a 50242221508: HTTP 500 findChat: new chat not found 1508@c.us
⚠️ 50246854703: sin contenido relevante → no se envía mensaje.
⚠️ 50256521588: sin contenido relevante → no se envía mensaje.
⚠️ 50687637085: sin contenido relevante → no se envía mensaje.
📡 Enviando mensaje vía API local del bot...
❌ Error al enviar mensaje vía API local: HTTP 500 findChat: new chat not found 6795@c.us
❌ Error enviando a 50240686795: HTTP 500 findChat: new chat not found 6795@c.us
📡 Enviando mensaje vía API local del bot...
❌ Error al enviar mensaje vía API local: HTTP 500 findChat: new chat not found 0287@c.us
❌ Error enviando a 50255130287: HTTP 500 findChat: new chat not found 0287@c.us
📡 Enviando mensaje vía API local del bot...
❌ Error al enviar mensaje vía API local: HTTP 500 findChat: new chat not found 0616@c.us
❌ Error enviando a 50259450616: HTTP 500 findChat: new chat not found 0616@c.us
⚠️ 50255541565: sin contenido relevante → no se envía mensaje.
📡 Enviando mensaje vía API local del bot...
❌ Error al enviar mensaje vía API local: HTTP 500 findChat: new chat not found 9297@c.us
❌ Error enviando a 50258349297: HTTP 500 findChat: new chat not found 9297@c.us
📡 Enviando mensaje vía API local del bot...
❌ Error al enviar mensaje vía API local: HTTP 500 findChat: new chat not found 9331@c.us
❌ Error enviando a 50249529331: HTTP 500 findChat: new chat not found 9331@c.us
⚠️ 50241139319: sin contenido relevante → no se envía mensaje.
📡 Enviando mensaje vía API local del bot...
❌ Error al enviar mensaje vía API local: HTTP 500 findChat: new chat not found 4268@c.us
❌ Error enviando a 50257184268: HTTP 500 findChat: new chat not found 4268@c.us
📡 Enviando mensaje vía API local del bot...
❌ Error al enviar mensaje vía API local: HTTP 500 findChat: new chat not found 0831@c.us
❌ Error enviando a 50242110831: HTTP 500 findChat: new chat not found 0831@c.us
📡 Enviando mensaje vía API local del bot...
❌ Error al enviar mensaje vía API local: HTTP 500 findChat: new chat not found 6473@c.us
❌ Error enviando a 50230086473: HTTP 500 findChat: new chat not found 6473@c.us
📡 Enviando mensaje vía API local del bot...
❌ Error al enviar mensaje vía API local: HTTP 500 findChat: new chat not found 2170@c.us
❌ Error enviando a 50255262170: HTTP 500 findChat: new chat not found 2170@c.us
📡 Enviando mensaje vía API local del bot...
❌ Error al enviar mensaje vía API local: HTTP 500 findChat: new chat not found 8130@c.us
❌ Error enviando a 50258748130: HTTP 500 findChat: new chat not found 8130@c.us
⚠️ 50242968481: sin contenido relevante → no se envía mensaje.
📡 Enviando mensaje vía API local del bot...
❌ Error al enviar mensaje vía API local: HTTP 500 findChat: new chat not found 3665@c.us
❌ Error enviando a 50241143665: HTTP 500 findChat: new chat not found 3665@c.us
📡 Enviando mensaje vía API local del bot...
❌ Error al enviar mensaje vía API local: HTTP 500 findChat: new chat not found 5152@c.us
❌ Error enviando a 50252025152: HTTP 500 findChat: new chat not found 5152@c.us
📡 Enviando mensaje vía API local del bot...
❌ Error al enviar mensaje vía API local: HTTP 500 findChat: new chat not found 8591@c.us
❌ Error enviando a 50240858591: HTTP 500 findChat: new chat not found 8591@c.us
📡 Enviando mensaje vía API local del bot...
❌ Error al enviar mensaje vía API local: HTTP 500 findChat: new chat not found 4879@c.us
❌ Error enviando a 50236134879: HTTP 500 findChat: new chat not found 4879@c.us
📡 Enviando mensaje vía API local del bot...
❌ Error al enviar mensaje vía API local: HTTP 500 findChat: new chat not found 4879@c.us
❌ Error enviando a 50236134879: HTTP 500 findChat: new chat not found 4879@c.us
📡 Enviando mensaje vía API local del bot...
❌ Error al enviar mensaje vía API local: HTTP 500 findChat: new chat not found 3476@c.us
❌ Error enviando a 50258253476: HTTP 500 findChat: new chat not found 3476@c.us
📡 Enviando mensaje vía API local del bot...
❌ Error al enviar mensaje vía API local: HTTP 500 findChat: new chat not found 8294@c.us
❌ Error enviando a 50241288294: HTTP 500 findChat: new chat not found 8294@c.us
📡 Enviando mensaje vía API local del bot...
❌ Error al enviar mensaje vía API local: HTTP 500 findChat: new chat not found 4297@c.us
❌ Error enviando a 50235954297: HTTP 500 findChat: new chat not found 4297@c.us
⚠️ 50230718631: sin contenido relevante → no se envía mensaje.
📡 Enviando mensaje vía API local del bot...
❌ Error al enviar mensaje vía API local: HTTP 500 findChat: new chat not found 0866@c.us
❌ Error enviando a 50254140866: HTTP 500 findChat: new chat not found 0866@c.us
📡 Enviando mensaje vía API local del bot...
❌ Error al enviar mensaje vía API local: HTTP 500 findChat: new chat not found 5724@c.us
❌ Error enviando a 50247695724: HTTP 500 findChat: new chat not found 5724@c.us
📡 Enviando mensaje vía API local del bot...
❌ Error al enviar mensaje vía API local: HTTP 500 findChat: new chat not found 9247@c.us
⚠️ No se pudo enviar resumen al admin: HTTP 500 findChat: new chat not found 9247@c.us
🟢 Finalizado y DB cerrada.
[dotenv@17.2.3] injecting env (10) from ../.env -- tip: 🔐 prevent committing .env to code: https://dotenvx.com/precommit
[dotenv@17.2.3] injecting env (0) from .env -- tip: 🔐 prevent building .env in docker: https://dotenvx.com/prebuild
[dotenv@17.2.3] injecting env (0) from .env -- tip: ⚙️  override existing env vars with { override: true }
🗓️ Iniciando envío semanal consolidado...

🗂️ Temas esta semana: [ 'ambiente', 'consejos de desarrollo', 'concejos municipales' ]
📡 Enviando mensaje vía API local del bot...
❌ Error al enviar mensaje vía API local: HTTP 500 findChat: new chat not found 9247@c.us
❌ Error enviando a 50255629247: HTTP 500 findChat: new chat not found 9247@c.us
📡 Enviando mensaje vía API local del bot...
❌ Error al enviar mensaje vía API local: HTTP 500 findChat: new chat not found 7827@c.us
❌ Error enviando a 50254747827: HTTP 500 findChat: new chat not found 7827@c.us
⚠️ 50254827902: sin contenido → no se envía.
📡 Enviando mensaje vía API local del bot...
❌ Error al enviar mensaje vía API local: HTTP 500 findChat: new chat not found 9220@c.us
❌ Error enviando a 50257049220: HTTP 500 findChat: new chat not found 9220@c.us
📡 Enviando mensaje vía API local del bot...
❌ Error al enviar mensaje vía API local: HTTP 500 findChat: new chat not found 0060@c.us
❌ Error enviando a 50230080060: HTTP 500 findChat: new chat not found 0060@c.us
📡 Enviando mensaje vía API local del bot...
❌ Error al enviar mensaje vía API local: HTTP 500 findChat: new chat not found 8363@c.us
❌ Error enviando a 50247858363: HTTP 500 findChat: new chat not found 8363@c.us
📡 Enviando mensaje vía API local del bot...
❌ Error al enviar mensaje vía API local: HTTP 500 findChat: new chat not found 0537@c.us
❌ Error enviando a 50232050537: HTTP 500 findChat: new chat not found 0537@c.us
📡 Enviando mensaje vía API local del bot...
❌ Error al enviar mensaje vía API local: HTTP 500 findChat: new chat not found 0168@c.us
❌ Error enviando a 50253460168: HTTP 500 findChat: new chat not found 0168@c.us
⚠️ 50230465423: sin contenido → no se envía.
📡 Enviando mensaje vía API local del bot...
❌ Error al enviar mensaje vía API local: HTTP 500 findChat: new chat not found 5146@c.us
❌ Error enviando a 50253065146: HTTP 500 findChat: new chat not found 5146@c.us
📡 Enviando mensaje vía API local del bot...
❌ Error al enviar mensaje vía API local: HTTP 500 findChat: new chat not found 4110@c.us
❌ Error enviando a 50255284110: HTTP 500 findChat: new chat not found 4110@c.us
📡 Enviando mensaje vía API local del bot...
❌ Error al enviar mensaje vía API local: HTTP 500 findChat: new chat not found 0055@c.us
❌ Error enviando a 50254210055: HTTP 500 findChat: new chat not found 0055@c.us
📡 Enviando mensaje vía API local del bot...
❌ Error al enviar mensaje vía API local: HTTP 500 findChat: new chat not found 4247@c.us
❌ Error enviando a 50255294247: HTTP 500 findChat: new chat not found 4247@c.us
📡 Enviando mensaje vía API local del bot...
❌ Error al enviar mensaje vía API local: HTTP 500 findChat: new chat not found 0000@c.us
❌ Error enviando a 50237330000: HTTP 500 findChat: new chat not found 0000@c.us
📡 Enviando mensaje vía API local del bot...
❌ Error al enviar mensaje vía API local: HTTP 500 findChat: new chat not found 1953@c.us
❌ Error enviando a 50245491953: HTTP 500 findChat: new chat not found 1953@c.us
📡 Enviando mensaje vía API local del bot...
❌ Error al enviar mensaje vía API local: HTTP 500 findChat: new chat not found 6094@c.us
❌ Error enviando a 50257186094: HTTP 500 findChat: new chat not found 6094@c.us
📡 Enviando mensaje vía API local del bot...
❌ Error al enviar mensaje vía API local: HTTP 500 findChat: new chat not found 1707@c.us
❌ Error enviando a 50257171707: HTTP 500 findChat: new chat not found 1707@c.us
📡 Enviando mensaje vía API local del bot...
❌ Error al enviar mensaje vía API local: HTTP 500 findChat: new chat not found 0326@c.us
❌ Error enviando a 50233610326: HTTP 500 findChat: new chat not found 0326@c.us
📡 Enviando mensaje vía API local del bot...
❌ Error al enviar mensaje vía API local: HTTP 500 findChat: new chat not found 6516@c.us
❌ Error enviando a 50259906516: HTTP 500 findChat: new chat not found 6516@c.us
📡 Enviando mensaje vía API local del bot...
❌ Error al enviar mensaje vía API local: HTTP 500 findChat: new chat not found 0948@c.us
❌ Error enviando a 50250190948: HTTP 500 findChat: new chat not found 0948@c.us
📡 Enviando mensaje vía API local del bot...
❌ Error al enviar mensaje vía API local: HTTP 500 findChat: new chat not found 3749@c.us
❌ Error enviando a 50254263749: HTTP 500 findChat: new chat not found 3749@c.us
📡 Enviando mensaje vía API local del bot...
❌ Error al enviar mensaje vía API local: HTTP 500 findChat: new chat not found 8550@c.us
❌ Error enviando a 50249728550: HTTP 500 findChat: new chat not found 8550@c.us
📡 Enviando mensaje vía API local del bot...
❌ Error al enviar mensaje vía API local: HTTP 500 findChat: new chat not found 5779@c.us
❌ Error enviando a 50235245779: HTTP 500 findChat: new chat not found 5779@c.us
📡 Enviando mensaje vía API local del bot...
❌ Error al enviar mensaje vía API local: HTTP 500 findChat: new chat not found 2572@c.us
❌ Error enviando a 50246532572: HTTP 500 findChat: new chat not found 2572@c.us
📡 Enviando mensaje vía API local del bot...
❌ Error al enviar mensaje vía API local: HTTP 500 findChat: new chat not found 3997@c.us
❌ Error enviando a 50249313997: HTTP 500 findChat: new chat not found 3997@c.us
📡 Enviando mensaje vía API local del bot...
❌ Error al enviar mensaje vía API local: HTTP 500 findChat: new chat not found 5876@c.us
❌ Error enviando a 50247685876: HTTP 500 findChat: new chat not found 5876@c.us
⚠️ 50246032841: sin contenido → no se envía.
📡 Enviando mensaje vía API local del bot...
❌ Error al enviar mensaje vía API local: HTTP 500 findChat: new chat not found 5677@c.us
❌ Error enviando a 50255585677: HTTP 500 findChat: new chat not found 5677@c.us
📡 Enviando mensaje vía API local del bot...
❌ Error al enviar mensaje vía API local: HTTP 500 findChat: new chat not found 6299@c.us
❌ Error enviando a 50253556299: HTTP 500 findChat: new chat not found 6299@c.us
📡 Enviando mensaje vía API local del bot...
❌ Error al enviar mensaje vía API local: HTTP 500 findChat: new chat not found 8098@c.us
❌ Error enviando a 50254608098: HTTP 500 findChat: new chat not found 8098@c.us
📡 Enviando mensaje vía API local del bot...
❌ Error al enviar mensaje vía API local: HTTP 500 findChat: new chat not found 5651@c.us
❌ Error enviando a 50236405651: HTTP 500 findChat: new chat not found 5651@c.us
📡 Enviando mensaje vía API local del bot...
❌ Error al enviar mensaje vía API local: HTTP 500 findChat: new chat not found 1871@c.us
❌ Error enviando a 50258261871: HTTP 500 findChat: new chat not found 1871@c.us
📡 Enviando mensaje vía API local del bot...
❌ Error al enviar mensaje vía API local: HTTP 500 findChat: new chat not found 9024@c.us
❌ Error enviando a 50237829024: HTTP 500 findChat: new chat not found 9024@c.us
📡 Enviando mensaje vía API local del bot...
❌ Error al enviar mensaje vía API local: HTTP 500 findChat: new chat not found 3437@c.us
❌ Error enviando a 50247543437: HTTP 500 findChat: new chat not found 3437@c.us
⚠️ 50240292769: sin contenido → no se envía.
📡 Enviando mensaje vía API local del bot...
❌ Error al enviar mensaje vía API local: HTTP 500 findChat: new chat not found 5269@c.us
❌ Error enviando a 50258955269: HTTP 500 findChat: new chat not found 5269@c.us
📡 Enviando mensaje vía API local del bot...
❌ Error al enviar mensaje vía API local: HTTP 500 findChat: new chat not found 3297@c.us
❌ Error enviando a 50258053297: HTTP 500 findChat: new chat not found 3297@c.us
📡 Enviando mensaje vía API local del bot...
❌ Error al enviar mensaje vía API local: HTTP 500 findChat: new chat not found 4478@c.us
❌ Error enviando a 50255584478: HTTP 500 findChat: new chat not found 4478@c.us
📡 Enviando mensaje vía API local del bot...
❌ Error al enviar mensaje vía API local: HTTP 500 findChat: new chat not found 9697@c.us
❌ Error enviando a 50244819697: HTTP 500 findChat: new chat not found 9697@c.us
📡 Enviando mensaje vía API local del bot...
❌ Error al enviar mensaje vía API local: HTTP 500 findChat: new chat not found 3598@c.us
❌ Error enviando a 50230063598: HTTP 500 findChat: new chat not found 3598@c.us
📡 Enviando mensaje vía API local del bot...
❌ Error al enviar mensaje vía API local: HTTP 500 findChat: new chat not found 6628@c.us
❌ Error enviando a 50253176628: HTTP 500 findChat: new chat not found 6628@c.us
📡 Enviando mensaje vía API local del bot...
❌ Error al enviar mensaje vía API local: HTTP 500 findChat: new chat not found 2912@c.us
❌ Error enviando a 50241262912: HTTP 500 findChat: new chat not found 2912@c.us
📡 Enviando mensaje vía API local del bot...
❌ Error al enviar mensaje vía API local: HTTP 500 findChat: new chat not found 6965@c.us
❌ Error enviando a 50256416965: HTTP 500 findChat: new chat not found 6965@c.us
📡 Enviando mensaje vía API local del bot...
❌ Error al enviar mensaje vía API local: HTTP 500 findChat: new chat not found 6181@c.us
❌ Error enviando a 50247456181: HTTP 500 findChat: new chat not found 6181@c.us
📡 Enviando mensaje vía API local del bot...
❌ Error al enviar mensaje vía API local: HTTP 500 findChat: new chat not found 5600@c.us
❌ Error enviando a 50252715600: HTTP 500 findChat: new chat not found 5600@c.us
📡 Enviando mensaje vía API local del bot...
❌ Error al enviar mensaje vía API local: HTTP 500 findChat: new chat not found 4123@c.us
❌ Error enviando a 50238844123: HTTP 500 findChat: new chat not found 4123@c.us
📡 Enviando mensaje vía API local del bot...
❌ Error al enviar mensaje vía API local: HTTP 500 findChat: new chat not found 6060@c.us
❌ Error enviando a 50252006060: HTTP 500 findChat: new chat not found 6060@c.us
📡 Enviando mensaje vía API local del bot...
❌ Error al enviar mensaje vía API local: HTTP 500 findChat: new chat not found 7797@c.us
❌ Error enviando a 50253127797: HTTP 500 findChat: new chat not found 7797@c.us
📡 Enviando mensaje vía API local del bot...
❌ Error al enviar mensaje vía API local: HTTP 500 findChat: new chat not found 5516@c.us
❌ Error enviando a 50232955516: HTTP 500 findChat: new chat not found 5516@c.us
📡 Enviando mensaje vía API local del bot...
❌ Error al enviar mensaje vía API local: HTTP 500 findChat: new chat not found 1714@c.us
❌ Error enviando a 50240101714: HTTP 500 findChat: new chat not found 1714@c.us
📡 Enviando mensaje vía API local del bot...
❌ Error al enviar mensaje vía API local: HTTP 500 findChat: new chat not found 4421@c.us
❌ Error enviando a 50241494421: HTTP 500 findChat: new chat not found 4421@c.us
📡 Enviando mensaje vía API local del bot...
❌ Error al enviar mensaje vía API local: HTTP 500 findChat: new chat not found 7338@c.us
❌ Error enviando a 50253807338: HTTP 500 findChat: new chat not found 7338@c.us
📡 Enviando mensaje vía API local del bot...
❌ Error al enviar mensaje vía API local: HTTP 500 findChat: new chat not found 6300@c.us
❌ Error enviando a 50250166300: HTTP 500 findChat: new chat not found 6300@c.us
📡 Enviando mensaje vía API local del bot...
❌ Error al enviar mensaje vía API local: HTTP 500 findChat: new chat not found 3288@c.us
❌ Error enviando a 50232883288: HTTP 500 findChat: new chat not found 3288@c.us
📡 Enviando mensaje vía API local del bot...
❌ Error al enviar mensaje vía API local: HTTP 500 findChat: new chat not found 1825@c.us
❌ Error enviando a 50230131825: HTTP 500 findChat: new chat not found 1825@c.us
📡 Enviando mensaje vía API local del bot...
❌ Error al enviar mensaje vía API local: HTTP 500 findChat: new chat not found 9749@c.us
❌ Error enviando a 50255449749: HTTP 500 findChat: new chat not found 9749@c.us
📡 Enviando mensaje vía API local del bot...
❌ Error al enviar mensaje vía API local: HTTP 500 findChat: new chat not found 0850@c.us
❌ Error enviando a 50236680850: HTTP 500 findChat: new chat not found 0850@c.us
📡 Enviando mensaje vía API local del bot...
❌ Error al enviar mensaje vía API local: HTTP 500 findChat: new chat not found 5029@c.us
❌ Error enviando a 50256805029: HTTP 500 findChat: new chat not found 5029@c.us
📡 Enviando mensaje vía API local del bot...
❌ Error al enviar mensaje vía API local: HTTP 500 findChat: new chat not found 8219@c.us
❌ Error enviando a 50259108219: HTTP 500 findChat: new chat not found 8219@c.us
📡 Enviando mensaje vía API local del bot...
❌ Error al enviar mensaje vía API local: HTTP 500 findChat: new chat not found 2992@c.us
❌ Error enviando a 50257582992: HTTP 500 findChat: new chat not found 2992@c.us
📡 Enviando mensaje vía API local del bot...
❌ Error al enviar mensaje vía API local: HTTP 500 findChat: new chat not found 1047@c.us
❌ Error enviando a 50230281047: HTTP 500 findChat: new chat not found 1047@c.us
📡 Enviando mensaje vía API local del bot...
❌ Error al enviar mensaje vía API local: HTTP 500 findChat: new chat not found 1231@c.us
❌ Error enviando a 50233291231: HTTP 500 findChat: new chat not found 1231@c.us
📡 Enviando mensaje vía API local del bot...
❌ Error al enviar mensaje vía API local: HTTP 500 findChat: new chat not found 2584@c.us
❌ Error enviando a 50250542584: HTTP 500 findChat: new chat not found 2584@c.us
📡 Enviando mensaje vía API local del bot...
❌ Error al enviar mensaje vía API local: HTTP 500 findChat: new chat not found 2862@c.us
❌ Error enviando a 50230782862: HTTP 500 findChat: new chat not found 2862@c.us
📡 Enviando mensaje vía API local del bot...
❌ Error al enviar mensaje vía API local: HTTP 500 findChat: new chat not found 6447@c.us
❌ Error enviando a 50236076447: HTTP 500 findChat: new chat not found 6447@c.us
📡 Enviando mensaje vía API local del bot...
❌ Error al enviar mensaje vía API local: HTTP 500 findChat: new chat not found 4284@c.us
❌ Error enviando a 50236764284: HTTP 500 findChat: new chat not found 4284@c.us
📡 Enviando mensaje vía API local del bot...
❌ Error al enviar mensaje vía API local: HTTP 500 findChat: new chat not found 1853@c.us
❌ Error enviando a 50235151853: HTTP 500 findChat: new chat not found 1853@c.us
📡 Enviando mensaje vía API local del bot...
❌ Error al enviar mensaje vía API local: HTTP 500 findChat: new chat not found 2345@c.us
❌ Error enviando a 50230082345: HTTP 500 findChat: new chat not found 2345@c.us
📡 Enviando mensaje vía API local del bot...
❌ Error al enviar mensaje vía API local: HTTP 500 findChat: new chat not found 1188@c.us
❌ Error enviando a 50256371188: HTTP 500 findChat: new chat not found 1188@c.us
📡 Enviando mensaje vía API local del bot...
❌ Error al enviar mensaje vía API local: HTTP 500 findChat: new chat not found 3113@c.us
❌ Error enviando a 50230083113: HTTP 500 findChat: new chat not found 3113@c.us
📡 Enviando mensaje vía API local del bot...
❌ Error al enviar mensaje vía API local: HTTP 500 findChat: new chat not found 6417@c.us
❌ Error enviando a 50255376417: HTTP 500 findChat: new chat not found 6417@c.us
📡 Enviando mensaje vía API local del bot...
❌ Error al enviar mensaje vía API local: HTTP 500 findChat: new chat not found 5235@c.us
❌ Error enviando a 50237655235: HTTP 500 findChat: new chat not found 5235@c.us
📡 Enviando mensaje vía API local del bot...
❌ Error al enviar mensaje vía API local: HTTP 500 findChat: new chat not found 1508@c.us
❌ Error enviando a 50242221508: HTTP 500 findChat: new chat not found 1508@c.us
📡 Enviando mensaje vía API local del bot...
❌ Error al enviar mensaje vía API local: HTTP 500 findChat: new chat not found 4703@c.us
❌ Error enviando a 50246854703: HTTP 500 findChat: new chat not found 4703@c.us
📡 Enviando mensaje vía API local del bot...
❌ Error al enviar mensaje vía API local: HTTP 500 findChat: new chat not found 1588@c.us
❌ Error enviando a 50256521588: HTTP 500 findChat: new chat not found 1588@c.us
📡 Enviando mensaje vía API local del bot...
❌ Error al enviar mensaje vía API local: HTTP 500 findChat: new chat not found 7085@c.us
❌ Error enviando a 50687637085: HTTP 500 findChat: new chat not found 7085@c.us
📡 Enviando mensaje vía API local del bot...
❌ Error al enviar mensaje vía API local: HTTP 500 findChat: new chat not found 6795@c.us
❌ Error enviando a 50240686795: HTTP 500 findChat: new chat not found 6795@c.us
📡 Enviando mensaje vía API local del bot...
❌ Error al enviar mensaje vía API local: HTTP 500 findChat: new chat not found 0287@c.us
❌ Error enviando a 50255130287: HTTP 500 findChat: new chat not found 0287@c.us
📡 Enviando mensaje vía API local del bot...
❌ Error al enviar mensaje vía API local: HTTP 500 findChat: new chat not found 0616@c.us
❌ Error enviando a 50259450616: HTTP 500 findChat: new chat not found 0616@c.us
📡 Enviando mensaje vía API local del bot...
❌ Error al enviar mensaje vía API local: HTTP 500 findChat: new chat not found 1565@c.us
❌ Error enviando a 50255541565: HTTP 500 findChat: new chat not found 1565@c.us
📡 Enviando mensaje vía API local del bot...
❌ Error al enviar mensaje vía API local: HTTP 500 findChat: new chat not found 9297@c.us
❌ Error enviando a 50258349297: HTTP 500 findChat: new chat not found 9297@c.us
📡 Enviando mensaje vía API local del bot...
❌ Error al enviar mensaje vía API local: HTTP 500 findChat: new chat not found 9331@c.us
❌ Error enviando a 50249529331: HTTP 500 findChat: new chat not found 9331@c.us
📡 Enviando mensaje vía API local del bot...
❌ Error al enviar mensaje vía API local: HTTP 500 findChat: new chat not found 9319@c.us
❌ Error enviando a 50241139319: HTTP 500 findChat: new chat not found 9319@c.us
📡 Enviando mensaje vía API local del bot...
❌ Error al enviar mensaje vía API local: HTTP 500 findChat: new chat not found 4268@c.us
❌ Error enviando a 50257184268: HTTP 500 findChat: new chat not found 4268@c.us
📡 Enviando mensaje vía API local del bot...
❌ Error al enviar mensaje vía API local: HTTP 500 findChat: new chat not found 0831@c.us
❌ Error enviando a 50242110831: HTTP 500 findChat: new chat not found 0831@c.us
📡 Enviando mensaje vía API local del bot...
❌ Error al enviar mensaje vía API local: HTTP 500 findChat: new chat not found 6473@c.us
❌ Error enviando a 50230086473: HTTP 500 findChat: new chat not found 6473@c.us
📡 Enviando mensaje vía API local del bot...
❌ Error al enviar mensaje vía API local: HTTP 500 findChat: new chat not found 2170@c.us
❌ Error enviando a 50255262170: HTTP 500 findChat: new chat not found 2170@c.us
📡 Enviando mensaje vía API local del bot...
❌ Error al enviar mensaje vía API local: HTTP 500 findChat: new chat not found 8130@c.us
❌ Error enviando a 50258748130: HTTP 500 findChat: new chat not found 8130@c.us
📡 Enviando mensaje vía API local del bot...
❌ Error al enviar mensaje vía API local: HTTP 500 findChat: new chat not found 8481@c.us
❌ Error enviando a 50242968481: HTTP 500 findChat: new chat not found 8481@c.us
📡 Enviando mensaje vía API local del bot...
❌ Error al enviar mensaje vía API local: HTTP 500 findChat: new chat not found 3665@c.us
❌ Error enviando a 50241143665: HTTP 500 findChat: new chat not found 3665@c.us
📡 Enviando mensaje vía API local del bot...
❌ Error al enviar mensaje vía API local: HTTP 500 findChat: new chat not found 5152@c.us
❌ Error enviando a 50252025152: HTTP 500 findChat: new chat not found 5152@c.us
📡 Enviando mensaje vía API local del bot...
❌ Error al enviar mensaje vía API local: HTTP 500 findChat: new chat not found 8591@c.us
❌ Error enviando a 50240858591: HTTP 500 findChat: new chat not found 8591@c.us
📡 Enviando mensaje vía API local del bot...
❌ Error al enviar mensaje vía API local: HTTP 500 findChat: new chat not found 4879@c.us
❌ Error enviando a 50236134879: HTTP 500 findChat: new chat not found 4879@c.us
📡 Enviando mensaje vía API local del bot...
❌ Error al enviar mensaje vía API local: HTTP 500 findChat: new chat not found 4879@c.us
❌ Error enviando a 50236134879: HTTP 500 findChat: new chat not found 4879@c.us
📡 Enviando mensaje vía API local del bot...
❌ Error al enviar mensaje vía API local: HTTP 500 findChat: new chat not found 3476@c.us
❌ Error enviando a 50258253476: HTTP 500 findChat: new chat not found 3476@c.us
📡 Enviando mensaje vía API local del bot...
❌ Error al enviar mensaje vía API local: HTTP 500 findChat: new chat not found 8294@c.us
❌ Error enviando a 50241288294: HTTP 500 findChat: new chat not found 8294@c.us
📡 Enviando mensaje vía API local del bot...
❌ Error al enviar mensaje vía API local: HTTP 500 findChat: new chat not found 4297@c.us
❌ Error enviando a 50235954297: HTTP 500 findChat: new chat not found 4297@c.us
📡 Enviando mensaje vía API local del bot...
❌ Error al enviar mensaje vía API local: HTTP 500 findChat: new chat not found 8631@c.us
❌ Error enviando a 50230718631: HTTP 500 findChat: new chat not found 8631@c.us
📡 Enviando mensaje vía API local del bot...
❌ Error al enviar mensaje vía API local: HTTP 500 findChat: new chat not found 0866@c.us
❌ Error enviando a 50254140866: HTTP 500 findChat: new chat not found 0866@c.us
📡 Enviando mensaje vía API local del bot...
❌ Error al enviar mensaje vía API local: HTTP 500 findChat: new chat not found 5724@c.us
❌ Error enviando a 50247695724: HTTP 500 findChat: new chat not found 5724@c.us
📡 Enviando mensaje vía API local del bot...
❌ Error al enviar mensaje vía API local: HTTP 500 findChat: new chat not found 9247@c.us
⚠️ No se pudo enviar resumen al admin: HTTP 500 findChat: new chat not found 9247@c.us

🟢 Finalizado.
[dotenv@17.2.3] injecting env (10) from ../.env -- tip: 👥 sync secrets across teammates & machines: https://dotenvx.com/ops
[dotenv@17.2.3] injecting env (0) from .env -- tip: 🔄 add secrets lifecycle management: https://dotenvx.com/ops
[dotenv@17.2.3] injecting env (0) from ../.env -- tip: 🔐 prevent building .env in docker: https://dotenvx.com/prebuild
[dotenv@17.2.3] injecting env (0) from .env -- tip: ⚙️  override existing env vars with { override: true }
🕓 Iniciando envío automático de noticias diarias...

🗂️ Departamentos con notas hoy: [ 'Consejos de Desarrollo', 'Noticias', 'Portada', 'Quetzaltenango' ]
📊 OjoAlDato cargado: {
  fecha: '2/3/2026',
  departamento: 'Escuintla',
  texto: 'Por 200 machetes vizcaínos y 20 cajas de limas triangulares, la municipalidad de Escuintla adjudicó Q10,120.00 a Iris Yanira Solís, quien ha proveído a municipalidades desde 2016. Hasta 2026, se le han adjudicado Q31,654,938.05 en compras de baja cuantía.'
}
👥 Suscriptores activos: 101
⚠️ 50432745042: sin contenido relevante → no se envía mensaje.
⚠️ 50255629247: sin contenido relevante → no se envía mensaje.
⚠️ 50254747827: sin contenido relevante → no se envía mensaje.
⚠️ 50254827902: sin contenido relevante → no se envía mensaje.
📡 Enviando mensaje vía API local del bot...
❌ Error al enviar mensaje vía API local: HTTP 500 findChat: new chat not found 9220@c.us
❌ Error enviando a 50257049220: HTTP 500 findChat: new chat not found 9220@c.us
⚠️ 50230080060: sin contenido relevante → no se envía mensaje.
📡 Enviando mensaje vía API local del bot...
❌ Error al enviar mensaje vía API local: HTTP 500 findChat: new chat not found 8363@c.us
❌ Error enviando a 50247858363: HTTP 500 findChat: new chat not found 8363@c.us
📡 Enviando mensaje vía API local del bot...
❌ Error al enviar mensaje vía API local: HTTP 500 findChat: new chat not found 0537@c.us
❌ Error enviando a 50232050537: HTTP 500 findChat: new chat not found 0537@c.us
⚠️ 50253460168: sin contenido relevante → no se envía mensaje.
⚠️ 50230465423: sin contenido relevante → no se envía mensaje.
⚠️ 50253065146: sin contenido relevante → no se envía mensaje.
⚠️ 50255284110: sin contenido relevante → no se envía mensaje.
⚠️ 50254210055: sin contenido relevante → no se envía mensaje.
⚠️ 50255294247: sin contenido relevante → no se envía mensaje.
⚠️ 50237330000: sin contenido relevante → no se envía mensaje.
⚠️ 50245491953: sin contenido relevante → no se envía mensaje.
⚠️ 50257186094: sin contenido relevante → no se envía mensaje.
📡 Enviando mensaje vía API local del bot...
❌ Error al enviar mensaje vía API local: HTTP 500 findChat: new chat not found 1707@c.us
❌ Error enviando a 50257171707: HTTP 500 findChat: new chat not found 1707@c.us
📡 Enviando mensaje vía API local del bot...
❌ Error al enviar mensaje vía API local: HTTP 500 findChat: new chat not found 0326@c.us
❌ Error enviando a 50233610326: HTTP 500 findChat: new chat not found 0326@c.us
⚠️ 50259906516: sin contenido relevante → no se envía mensaje.
📡 Enviando mensaje vía API local del bot...
❌ Error al enviar mensaje vía API local: HTTP 500 findChat: new chat not found 0948@c.us
❌ Error enviando a 50250190948: HTTP 500 findChat: new chat not found 0948@c.us
📡 Enviando mensaje vía API local del bot...
❌ Error al enviar mensaje vía API local: HTTP 500 findChat: new chat not found 3749@c.us
❌ Error enviando a 50254263749: HTTP 500 findChat: new chat not found 3749@c.us
⚠️ 50249728550: sin contenido relevante → no se envía mensaje.
📡 Enviando mensaje vía API local del bot...
❌ Error al enviar mensaje vía API local: HTTP 500 findChat: new chat not found 5779@c.us
❌ Error enviando a 50235245779: HTTP 500 findChat: new chat not found 5779@c.us
⚠️ 50246532572: sin contenido relevante → no se envía mensaje.
⚠️ 50249313997: sin contenido relevante → no se envía mensaje.
📡 Enviando mensaje vía API local del bot...
❌ Error al enviar mensaje vía API local: HTTP 500 findChat: new chat not found 5876@c.us
❌ Error enviando a 50247685876: HTTP 500 findChat: new chat not found 5876@c.us
📡 Enviando mensaje vía API local del bot...
❌ Error al enviar mensaje vía API local: HTTP 500 findChat: new chat not found 2841@c.us
❌ Error enviando a 50246032841: HTTP 500 findChat: new chat not found 2841@c.us
📡 Enviando mensaje vía API local del bot...
❌ Error al enviar mensaje vía API local: HTTP 500 findChat: new chat not found 5677@c.us
❌ Error enviando a 50255585677: HTTP 500 findChat: new chat not found 5677@c.us
⚠️ 50253556299: sin contenido relevante → no se envía mensaje.
📡 Enviando mensaje vía API local del bot...
❌ Error al enviar mensaje vía API local: HTTP 500 findChat: new chat not found 8098@c.us
❌ Error enviando a 50254608098: HTTP 500 findChat: new chat not found 8098@c.us
⚠️ 50236405651: sin contenido relevante → no se envía mensaje.
⚠️ 50258261871: sin contenido relevante → no se envía mensaje.
⚠️ 50237829024: sin contenido relevante → no se envía mensaje.
⚠️ 50247543437: sin contenido relevante → no se envía mensaje.
⚠️ 50240292769: sin contenido relevante → no se envía mensaje.
⚠️ 50258955269: sin contenido relevante → no se envía mensaje.
⚠️ 50258053297: sin contenido relevante → no se envía mensaje.
⚠️ 50255584478: sin contenido relevante → no se envía mensaje.
⚠️ 50244819697: sin contenido relevante → no se envía mensaje.
⚠️ 50230063598: sin contenido relevante → no se envía mensaje.
⚠️ 50253176628: sin contenido relevante → no se envía mensaje.
⚠️ 50241262912: sin contenido relevante → no se envía mensaje.
📡 Enviando mensaje vía API local del bot...
❌ Error al enviar mensaje vía API local: HTTP 500 findChat: new chat not found 6965@c.us
❌ Error enviando a 50256416965: HTTP 500 findChat: new chat not found 6965@c.us
⚠️ 50247456181: sin contenido relevante → no se envía mensaje.
⚠️ 50252715600: sin contenido relevante → no se envía mensaje.
📡 Enviando mensaje vía API local del bot...
❌ Error al enviar mensaje vía API local: HTTP 500 findChat: new chat not found 4123@c.us
❌ Error enviando a 50238844123: HTTP 500 findChat: new chat not found 4123@c.us
⚠️ 50252006060: sin contenido relevante → no se envía mensaje.
⚠️ 50253127797: sin contenido relevante → no se envía mensaje.
⚠️ 50232955516: sin contenido relevante → no se envía mensaje.
⚠️ 50240101714: sin contenido relevante → no se envía mensaje.
⚠️ 50241494421: sin contenido relevante → no se envía mensaje.
⚠️ 50253807338: sin contenido relevante → no se envía mensaje.
⚠️ 50250166300: sin contenido relevante → no se envía mensaje.
⚠️ 50232883288: sin contenido relevante → no se envía mensaje.
⚠️ 50230131825: sin contenido relevante → no se envía mensaje.
⚠️ 50255449749: sin contenido relevante → no se envía mensaje.
📡 Enviando mensaje vía API local del bot...
❌ Error al enviar mensaje vía API local: HTTP 500 findChat: new chat not found 0850@c.us
❌ Error enviando a 50236680850: HTTP 500 findChat: new chat not found 0850@c.us
⚠️ 50256805029: sin contenido relevante → no se envía mensaje.
⚠️ 50259108219: sin contenido relevante → no se envía mensaje.
⚠️ 50257582992: sin contenido relevante → no se envía mensaje.
⚠️ 50230281047: sin contenido relevante → no se envía mensaje.
⚠️ 50233291231: sin contenido relevante → no se envía mensaje.
⚠️ 50250542584: sin contenido relevante → no se envía mensaje.
⚠️ 50230782862: sin contenido relevante → no se envía mensaje.
⚠️ 50236076447: sin contenido relevante → no se envía mensaje.
⚠️ 50236764284: sin contenido relevante → no se envía mensaje.
⚠️ 50235151853: sin contenido relevante → no se envía mensaje.
⚠️ 50230082345: sin contenido relevante → no se envía mensaje.
⚠️ 50256371188: sin contenido relevante → no se envía mensaje.
⚠️ 50230083113: sin contenido relevante → no se envía mensaje.
⚠️ 50255376417: sin contenido relevante → no se envía mensaje.
⚠️ 50237655235: sin contenido relevante → no se envía mensaje.
⚠️ 50242221508: sin contenido relevante → no se envía mensaje.
⚠️ 50246854703: sin contenido relevante → no se envía mensaje.
⚠️ 50256521588: sin contenido relevante → no se envía mensaje.
⚠️ 50687637085: sin contenido relevante → no se envía mensaje.
⚠️ 50240686795: sin contenido relevante → no se envía mensaje.
⚠️ 50255130287: sin contenido relevante → no se envía mensaje.
⚠️ 50259450616: sin contenido relevante → no se envía mensaje.
⚠️ 50255541565: sin contenido relevante → no se envía mensaje.
⚠️ 50258349297: sin contenido relevante → no se envía mensaje.
⚠️ 50249529331: sin contenido relevante → no se envía mensaje.
⚠️ 50241139319: sin contenido relevante → no se envía mensaje.
⚠️ 50257184268: sin contenido relevante → no se envía mensaje.
⚠️ 50242110831: sin contenido relevante → no se envía mensaje.
⚠️ 50230086473: sin contenido relevante → no se envía mensaje.
⚠️ 50255262170: sin contenido relevante → no se envía mensaje.
⚠️ 50258748130: sin contenido relevante → no se envía mensaje.
⚠️ 50242968481: sin contenido relevante → no se envía mensaje.
⚠️ 50241143665: sin contenido relevante → no se envía mensaje.
⚠️ 50252025152: sin contenido relevante → no se envía mensaje.
⚠️ 50240858591: sin contenido relevante → no se envía mensaje.
⚠️ 50236134879: sin contenido relevante → no se envía mensaje.
⚠️ 50236134879: sin contenido relevante → no se envía mensaje.
⚠️ 50258253476: sin contenido relevante → no se envía mensaje.
⚠️ 50241288294: sin contenido relevante → no se envía mensaje.
⚠️ 50235954297: sin contenido relevante → no se envía mensaje.
⚠️ 50230718631: sin contenido relevante → no se envía mensaje.
⚠️ 50254140866: sin contenido relevante → no se envía mensaje.
⚠️ 50247695724: sin contenido relevante → no se envía mensaje.
📡 Enviando mensaje vía API local del bot...
❌ Error al enviar mensaje vía API local: HTTP 500 findChat: new chat not found 9247@c.us
⚠️ No se pudo enviar resumen al admin: HTTP 500 findChat: new chat not found 9247@c.us
🟢 Finalizado y DB cerrada.
[dotenv@17.2.3] injecting env (10) from ../.env -- tip: 📡 add observability to secrets: https://dotenvx.com/ops
[dotenv@17.2.3] injecting env (0) from .env -- tip: ⚙️  enable debug logging with { debug: true }
[dotenv@17.2.3] injecting env (0) from ../.env -- tip: ⚙️  write to custom object with { processEnv: myObject }
[dotenv@17.2.3] injecting env (0) from .env -- tip: ⚙️  suppress all logs with { quiet: true }
🕓 Iniciando envío automático de noticias diarias...

🗂️ Departamentos con notas hoy: [
  'Guatemala',
  'Noticias',
  'Portada',
  'Chiquimula',
  'Consejos de Desarrollo'
]
📊 OjoAlDato cargado: {
  fecha: '3/3/2026',
  departamento: 'Guatemala',
  texto: 'Por 300 pares de botas militares para el uso de personal operativo de la Policía Municipal, la municipalidad de Guatemala adjudicó Q88,800.00 a Fábrica y Distribuidora “Comando” S.A.'
}
👥 Suscriptores activos: 101
⚠️ 50432745042: sin contenido relevante → no se envía mensaje.
📡 Enviando mensaje vía API local del bot...
❌ Error al enviar mensaje vía API local: HTTP 500 findChat: new chat not found 9247@c.us
❌ Error enviando a 50255629247: HTTP 500 findChat: new chat not found 9247@c.us
⚠️ 50254747827: sin contenido relevante → no se envía mensaje.
📡 Enviando mensaje vía API local del bot...
❌ Error al enviar mensaje vía API local: HTTP 500 findChat: new chat not found 7902@c.us
❌ Error enviando a 50254827902: HTTP 500 findChat: new chat not found 7902@c.us
📡 Enviando mensaje vía API local del bot...
❌ Error al enviar mensaje vía API local: HTTP 500 findChat: new chat not found 9220@c.us
❌ Error enviando a 50257049220: HTTP 500 findChat: new chat not found 9220@c.us
⚠️ 50230080060: sin contenido relevante → no se envía mensaje.
⚠️ 50247858363: sin contenido relevante → no se envía mensaje.
⚠️ 50232050537: sin contenido relevante → no se envía mensaje.
📡 Enviando mensaje vía API local del bot...
❌ Error al enviar mensaje vía API local: HTTP 500 findChat: new chat not found 0168@c.us
❌ Error enviando a 50253460168: HTTP 500 findChat: new chat not found 0168@c.us
⚠️ 50230465423: sin contenido relevante → no se envía mensaje.
⚠️ 50253065146: sin contenido relevante → no se envía mensaje.
📡 Enviando mensaje vía API local del bot...
❌ Error al enviar mensaje vía API local: HTTP 500 findChat: new chat not found 4110@c.us
❌ Error enviando a 50255284110: HTTP 500 findChat: new chat not found 4110@c.us
⚠️ 50254210055: sin contenido relevante → no se envía mensaje.
📡 Enviando mensaje vía API local del bot...
❌ Error al enviar mensaje vía API local: HTTP 500 findChat: new chat not found 4247@c.us
❌ Error enviando a 50255294247: HTTP 500 findChat: new chat not found 4247@c.us
📡 Enviando mensaje vía API local del bot...
❌ Error al enviar mensaje vía API local: HTTP 500 findChat: new chat not found 0000@c.us
❌ Error enviando a 50237330000: HTTP 500 findChat: new chat not found 0000@c.us
📡 Enviando mensaje vía API local del bot...
❌ Error al enviar mensaje vía API local: HTTP 500 findChat: new chat not found 1953@c.us
❌ Error enviando a 50245491953: HTTP 500 findChat: new chat not found 1953@c.us
📡 Enviando mensaje vía API local del bot...
❌ Error al enviar mensaje vía API local: HTTP 500 findChat: new chat not found 6094@c.us
❌ Error enviando a 50257186094: HTTP 500 findChat: new chat not found 6094@c.us
⚠️ 50257171707: sin contenido relevante → no se envía mensaje.
📡 Enviando mensaje vía API local del bot...
❌ Error al enviar mensaje vía API local: HTTP 500 findChat: new chat not found 0326@c.us
❌ Error enviando a 50233610326: HTTP 500 findChat: new chat not found 0326@c.us
📡 Enviando mensaje vía API local del bot...
❌ Error al enviar mensaje vía API local: HTTP 500 findChat: new chat not found 6516@c.us
❌ Error enviando a 50259906516: HTTP 500 findChat: new chat not found 6516@c.us
⚠️ 50250190948: sin contenido relevante → no se envía mensaje.
📡 Enviando mensaje vía API local del bot...
❌ Error al enviar mensaje vía API local: HTTP 500 findChat: new chat not found 3749@c.us
❌ Error enviando a 50254263749: HTTP 500 findChat: new chat not found 3749@c.us
📡 Enviando mensaje vía API local del bot...
❌ Error al enviar mensaje vía API local: HTTP 500 findChat: new chat not found 8550@c.us
❌ Error enviando a 50249728550: HTTP 500 findChat: new chat not found 8550@c.us
📡 Enviando mensaje vía API local del bot...
❌ Error al enviar mensaje vía API local: HTTP 500 findChat: new chat not found 5779@c.us
❌ Error enviando a 50235245779: HTTP 500 findChat: new chat not found 5779@c.us
📡 Enviando mensaje vía API local del bot...
❌ Error al enviar mensaje vía API local: HTTP 500 findChat: new chat not found 2572@c.us
❌ Error enviando a 50246532572: HTTP 500 findChat: new chat not found 2572@c.us
📡 Enviando mensaje vía API local del bot...
❌ Error al enviar mensaje vía API local: HTTP 500 findChat: new chat not found 3997@c.us
❌ Error enviando a 50249313997: HTTP 500 findChat: new chat not found 3997@c.us
📡 Enviando mensaje vía API local del bot...
❌ Error al enviar mensaje vía API local: HTTP 500 findChat: new chat not found 5876@c.us
❌ Error enviando a 50247685876: HTTP 500 findChat: new chat not found 5876@c.us
⚠️ 50246032841: sin contenido relevante → no se envía mensaje.
📡 Enviando mensaje vía API local del bot...
❌ Error al enviar mensaje vía API local: HTTP 500 findChat: new chat not found 5677@c.us
❌ Error enviando a 50255585677: HTTP 500 findChat: new chat not found 5677@c.us
⚠️ 50253556299: sin contenido relevante → no se envía mensaje.
📡 Enviando mensaje vía API local del bot...
❌ Error al enviar mensaje vía API local: HTTP 500 findChat: new chat not found 8098@c.us
❌ Error enviando a 50254608098: HTTP 500 findChat: new chat not found 8098@c.us
📡 Enviando mensaje vía API local del bot...
❌ Error al enviar mensaje vía API local: HTTP 500 findChat: new chat not found 5651@c.us
❌ Error enviando a 50236405651: HTTP 500 findChat: new chat not found 5651@c.us
⚠️ 50258261871: sin contenido relevante → no se envía mensaje.
⚠️ 50237829024: sin contenido relevante → no se envía mensaje.
📡 Enviando mensaje vía API local del bot...
❌ Error al enviar mensaje vía API local: HTTP 500 findChat: new chat not found 3437@c.us
❌ Error enviando a 50247543437: HTTP 500 findChat: new chat not found 3437@c.us
📡 Enviando mensaje vía API local del bot...
❌ Error al enviar mensaje vía API local: HTTP 500 findChat: new chat not found 2769@c.us
❌ Error enviando a 50240292769: HTTP 500 findChat: new chat not found 2769@c.us
⚠️ 50258955269: sin contenido relevante → no se envía mensaje.
⚠️ 50258053297: sin contenido relevante → no se envía mensaje.
⚠️ 50255584478: sin contenido relevante → no se envía mensaje.
⚠️ 50244819697: sin contenido relevante → no se envía mensaje.
⚠️ 50230063598: sin contenido relevante → no se envía mensaje.
📡 Enviando mensaje vía API local del bot...
❌ Error al enviar mensaje vía API local: HTTP 500 findChat: new chat not found 6628@c.us
❌ Error enviando a 50253176628: HTTP 500 findChat: new chat not found 6628@c.us
📡 Enviando mensaje vía API local del bot...
❌ Error al enviar mensaje vía API local: HTTP 500 findChat: new chat not found 2912@c.us
❌ Error enviando a 50241262912: HTTP 500 findChat: new chat not found 2912@c.us
⚠️ 50256416965: sin contenido relevante → no se envía mensaje.
📡 Enviando mensaje vía API local del bot...
❌ Error al enviar mensaje vía API local: HTTP 500 findChat: new chat not found 6181@c.us
❌ Error enviando a 50247456181: HTTP 500 findChat: new chat not found 6181@c.us
📡 Enviando mensaje vía API local del bot...
❌ Error al enviar mensaje vía API local: HTTP 500 findChat: new chat not found 5600@c.us
❌ Error enviando a 50252715600: HTTP 500 findChat: new chat not found 5600@c.us
⚠️ 50238844123: sin contenido relevante → no se envía mensaje.
📡 Enviando mensaje vía API local del bot...
❌ Error al enviar mensaje vía API local: HTTP 500 findChat: new chat not found 6060@c.us
❌ Error enviando a 50252006060: HTTP 500 findChat: new chat not found 6060@c.us
📡 Enviando mensaje vía API local del bot...
❌ Error al enviar mensaje vía API local: HTTP 500 findChat: new chat not found 7797@c.us
❌ Error enviando a 50253127797: HTTP 500 findChat: new chat not found 7797@c.us
📡 Enviando mensaje vía API local del bot...
❌ Error al enviar mensaje vía API local: HTTP 500 findChat: new chat not found 5516@c.us
❌ Error enviando a 50232955516: HTTP 500 findChat: new chat not found 5516@c.us
⚠️ 50240101714: sin contenido relevante → no se envía mensaje.
📡 Enviando mensaje vía API local del bot...
❌ Error al enviar mensaje vía API local: HTTP 500 findChat: new chat not found 4421@c.us
❌ Error enviando a 50241494421: HTTP 500 findChat: new chat not found 4421@c.us
📡 Enviando mensaje vía API local del bot...
❌ Error al enviar mensaje vía API local: HTTP 500 findChat: new chat not found 7338@c.us
❌ Error enviando a 50253807338: HTTP 500 findChat: new chat not found 7338@c.us
📡 Enviando mensaje vía API local del bot...
❌ Error al enviar mensaje vía API local: HTTP 500 findChat: new chat not found 6300@c.us
❌ Error enviando a 50250166300: HTTP 500 findChat: new chat not found 6300@c.us
📡 Enviando mensaje vía API local del bot...
❌ Error al enviar mensaje vía API local: HTTP 500 findChat: new chat not found 3288@c.us
❌ Error enviando a 50232883288: HTTP 500 findChat: new chat not found 3288@c.us
📡 Enviando mensaje vía API local del bot...
❌ Error al enviar mensaje vía API local: HTTP 500 findChat: new chat not found 1825@c.us
❌ Error enviando a 50230131825: HTTP 500 findChat: new chat not found 1825@c.us
📡 Enviando mensaje vía API local del bot...
❌ Error al enviar mensaje vía API local: HTTP 500 findChat: new chat not found 9749@c.us
❌ Error enviando a 50255449749: HTTP 500 findChat: new chat not found 9749@c.us
⚠️ 50236680850: sin contenido relevante → no se envía mensaje.
📡 Enviando mensaje vía API local del bot...
❌ Error al enviar mensaje vía API local: HTTP 500 findChat: new chat not found 5029@c.us
❌ Error enviando a 50256805029: HTTP 500 findChat: new chat not found 5029@c.us
⚠️ 50259108219: sin contenido relevante → no se envía mensaje.
📡 Enviando mensaje vía API local del bot...
❌ Error al enviar mensaje vía API local: HTTP 500 findChat: new chat not found 2992@c.us
❌ Error enviando a 50257582992: HTTP 500 findChat: new chat not found 2992@c.us
📡 Enviando mensaje vía API local del bot...
❌ Error al enviar mensaje vía API local: HTTP 500 findChat: new chat not found 1047@c.us
❌ Error enviando a 50230281047: HTTP 500 findChat: new chat not found 1047@c.us
📡 Enviando mensaje vía API local del bot...
❌ Error al enviar mensaje vía API local: HTTP 500 findChat: new chat not found 1231@c.us
❌ Error enviando a 50233291231: HTTP 500 findChat: new chat not found 1231@c.us
⚠️ 50250542584: sin contenido relevante → no se envía mensaje.
📡 Enviando mensaje vía API local del bot...
❌ Error al enviar mensaje vía API local: HTTP 500 findChat: new chat not found 2862@c.us
❌ Error enviando a 50230782862: HTTP 500 findChat: new chat not found 2862@c.us
⚠️ 50236076447: sin contenido relevante → no se envía mensaje.
📡 Enviando mensaje vía API local del bot...
❌ Error al enviar mensaje vía API local: HTTP 500 findChat: new chat not found 4284@c.us
❌ Error enviando a 50236764284: HTTP 500 findChat: new chat not found 4284@c.us
📡 Enviando mensaje vía API local del bot...
❌ Error al enviar mensaje vía API local: HTTP 500 findChat: new chat not found 1853@c.us
❌ Error enviando a 50235151853: HTTP 500 findChat: new chat not found 1853@c.us
📡 Enviando mensaje vía API local del bot...
❌ Error al enviar mensaje vía API local: HTTP 500 findChat: new chat not found 2345@c.us
❌ Error enviando a 50230082345: HTTP 500 findChat: new chat not found 2345@c.us
📡 Enviando mensaje vía API local del bot...
❌ Error al enviar mensaje vía API local: HTTP 500 findChat: new chat not found 1188@c.us
❌ Error enviando a 50256371188: HTTP 500 findChat: new chat not found 1188@c.us
📡 Enviando mensaje vía API local del bot...
❌ Error al enviar mensaje vía API local: HTTP 500 findChat: new chat not found 3113@c.us
❌ Error enviando a 50230083113: HTTP 500 findChat: new chat not found 3113@c.us
📡 Enviando mensaje vía API local del bot...
❌ Error al enviar mensaje vía API local: HTTP 500 findChat: new chat not found 6417@c.us
❌ Error enviando a 50255376417: HTTP 500 findChat: new chat not found 6417@c.us
📡 Enviando mensaje vía API local del bot...
❌ Error al enviar mensaje vía API local: HTTP 500 findChat: new chat not found 5235@c.us
❌ Error enviando a 50237655235: HTTP 500 findChat: new chat not found 5235@c.us
📡 Enviando mensaje vía API local del bot...
❌ Error al enviar mensaje vía API local: HTTP 500 findChat: new chat not found 1508@c.us
❌ Error enviando a 50242221508: HTTP 500 findChat: new chat not found 1508@c.us
⚠️ 50246854703: sin contenido relevante → no se envía mensaje.
⚠️ 50256521588: sin contenido relevante → no se envía mensaje.
📡 Enviando mensaje vía API local del bot...
❌ Error al enviar mensaje vía API local: HTTP 500 findChat: new chat not found 7085@c.us
❌ Error enviando a 50687637085: HTTP 500 findChat: new chat not found 7085@c.us
📡 Enviando mensaje vía API local del bot...
❌ Error al enviar mensaje vía API local: HTTP 500 findChat: new chat not found 6795@c.us
❌ Error enviando a 50240686795: HTTP 500 findChat: new chat not found 6795@c.us
📡 Enviando mensaje vía API local del bot...
❌ Error al enviar mensaje vía API local: HTTP 500 findChat: new chat not found 0287@c.us
❌ Error enviando a 50255130287: HTTP 500 findChat: new chat not found 0287@c.us
📡 Enviando mensaje vía API local del bot...
❌ Error al enviar mensaje vía API local: HTTP 500 findChat: new chat not found 0616@c.us
❌ Error enviando a 50259450616: HTTP 500 findChat: new chat not found 0616@c.us
⚠️ 50255541565: sin contenido relevante → no se envía mensaje.
📡 Enviando mensaje vía API local del bot...
❌ Error al enviar mensaje vía API local: HTTP 500 findChat: new chat not found 9297@c.us
❌ Error enviando a 50258349297: HTTP 500 findChat: new chat not found 9297@c.us
📡 Enviando mensaje vía API local del bot...
❌ Error al enviar mensaje vía API local: HTTP 500 findChat: new chat not found 9331@c.us
❌ Error enviando a 50249529331: HTTP 500 findChat: new chat not found 9331@c.us
⚠️ 50241139319: sin contenido relevante → no se envía mensaje.
📡 Enviando mensaje vía API local del bot...
❌ Error al enviar mensaje vía API local: HTTP 500 findChat: new chat not found 4268@c.us
❌ Error enviando a 50257184268: HTTP 500 findChat: new chat not found 4268@c.us
📡 Enviando mensaje vía API local del bot...
❌ Error al enviar mensaje vía API local: HTTP 500 findChat: new chat not found 0831@c.us
❌ Error enviando a 50242110831: HTTP 500 findChat: new chat not found 0831@c.us
📡 Enviando mensaje vía API local del bot...
❌ Error al enviar mensaje vía API local: HTTP 500 findChat: new chat not found 6473@c.us
❌ Error enviando a 50230086473: HTTP 500 findChat: new chat not found 6473@c.us
📡 Enviando mensaje vía API local del bot...
❌ Error al enviar mensaje vía API local: HTTP 500 findChat: new chat not found 2170@c.us
❌ Error enviando a 50255262170: HTTP 500 findChat: new chat not found 2170@c.us
📡 Enviando mensaje vía API local del bot...
❌ Error al enviar mensaje vía API local: HTTP 500 findChat: new chat not found 8130@c.us
❌ Error enviando a 50258748130: HTTP 500 findChat: new chat not found 8130@c.us
⚠️ 50242968481: sin contenido relevante → no se envía mensaje.
📡 Enviando mensaje vía API local del bot...
❌ Error al enviar mensaje vía API local: HTTP 500 findChat: new chat not found 3665@c.us
❌ Error enviando a 50241143665: HTTP 500 findChat: new chat not found 3665@c.us
📡 Enviando mensaje vía API local del bot...
❌ Error al enviar mensaje vía API local: HTTP 500 findChat: new chat not found 5152@c.us
❌ Error enviando a 50252025152: HTTP 500 findChat: new chat not found 5152@c.us
📡 Enviando mensaje vía API local del bot...
❌ Error al enviar mensaje vía API local: HTTP 500 findChat: new chat not found 8591@c.us
❌ Error enviando a 50240858591: HTTP 500 findChat: new chat not found 8591@c.us
📡 Enviando mensaje vía API local del bot...
❌ Error al enviar mensaje vía API local: HTTP 500 findChat: new chat not found 4879@c.us
❌ Error enviando a 50236134879: HTTP 500 findChat: new chat not found 4879@c.us
📡 Enviando mensaje vía API local del bot...
❌ Error al enviar mensaje vía API local: HTTP 500 findChat: new chat not found 4879@c.us
❌ Error enviando a 50236134879: HTTP 500 findChat: new chat not found 4879@c.us
📡 Enviando mensaje vía API local del bot...
❌ Error al enviar mensaje vía API local: HTTP 500 findChat: new chat not found 3476@c.us
❌ Error enviando a 50258253476: HTTP 500 findChat: new chat not found 3476@c.us
📡 Enviando mensaje vía API local del bot...
❌ Error al enviar mensaje vía API local: HTTP 500 findChat: new chat not found 8294@c.us
❌ Error enviando a 50241288294: HTTP 500 findChat: new chat not found 8294@c.us
📡 Enviando mensaje vía API local del bot...
❌ Error al enviar mensaje vía API local: HTTP 500 findChat: new chat not found 4297@c.us
❌ Error enviando a 50235954297: HTTP 500 findChat: new chat not found 4297@c.us
⚠️ 50230718631: sin contenido relevante → no se envía mensaje.
⚠️ 50254140866: sin contenido relevante → no se envía mensaje.
📡 Enviando mensaje vía API local del bot...
❌ Error al enviar mensaje vía API local: HTTP 500 findChat: new chat not found 5724@c.us
❌ Error enviando a 50247695724: HTTP 500 findChat: new chat not found 5724@c.us
📡 Enviando mensaje vía API local del bot...
❌ Error al enviar mensaje vía API local: HTTP 500 findChat: new chat not found 9247@c.us
⚠️ No se pudo enviar resumen al admin: HTTP 500 findChat: new chat not found 9247@c.us
🟢 Finalizado y DB cerrada.
[dotenv@17.2.3] injecting env (10) from ../.env -- tip: 📡 add observability to secrets: https://dotenvx.com/ops
[dotenv@17.2.3] injecting env (0) from .env -- tip: 🛠️  run anywhere with `dotenvx run -- yourcommand`
[dotenv@17.2.3] injecting env (0) from ../.env -- tip: ⚙️  override existing env vars with { override: true }
[dotenv@17.2.3] injecting env (0) from .env -- tip: ⚙️  load multiple .env files with { path: ['.env.local', '.env'] }
🕓 Iniciando envío automático de noticias diarias...

🗂️ Departamentos con notas hoy: [ 'Guatemala', 'Noticias', 'Portada', 'Quetzaltenango' ]
📊 OjoAlDato cargado: {
  fecha: '4/3/2026',
  departamento: 'Zacapa',
  texto: 'Por 500 almuerzos para el 8 de marzo y 500 cenas para el día siguiente en el marco de la conmemoración del Día Internacional de la Mujer en el municipio de Gualán, Zacapa, la comuna adjudicó Q74,000 a Karla Joana Cabrera Sosa.'
}
👥 Suscriptores activos: 101
⚠️ 50432745042: sin contenido relevante → no se envía mensaje.
📡 Enviando mensaje vía API local del bot...
❌ Error al enviar mensaje vía API local: HTTP 500 findChat: new chat not found 9247@c.us
❌ Error enviando a 50255629247: HTTP 500 findChat: new chat not found 9247@c.us
⚠️ 50254747827: sin contenido relevante → no se envía mensaje.
⚠️ 50254827902: sin contenido relevante → no se envía mensaje.
📡 Enviando mensaje vía API local del bot...
❌ Error al enviar mensaje vía API local: HTTP 500 findChat: new chat not found 9220@c.us
❌ Error enviando a 50257049220: HTTP 500 findChat: new chat not found 9220@c.us
⚠️ 50230080060: sin contenido relevante → no se envía mensaje.
⚠️ 50247858363: sin contenido relevante → no se envía mensaje.
📡 Enviando mensaje vía API local del bot...
❌ Error al enviar mensaje vía API local: HTTP 500 findChat: new chat not found 0537@c.us
❌ Error enviando a 50232050537: HTTP 500 findChat: new chat not found 0537@c.us
📡 Enviando mensaje vía API local del bot...
❌ Error al enviar mensaje vía API local: HTTP 500 findChat: new chat not found 0168@c.us
❌ Error enviando a 50253460168: HTTP 500 findChat: new chat not found 0168@c.us
📡 Enviando mensaje vía API local del bot...
❌ Error al enviar mensaje vía API local: HTTP 500 findChat: new chat not found 5423@c.us
❌ Error enviando a 50230465423: HTTP 500 findChat: new chat not found 5423@c.us
⚠️ 50253065146: sin contenido relevante → no se envía mensaje.
📡 Enviando mensaje vía API local del bot...
❌ Error al enviar mensaje vía API local: HTTP 500 findChat: new chat not found 4110@c.us
❌ Error enviando a 50255284110: HTTP 500 findChat: new chat not found 4110@c.us
⚠️ 50254210055: sin contenido relevante → no se envía mensaje.
⚠️ 50255294247: sin contenido relevante → no se envía mensaje.
📡 Enviando mensaje vía API local del bot...
❌ Error al enviar mensaje vía API local: HTTP 500 findChat: new chat not found 0000@c.us
❌ Error enviando a 50237330000: HTTP 500 findChat: new chat not found 0000@c.us
📡 Enviando mensaje vía API local del bot...
❌ Error al enviar mensaje vía API local: HTTP 500 findChat: new chat not found 1953@c.us
❌ Error enviando a 50245491953: HTTP 500 findChat: new chat not found 1953@c.us
📡 Enviando mensaje vía API local del bot...
❌ Error al enviar mensaje vía API local: HTTP 500 findChat: new chat not found 6094@c.us
❌ Error enviando a 50257186094: HTTP 500 findChat: new chat not found 6094@c.us
📡 Enviando mensaje vía API local del bot...
❌ Error al enviar mensaje vía API local: HTTP 500 findChat: new chat not found 1707@c.us
❌ Error enviando a 50257171707: HTTP 500 findChat: new chat not found 1707@c.us
📡 Enviando mensaje vía API local del bot...
❌ Error al enviar mensaje vía API local: HTTP 500 findChat: new chat not found 0326@c.us
❌ Error enviando a 50233610326: HTTP 500 findChat: new chat not found 0326@c.us
📡 Enviando mensaje vía API local del bot...
❌ Error al enviar mensaje vía API local: HTTP 500 findChat: new chat not found 6516@c.us
❌ Error enviando a 50259906516: HTTP 500 findChat: new chat not found 6516@c.us
📡 Enviando mensaje vía API local del bot...
❌ Error al enviar mensaje vía API local: HTTP 500 findChat: new chat not found 0948@c.us
❌ Error enviando a 50250190948: HTTP 500 findChat: new chat not found 0948@c.us
📡 Enviando mensaje vía API local del bot...
❌ Error al enviar mensaje vía API local: HTTP 500 findChat: new chat not found 3749@c.us
❌ Error enviando a 50254263749: HTTP 500 findChat: new chat not found 3749@c.us
📡 Enviando mensaje vía API local del bot...
❌ Error al enviar mensaje vía API local: HTTP 500 findChat: new chat not found 8550@c.us
❌ Error enviando a 50249728550: HTTP 500 findChat: new chat not found 8550@c.us
📡 Enviando mensaje vía API local del bot...
❌ Error al enviar mensaje vía API local: HTTP 500 findChat: new chat not found 5779@c.us
❌ Error enviando a 50235245779: HTTP 500 findChat: new chat not found 5779@c.us
📡 Enviando mensaje vía API local del bot...
❌ Error al enviar mensaje vía API local: HTTP 500 findChat: new chat not found 2572@c.us
❌ Error enviando a 50246532572: HTTP 500 findChat: new chat not found 2572@c.us
⚠️ 50249313997: sin contenido relevante → no se envía mensaje.
📡 Enviando mensaje vía API local del bot...
❌ Error al enviar mensaje vía API local: HTTP 500 findChat: new chat not found 5876@c.us
❌ Error enviando a 50247685876: HTTP 500 findChat: new chat not found 5876@c.us
⚠️ 50246032841: sin contenido relevante → no se envía mensaje.
📡 Enviando mensaje vía API local del bot...
❌ Error al enviar mensaje vía API local: HTTP 500 findChat: new chat not found 5677@c.us
❌ Error enviando a 50255585677: HTTP 500 findChat: new chat not found 5677@c.us
📡 Enviando mensaje vía API local del bot...
❌ Error al enviar mensaje vía API local: HTTP 500 findChat: new chat not found 6299@c.us
❌ Error enviando a 50253556299: HTTP 500 findChat: new chat not found 6299@c.us
📡 Enviando mensaje vía API local del bot...
❌ Error al enviar mensaje vía API local: HTTP 500 findChat: new chat not found 8098@c.us
❌ Error enviando a 50254608098: HTTP 500 findChat: new chat not found 8098@c.us
📡 Enviando mensaje vía API local del bot...
❌ Error al enviar mensaje vía API local: HTTP 500 findChat: new chat not found 5651@c.us
❌ Error enviando a 50236405651: HTTP 500 findChat: new chat not found 5651@c.us
⚠️ 50258261871: sin contenido relevante → no se envía mensaje.
⚠️ 50237829024: sin contenido relevante → no se envía mensaje.
📡 Enviando mensaje vía API local del bot...
❌ Error al enviar mensaje vía API local: HTTP 500 findChat: new chat not found 3437@c.us
❌ Error enviando a 50247543437: HTTP 500 findChat: new chat not found 3437@c.us
📡 Enviando mensaje vía API local del bot...
❌ Error al enviar mensaje vía API local: HTTP 500 findChat: new chat not found 2769@c.us
❌ Error enviando a 50240292769: HTTP 500 findChat: new chat not found 2769@c.us
⚠️ 50258955269: sin contenido relevante → no se envía mensaje.
⚠️ 50258053297: sin contenido relevante → no se envía mensaje.
⚠️ 50255584478: sin contenido relevante → no se envía mensaje.
📡 Enviando mensaje vía API local del bot...
❌ Error al enviar mensaje vía API local: HTTP 500 findChat: new chat not found 9697@c.us
❌ Error enviando a 50244819697: HTTP 500 findChat: new chat not found 9697@c.us
⚠️ 50230063598: sin contenido relevante → no se envía mensaje.
📡 Enviando mensaje vía API local del bot...
❌ Error al enviar mensaje vía API local: HTTP 500 findChat: new chat not found 6628@c.us
❌ Error enviando a 50253176628: HTTP 500 findChat: new chat not found 6628@c.us
📡 Enviando mensaje vía API local del bot...
❌ Error al enviar mensaje vía API local: HTTP 500 findChat: new chat not found 2912@c.us
❌ Error enviando a 50241262912: HTTP 500 findChat: new chat not found 2912@c.us
📡 Enviando mensaje vía API local del bot...
❌ Error al enviar mensaje vía API local: HTTP 500 findChat: new chat not found 6965@c.us
❌ Error enviando a 50256416965: HTTP 500 findChat: new chat not found 6965@c.us
📡 Enviando mensaje vía API local del bot...
❌ Error al enviar mensaje vía API local: HTTP 500 findChat: new chat not found 6181@c.us
❌ Error enviando a 50247456181: HTTP 500 findChat: new chat not found 6181@c.us
📡 Enviando mensaje vía API local del bot...
❌ Error al enviar mensaje vía API local: HTTP 500 findChat: new chat not found 5600@c.us
❌ Error enviando a 50252715600: HTTP 500 findChat: new chat not found 5600@c.us
📡 Enviando mensaje vía API local del bot...
❌ Error al enviar mensaje vía API local: HTTP 500 findChat: new chat not found 4123@c.us
❌ Error enviando a 50238844123: HTTP 500 findChat: new chat not found 4123@c.us
📡 Enviando mensaje vía API local del bot...
❌ Error al enviar mensaje vía API local: HTTP 500 findChat: new chat not found 6060@c.us
❌ Error enviando a 50252006060: HTTP 500 findChat: new chat not found 6060@c.us
📡 Enviando mensaje vía API local del bot...
❌ Error al enviar mensaje vía API local: HTTP 500 findChat: new chat not found 7797@c.us
❌ Error enviando a 50253127797: HTTP 500 findChat: new chat not found 7797@c.us
📡 Enviando mensaje vía API local del bot...
❌ Error al enviar mensaje vía API local: HTTP 500 findChat: new chat not found 5516@c.us
❌ Error enviando a 50232955516: HTTP 500 findChat: new chat not found 5516@c.us
⚠️ 50240101714: sin contenido relevante → no se envía mensaje.
📡 Enviando mensaje vía API local del bot...
❌ Error al enviar mensaje vía API local: HTTP 500 findChat: new chat not found 4421@c.us
❌ Error enviando a 50241494421: HTTP 500 findChat: new chat not found 4421@c.us
📡 Enviando mensaje vía API local del bot...
❌ Error al enviar mensaje vía API local: HTTP 500 findChat: new chat not found 7338@c.us
❌ Error enviando a 50253807338: HTTP 500 findChat: new chat not found 7338@c.us
📡 Enviando mensaje vía API local del bot...
❌ Error al enviar mensaje vía API local: HTTP 500 findChat: new chat not found 6300@c.us
❌ Error enviando a 50250166300: HTTP 500 findChat: new chat not found 6300@c.us
📡 Enviando mensaje vía API local del bot...
❌ Error al enviar mensaje vía API local: HTTP 500 findChat: new chat not found 3288@c.us
❌ Error enviando a 50232883288: HTTP 500 findChat: new chat not found 3288@c.us
📡 Enviando mensaje vía API local del bot...
❌ Error al enviar mensaje vía API local: HTTP 500 findChat: new chat not found 1825@c.us
❌ Error enviando a 50230131825: HTTP 500 findChat: new chat not found 1825@c.us
📡 Enviando mensaje vía API local del bot...
❌ Error al enviar mensaje vía API local: HTTP 500 findChat: new chat not found 9749@c.us
❌ Error enviando a 50255449749: HTTP 500 findChat: new chat not found 9749@c.us
⚠️ 50236680850: sin contenido relevante → no se envía mensaje.
📡 Enviando mensaje vía API local del bot...
❌ Error al enviar mensaje vía API local: HTTP 500 findChat: new chat not found 5029@c.us
❌ Error enviando a 50256805029: HTTP 500 findChat: new chat not found 5029@c.us
⚠️ 50259108219: sin contenido relevante → no se envía mensaje.
📡 Enviando mensaje vía API local del bot...
❌ Error al enviar mensaje vía API local: HTTP 500 findChat: new chat not found 2992@c.us
❌ Error enviando a 50257582992: HTTP 500 findChat: new chat not found 2992@c.us
📡 Enviando mensaje vía API local del bot...
❌ Error al enviar mensaje vía API local: HTTP 500 findChat: new chat not found 1047@c.us
❌ Error enviando a 50230281047: HTTP 500 findChat: new chat not found 1047@c.us
📡 Enviando mensaje vía API local del bot...
❌ Error al enviar mensaje vía API local: HTTP 500 findChat: new chat not found 1231@c.us
❌ Error enviando a 50233291231: HTTP 500 findChat: new chat not found 1231@c.us
⚠️ 50250542584: sin contenido relevante → no se envía mensaje.
📡 Enviando mensaje vía API local del bot...
❌ Error al enviar mensaje vía API local: HTTP 500 findChat: new chat not found 2862@c.us
❌ Error enviando a 50230782862: HTTP 500 findChat: new chat not found 2862@c.us
⚠️ 50236076447: sin contenido relevante → no se envía mensaje.
📡 Enviando mensaje vía API local del bot...
❌ Error al enviar mensaje vía API local: HTTP 500 findChat: new chat not found 4284@c.us
❌ Error enviando a 50236764284: HTTP 500 findChat: new chat not found 4284@c.us
📡 Enviando mensaje vía API local del bot...
❌ Error al enviar mensaje vía API local: HTTP 500 findChat: new chat not found 1853@c.us
❌ Error enviando a 50235151853: HTTP 500 findChat: new chat not found 1853@c.us
📡 Enviando mensaje vía API local del bot...
❌ Error al enviar mensaje vía API local: HTTP 500 findChat: new chat not found 2345@c.us
❌ Error enviando a 50230082345: HTTP 500 findChat: new chat not found 2345@c.us
📡 Enviando mensaje vía API local del bot...
❌ Error al enviar mensaje vía API local: HTTP 500 findChat: new chat not found 1188@c.us
❌ Error enviando a 50256371188: HTTP 500 findChat: new chat not found 1188@c.us
📡 Enviando mensaje vía API local del bot...
❌ Error al enviar mensaje vía API local: HTTP 500 findChat: new chat not found 3113@c.us
❌ Error enviando a 50230083113: HTTP 500 findChat: new chat not found 3113@c.us
📡 Enviando mensaje vía API local del bot...
❌ Error al enviar mensaje vía API local: HTTP 500 findChat: new chat not found 6417@c.us
❌ Error enviando a 50255376417: HTTP 500 findChat: new chat not found 6417@c.us
📡 Enviando mensaje vía API local del bot...
❌ Error al enviar mensaje vía API local: HTTP 500 findChat: new chat not found 5235@c.us
❌ Error enviando a 50237655235: HTTP 500 findChat: new chat not found 5235@c.us
📡 Enviando mensaje vía API local del bot...
❌ Error al enviar mensaje vía API local: HTTP 500 findChat: new chat not found 1508@c.us
❌ Error enviando a 50242221508: HTTP 500 findChat: new chat not found 1508@c.us
⚠️ 50246854703: sin contenido relevante → no se envía mensaje.
⚠️ 50256521588: sin contenido relevante → no se envía mensaje.
⚠️ 50687637085: sin contenido relevante → no se envía mensaje.
📡 Enviando mensaje vía API local del bot...
❌ Error al enviar mensaje vía API local: HTTP 500 findChat: new chat not found 6795@c.us
❌ Error enviando a 50240686795: HTTP 500 findChat: new chat not found 6795@c.us
📡 Enviando mensaje vía API local del bot...
❌ Error al enviar mensaje vía API local: HTTP 500 findChat: new chat not found 0287@c.us
❌ Error enviando a 50255130287: HTTP 500 findChat: new chat not found 0287@c.us
📡 Enviando mensaje vía API local del bot...
❌ Error al enviar mensaje vía API local: HTTP 500 findChat: new chat not found 0616@c.us
❌ Error enviando a 50259450616: HTTP 500 findChat: new chat not found 0616@c.us
⚠️ 50255541565: sin contenido relevante → no se envía mensaje.
📡 Enviando mensaje vía API local del bot...
❌ Error al enviar mensaje vía API local: HTTP 500 findChat: new chat not found 9297@c.us
❌ Error enviando a 50258349297: HTTP 500 findChat: new chat not found 9297@c.us
📡 Enviando mensaje vía API local del bot...
❌ Error al enviar mensaje vía API local: HTTP 500 findChat: new chat not found 9331@c.us
❌ Error enviando a 50249529331: HTTP 500 findChat: new chat not found 9331@c.us
⚠️ 50241139319: sin contenido relevante → no se envía mensaje.
📡 Enviando mensaje vía API local del bot...
❌ Error al enviar mensaje vía API local: HTTP 500 findChat: new chat not found 4268@c.us
❌ Error enviando a 50257184268: HTTP 500 findChat: new chat not found 4268@c.us
📡 Enviando mensaje vía API local del bot...
❌ Error al enviar mensaje vía API local: HTTP 500 findChat: new chat not found 0831@c.us
❌ Error enviando a 50242110831: HTTP 500 findChat: new chat not found 0831@c.us
📡 Enviando mensaje vía API local del bot...
❌ Error al enviar mensaje vía API local: HTTP 500 findChat: new chat not found 6473@c.us
❌ Error enviando a 50230086473: HTTP 500 findChat: new chat not found 6473@c.us
📡 Enviando mensaje vía API local del bot...
❌ Error al enviar mensaje vía API local: HTTP 500 findChat: new chat not found 2170@c.us
❌ Error enviando a 50255262170: HTTP 500 findChat: new chat not found 2170@c.us
📡 Enviando mensaje vía API local del bot...
❌ Error al enviar mensaje vía API local: HTTP 500 findChat: new chat not found 8130@c.us
❌ Error enviando a 50258748130: HTTP 500 findChat: new chat not found 8130@c.us
⚠️ 50242968481: sin contenido relevante → no se envía mensaje.
📡 Enviando mensaje vía API local del bot...
❌ Error al enviar mensaje vía API local: HTTP 500 findChat: new chat not found 3665@c.us
❌ Error enviando a 50241143665: HTTP 500 findChat: new chat not found 3665@c.us
📡 Enviando mensaje vía API local del bot...
❌ Error al enviar mensaje vía API local: HTTP 500 findChat: new chat not found 5152@c.us
❌ Error enviando a 50252025152: HTTP 500 findChat: new chat not found 5152@c.us
📡 Enviando mensaje vía API local del bot...
❌ Error al enviar mensaje vía API local: HTTP 500 findChat: new chat not found 8591@c.us
❌ Error enviando a 50240858591: HTTP 500 findChat: new chat not found 8591@c.us
📡 Enviando mensaje vía API local del bot...
❌ Error al enviar mensaje vía API local: HTTP 500 findChat: new chat not found 4879@c.us
❌ Error enviando a 50236134879: HTTP 500 findChat: new chat not found 4879@c.us
📡 Enviando mensaje vía API local del bot...
❌ Error al enviar mensaje vía API local: HTTP 500 findChat: new chat not found 4879@c.us
❌ Error enviando a 50236134879: HTTP 500 findChat: new chat not found 4879@c.us
📡 Enviando mensaje vía API local del bot...
❌ Error al enviar mensaje vía API local: HTTP 500 findChat: new chat not found 3476@c.us
❌ Error enviando a 50258253476: HTTP 500 findChat: new chat not found 3476@c.us
📡 Enviando mensaje vía API local del bot...
❌ Error al enviar mensaje vía API local: HTTP 500 findChat: new chat not found 8294@c.us
❌ Error enviando a 50241288294: HTTP 500 findChat: new chat not found 8294@c.us
📡 Enviando mensaje vía API local del bot...
❌ Error al enviar mensaje vía API local: HTTP 500 findChat: new chat not found 4297@c.us
❌ Error enviando a 50235954297: HTTP 500 findChat: new chat not found 4297@c.us
⚠️ 50230718631: sin contenido relevante → no se envía mensaje.
⚠️ 50254140866: sin contenido relevante → no se envía mensaje.
📡 Enviando mensaje vía API local del bot...
❌ Error al enviar mensaje vía API local: HTTP 500 findChat: new chat not found 5724@c.us
❌ Error enviando a 50247695724: HTTP 500 findChat: new chat not found 5724@c.us
📡 Enviando mensaje vía API local del bot...
❌ Error al enviar mensaje vía API local: HTTP 500 findChat: new chat not found 9247@c.us
⚠️ No se pudo enviar resumen al admin: HTTP 500 findChat: new chat not found 9247@c.us
🟢 Finalizado y DB cerrada.
[dotenv@17.2.3] injecting env (10) from ../.env -- tip: 🔄 add secrets lifecycle management: https://dotenvx.com/ops
[dotenv@17.2.3] injecting env (0) from .env -- tip: 🔐 prevent building .env in docker: https://dotenvx.com/prebuild
[dotenv@17.2.3] injecting env (0) from ../.env -- tip: 🔐 prevent committing .env to code: https://dotenvx.com/precommit
[dotenv@17.2.3] injecting env (0) from .env -- tip: ⚙️  write to custom object with { processEnv: myObject }
🕓 Iniciando envío automático de noticias diarias...

🗂️ Departamentos con notas hoy: [
  'Guatemala',
  'Portada',
  'Alta Verapaz',
  'Noticias',
  '#JotaCe',
  'Jutiapa'
]
📊 OjoAlDato cargado: {
  fecha: '5/3/2026',
  departamento: 'Petén',
  texto: 'Por la compra de kits de limpieza, la municipalidad de Poptún Petén, adjudicó Q2,981. Serán utilizados para “capacitaciones sobre el uso y elaboración de productos de limpieza, dirigidas a grupos de mujeres organizadas de diferentes barrios y caseríos del municipio”.'
}
👥 Suscriptores activos: 101
⚠️ 50432745042: sin contenido relevante → no se envía mensaje.
📡 Enviando mensaje vía API local del bot...
❌ Error al enviar mensaje vía API local: HTTP 500 findChat: new chat not found 9247@c.us
❌ Error enviando a 50255629247: HTTP 500 findChat: new chat not found 9247@c.us
⚠️ 50254747827: sin contenido relevante → no se envía mensaje.
⚠️ 50254827902: sin contenido relevante → no se envía mensaje.
📡 Enviando mensaje vía API local del bot...
❌ Error al enviar mensaje vía API local: HTTP 500 findChat: new chat not found 9220@c.us
❌ Error enviando a 50257049220: HTTP 500 findChat: new chat not found 9220@c.us
⚠️ 50230080060: sin contenido relevante → no se envía mensaje.
⚠️ 50247858363: sin contenido relevante → no se envía mensaje.
⚠️ 50232050537: sin contenido relevante → no se envía mensaje.
📡 Enviando mensaje vía API local del bot...
❌ Error al enviar mensaje vía API local: HTTP 500 findChat: new chat not found 0168@c.us
❌ Error enviando a 50253460168: HTTP 500 findChat: new chat not found 0168@c.us
⚠️ 50230465423: sin contenido relevante → no se envía mensaje.
📡 Enviando mensaje vía API local del bot...
❌ Error al enviar mensaje vía API local: HTTP 500 findChat: new chat not found 5146@c.us
❌ Error enviando a 50253065146: HTTP 500 findChat: new chat not found 5146@c.us
📡 Enviando mensaje vía API local del bot...
❌ Error al enviar mensaje vía API local: HTTP 500 findChat: new chat not found 4110@c.us
❌ Error enviando a 50255284110: HTTP 500 findChat: new chat not found 4110@c.us
⚠️ 50254210055: sin contenido relevante → no se envía mensaje.
⚠️ 50255294247: sin contenido relevante → no se envía mensaje.
📡 Enviando mensaje vía API local del bot...
❌ Error al enviar mensaje vía API local: HTTP 500 findChat: new chat not found 0000@c.us
❌ Error enviando a 50237330000: HTTP 500 findChat: new chat not found 0000@c.us
📡 Enviando mensaje vía API local del bot...
❌ Error al enviar mensaje vía API local: HTTP 500 findChat: new chat not found 1953@c.us
❌ Error enviando a 50245491953: HTTP 500 findChat: new chat not found 1953@c.us
📡 Enviando mensaje vía API local del bot...
❌ Error al enviar mensaje vía API local: HTTP 500 findChat: new chat not found 6094@c.us
❌ Error enviando a 50257186094: HTTP 500 findChat: new chat not found 6094@c.us
⚠️ 50257171707: sin contenido relevante → no se envía mensaje.
📡 Enviando mensaje vía API local del bot...
❌ Error al enviar mensaje vía API local: HTTP 500 findChat: new chat not found 0326@c.us
❌ Error enviando a 50233610326: HTTP 500 findChat: new chat not found 0326@c.us
📡 Enviando mensaje vía API local del bot...
❌ Error al enviar mensaje vía API local: HTTP 500 findChat: new chat not found 6516@c.us
❌ Error enviando a 50259906516: HTTP 500 findChat: new chat not found 6516@c.us
⚠️ 50250190948: sin contenido relevante → no se envía mensaje.
📡 Enviando mensaje vía API local del bot...
❌ Error al enviar mensaje vía API local: HTTP 500 findChat: new chat not found 3749@c.us
❌ Error enviando a 50254263749: HTTP 500 findChat: new chat not found 3749@c.us
📡 Enviando mensaje vía API local del bot...
❌ Error al enviar mensaje vía API local: HTTP 500 findChat: new chat not found 8550@c.us
❌ Error enviando a 50249728550: HTTP 500 findChat: new chat not found 8550@c.us
📡 Enviando mensaje vía API local del bot...
❌ Error al enviar mensaje vía API local: HTTP 500 findChat: new chat not found 5779@c.us
❌ Error enviando a 50235245779: HTTP 500 findChat: new chat not found 5779@c.us
📡 Enviando mensaje vía API local del bot...
❌ Error al enviar mensaje vía API local: HTTP 500 findChat: new chat not found 2572@c.us
❌ Error enviando a 50246532572: HTTP 500 findChat: new chat not found 2572@c.us
📡 Enviando mensaje vía API local del bot...
❌ Error al enviar mensaje vía API local: HTTP 500 findChat: new chat not found 3997@c.us
❌ Error enviando a 50249313997: HTTP 500 findChat: new chat not found 3997@c.us
📡 Enviando mensaje vía API local del bot...
❌ Error al enviar mensaje vía API local: HTTP 500 findChat: new chat not found 5876@c.us
❌ Error enviando a 50247685876: HTTP 500 findChat: new chat not found 5876@c.us
⚠️ 50246032841: sin contenido relevante → no se envía mensaje.
📡 Enviando mensaje vía API local del bot...
❌ Error al enviar mensaje vía API local: HTTP 500 findChat: new chat not found 5677@c.us
❌ Error enviando a 50255585677: HTTP 500 findChat: new chat not found 5677@c.us
⚠️ 50253556299: sin contenido relevante → no se envía mensaje.
📡 Enviando mensaje vía API local del bot...
❌ Error al enviar mensaje vía API local: HTTP 500 findChat: new chat not found 8098@c.us
❌ Error enviando a 50254608098: HTTP 500 findChat: new chat not found 8098@c.us
📡 Enviando mensaje vía API local del bot...
❌ Error al enviar mensaje vía API local: HTTP 500 findChat: new chat not found 5651@c.us
❌ Error enviando a 50236405651: HTTP 500 findChat: new chat not found 5651@c.us
⚠️ 50258261871: sin contenido relevante → no se envía mensaje.
📡 Enviando mensaje vía API local del bot...
❌ Error al enviar mensaje vía API local: HTTP 500 findChat: new chat not found 9024@c.us
❌ Error enviando a 50237829024: HTTP 500 findChat: new chat not found 9024@c.us
📡 Enviando mensaje vía API local del bot...
❌ Error al enviar mensaje vía API local: HTTP 500 findChat: new chat not found 3437@c.us
❌ Error enviando a 50247543437: HTTP 500 findChat: new chat not found 3437@c.us
📡 Enviando mensaje vía API local del bot...
❌ Error al enviar mensaje vía API local: HTTP 500 findChat: new chat not found 2769@c.us
❌ Error enviando a 50240292769: HTTP 500 findChat: new chat not found 2769@c.us
📡 Enviando mensaje vía API local del bot...
❌ Error al enviar mensaje vía API local: HTTP 500 findChat: new chat not found 5269@c.us
❌ Error enviando a 50258955269: HTTP 500 findChat: new chat not found 5269@c.us
📡 Enviando mensaje vía API local del bot...
❌ Error al enviar mensaje vía API local: HTTP 500 findChat: new chat not found 3297@c.us
❌ Error enviando a 50258053297: HTTP 500 findChat: new chat not found 3297@c.us
⚠️ 50255584478: sin contenido relevante → no se envía mensaje.
⚠️ 50244819697: sin contenido relevante → no se envía mensaje.
⚠️ 50230063598: sin contenido relevante → no se envía mensaje.
📡 Enviando mensaje vía API local del bot...
❌ Error al enviar mensaje vía API local: HTTP 500 findChat: new chat not found 6628@c.us
❌ Error enviando a 50253176628: HTTP 500 findChat: new chat not found 6628@c.us
📡 Enviando mensaje vía API local del bot...
❌ Error al enviar mensaje vía API local: HTTP 500 findChat: new chat not found 2912@c.us
❌ Error enviando a 50241262912: HTTP 500 findChat: new chat not found 2912@c.us
⚠️ 50256416965: sin contenido relevante → no se envía mensaje.
📡 Enviando mensaje vía API local del bot...
❌ Error al enviar mensaje vía API local: HTTP 500 findChat: new chat not found 6181@c.us
❌ Error enviando a 50247456181: HTTP 500 findChat: new chat not found 6181@c.us
📡 Enviando mensaje vía API local del bot...
❌ Error al enviar mensaje vía API local: HTTP 500 findChat: new chat not found 5600@c.us
❌ Error enviando a 50252715600: HTTP 500 findChat: new chat not found 5600@c.us
⚠️ 50238844123: sin contenido relevante → no se envía mensaje.
📡 Enviando mensaje vía API local del bot...
❌ Error al enviar mensaje vía API local: HTTP 500 findChat: new chat not found 6060@c.us
❌ Error enviando a 50252006060: HTTP 500 findChat: new chat not found 6060@c.us
📡 Enviando mensaje vía API local del bot...
❌ Error al enviar mensaje vía API local: HTTP 500 findChat: new chat not found 7797@c.us
❌ Error enviando a 50253127797: HTTP 500 findChat: new chat not found 7797@c.us
📡 Enviando mensaje vía API local del bot...
❌ Error al enviar mensaje vía API local: HTTP 500 findChat: new chat not found 5516@c.us
❌ Error enviando a 50232955516: HTTP 500 findChat: new chat not found 5516@c.us
⚠️ 50240101714: sin contenido relevante → no se envía mensaje.
📡 Enviando mensaje vía API local del bot...
❌ Error al enviar mensaje vía API local: HTTP 500 findChat: new chat not found 4421@c.us
❌ Error enviando a 50241494421: HTTP 500 findChat: new chat not found 4421@c.us
📡 Enviando mensaje vía API local del bot...
❌ Error al enviar mensaje vía API local: HTTP 500 findChat: new chat not found 7338@c.us
❌ Error enviando a 50253807338: HTTP 500 findChat: new chat not found 7338@c.us
📡 Enviando mensaje vía API local del bot...
❌ Error al enviar mensaje vía API local: HTTP 500 findChat: new chat not found 6300@c.us
❌ Error enviando a 50250166300: HTTP 500 findChat: new chat not found 6300@c.us
📡 Enviando mensaje vía API local del bot...
❌ Error al enviar mensaje vía API local: HTTP 500 findChat: new chat not found 3288@c.us
❌ Error enviando a 50232883288: HTTP 500 findChat: new chat not found 3288@c.us
📡 Enviando mensaje vía API local del bot...
❌ Error al enviar mensaje vía API local: HTTP 500 findChat: new chat not found 1825@c.us
❌ Error enviando a 50230131825: HTTP 500 findChat: new chat not found 1825@c.us
📡 Enviando mensaje vía API local del bot...
❌ Error al enviar mensaje vía API local: HTTP 500 findChat: new chat not found 9749@c.us
❌ Error enviando a 50255449749: HTTP 500 findChat: new chat not found 9749@c.us
⚠️ 50236680850: sin contenido relevante → no se envía mensaje.
📡 Enviando mensaje vía API local del bot...
❌ Error al enviar mensaje vía API local: HTTP 500 findChat: new chat not found 5029@c.us
❌ Error enviando a 50256805029: HTTP 500 findChat: new chat not found 5029@c.us
⚠️ 50259108219: sin contenido relevante → no se envía mensaje.
📡 Enviando mensaje vía API local del bot...
❌ Error al enviar mensaje vía API local: HTTP 500 findChat: new chat not found 2992@c.us
❌ Error enviando a 50257582992: HTTP 500 findChat: new chat not found 2992@c.us
📡 Enviando mensaje vía API local del bot...
❌ Error al enviar mensaje vía API local: HTTP 500 findChat: new chat not found 1047@c.us
❌ Error enviando a 50230281047: HTTP 500 findChat: new chat not found 1047@c.us
📡 Enviando mensaje vía API local del bot...
❌ Error al enviar mensaje vía API local: HTTP 500 findChat: new chat not found 1231@c.us
❌ Error enviando a 50233291231: HTTP 500 findChat: new chat not found 1231@c.us
⚠️ 50250542584: sin contenido relevante → no se envía mensaje.
📡 Enviando mensaje vía API local del bot...
❌ Error al enviar mensaje vía API local: HTTP 500 findChat: new chat not found 2862@c.us
❌ Error enviando a 50230782862: HTTP 500 findChat: new chat not found 2862@c.us
⚠️ 50236076447: sin contenido relevante → no se envía mensaje.
📡 Enviando mensaje vía API local del bot...
❌ Error al enviar mensaje vía API local: HTTP 500 findChat: new chat not found 4284@c.us
❌ Error enviando a 50236764284: HTTP 500 findChat: new chat not found 4284@c.us
📡 Enviando mensaje vía API local del bot...
❌ Error al enviar mensaje vía API local: HTTP 500 findChat: new chat not found 1853@c.us
❌ Error enviando a 50235151853: HTTP 500 findChat: new chat not found 1853@c.us
📡 Enviando mensaje vía API local del bot...
❌ Error al enviar mensaje vía API local: HTTP 500 findChat: new chat not found 2345@c.us
❌ Error enviando a 50230082345: HTTP 500 findChat: new chat not found 2345@c.us
📡 Enviando mensaje vía API local del bot...
❌ Error al enviar mensaje vía API local: HTTP 500 findChat: new chat not found 1188@c.us
❌ Error enviando a 50256371188: HTTP 500 findChat: new chat not found 1188@c.us
📡 Enviando mensaje vía API local del bot...
❌ Error al enviar mensaje vía API local: HTTP 500 findChat: new chat not found 3113@c.us
❌ Error enviando a 50230083113: HTTP 500 findChat: new chat not found 3113@c.us
📡 Enviando mensaje vía API local del bot...
❌ Error al enviar mensaje vía API local: HTTP 500 findChat: new chat not found 6417@c.us
❌ Error enviando a 50255376417: HTTP 500 findChat: new chat not found 6417@c.us
📡 Enviando mensaje vía API local del bot...
❌ Error al enviar mensaje vía API local: HTTP 500 findChat: new chat not found 5235@c.us
❌ Error enviando a 50237655235: HTTP 500 findChat: new chat not found 5235@c.us
📡 Enviando mensaje vía API local del bot...
❌ Error al enviar mensaje vía API local: HTTP 500 findChat: new chat not found 1508@c.us
❌ Error enviando a 50242221508: HTTP 500 findChat: new chat not found 1508@c.us
⚠️ 50246854703: sin contenido relevante → no se envía mensaje.
⚠️ 50256521588: sin contenido relevante → no se envía mensaje.
⚠️ 50687637085: sin contenido relevante → no se envía mensaje.
📡 Enviando mensaje vía API local del bot...
❌ Error al enviar mensaje vía API local: HTTP 500 findChat: new chat not found 6795@c.us
❌ Error enviando a 50240686795: HTTP 500 findChat: new chat not found 6795@c.us
📡 Enviando mensaje vía API local del bot...
❌ Error al enviar mensaje vía API local: HTTP 500 findChat: new chat not found 0287@c.us
❌ Error enviando a 50255130287: HTTP 500 findChat: new chat not found 0287@c.us
📡 Enviando mensaje vía API local del bot...
❌ Error al enviar mensaje vía API local: HTTP 500 findChat: new chat not found 0616@c.us
❌ Error enviando a 50259450616: HTTP 500 findChat: new chat not found 0616@c.us
⚠️ 50255541565: sin contenido relevante → no se envía mensaje.
📡 Enviando mensaje vía API local del bot...
❌ Error al enviar mensaje vía API local: HTTP 500 findChat: new chat not found 9297@c.us
❌ Error enviando a 50258349297: HTTP 500 findChat: new chat not found 9297@c.us
📡 Enviando mensaje vía API local del bot...
❌ Error al enviar mensaje vía API local: HTTP 500 findChat: new chat not found 9331@c.us
❌ Error enviando a 50249529331: HTTP 500 findChat: new chat not found 9331@c.us
⚠️ 50241139319: sin contenido relevante → no se envía mensaje.
📡 Enviando mensaje vía API local del bot...
❌ Error al enviar mensaje vía API local: HTTP 500 findChat: new chat not found 4268@c.us
❌ Error enviando a 50257184268: HTTP 500 findChat: new chat not found 4268@c.us
📡 Enviando mensaje vía API local del bot...
❌ Error al enviar mensaje vía API local: HTTP 500 findChat: new chat not found 0831@c.us
❌ Error enviando a 50242110831: HTTP 500 findChat: new chat not found 0831@c.us
📡 Enviando mensaje vía API local del bot...
❌ Error al enviar mensaje vía API local: HTTP 500 findChat: new chat not found 6473@c.us
❌ Error enviando a 50230086473: HTTP 500 findChat: new chat not found 6473@c.us
📡 Enviando mensaje vía API local del bot...
❌ Error al enviar mensaje vía API local: HTTP 500 findChat: new chat not found 2170@c.us
❌ Error enviando a 50255262170: HTTP 500 findChat: new chat not found 2170@c.us
📡 Enviando mensaje vía API local del bot...
❌ Error al enviar mensaje vía API local: HTTP 500 findChat: new chat not found 8130@c.us
❌ Error enviando a 50258748130: HTTP 500 findChat: new chat not found 8130@c.us
⚠️ 50242968481: sin contenido relevante → no se envía mensaje.
📡 Enviando mensaje vía API local del bot...
❌ Error al enviar mensaje vía API local: HTTP 500 findChat: new chat not found 3665@c.us
❌ Error enviando a 50241143665: HTTP 500 findChat: new chat not found 3665@c.us
📡 Enviando mensaje vía API local del bot...
❌ Error al enviar mensaje vía API local: HTTP 500 findChat: new chat not found 5152@c.us
❌ Error enviando a 50252025152: HTTP 500 findChat: new chat not found 5152@c.us
📡 Enviando mensaje vía API local del bot...
❌ Error al enviar mensaje vía API local: HTTP 500 findChat: new chat not found 8591@c.us
❌ Error enviando a 50240858591: HTTP 500 findChat: new chat not found 8591@c.us
📡 Enviando mensaje vía API local del bot...
❌ Error al enviar mensaje vía API local: HTTP 500 findChat: new chat not found 4879@c.us
❌ Error enviando a 50236134879: HTTP 500 findChat: new chat not found 4879@c.us
📡 Enviando mensaje vía API local del bot...
❌ Error al enviar mensaje vía API local: HTTP 500 findChat: new chat not found 4879@c.us
❌ Error enviando a 50236134879: HTTP 500 findChat: new chat not found 4879@c.us
📡 Enviando mensaje vía API local del bot...
❌ Error al enviar mensaje vía API local: HTTP 500 findChat: new chat not found 3476@c.us
❌ Error enviando a 50258253476: HTTP 500 findChat: new chat not found 3476@c.us
📡 Enviando mensaje vía API local del bot...
❌ Error al enviar mensaje vía API local: HTTP 500 findChat: new chat not found 8294@c.us
❌ Error enviando a 50241288294: HTTP 500 findChat: new chat not found 8294@c.us
📡 Enviando mensaje vía API local del bot...
❌ Error al enviar mensaje vía API local: HTTP 500 findChat: new chat not found 4297@c.us
❌ Error enviando a 50235954297: HTTP 500 findChat: new chat not found 4297@c.us
⚠️ 50230718631: sin contenido relevante → no se envía mensaje.
⚠️ 50254140866: sin contenido relevante → no se envía mensaje.
📡 Enviando mensaje vía API local del bot...
❌ Error al enviar mensaje vía API local: HTTP 500 findChat: new chat not found 5724@c.us
❌ Error enviando a 50247695724: HTTP 500 findChat: new chat not found 5724@c.us
📡 Enviando mensaje vía API local del bot...
❌ Error al enviar mensaje vía API local: HTTP 500 findChat: new chat not found 9247@c.us
⚠️ No se pudo enviar resumen al admin: HTTP 500 findChat: new chat not found 9247@c.us
🟢 Finalizado y DB cerrada.
[dotenv@17.2.3] injecting env (10) from ../.env -- tip: ✅ audit secrets and track compliance: https://dotenvx.com/ops
[dotenv@17.2.3] injecting env (0) from .env -- tip: 🔐 encrypt with Dotenvx: https://dotenvx.com
[dotenv@17.2.3] injecting env (0) from .env -- tip: ⚙️  write to custom object with { processEnv: myObject }
🗓️ Iniciando envío semanal consolidado...

🗂️ Temas esta semana: [ 'consejos de desarrollo' ]
📡 Enviando mensaje vía API local del bot...
❌ Error al enviar mensaje vía API local: HTTP 500 findChat: new chat not found 9247@c.us
❌ Error enviando a 50255629247: HTTP 500 findChat: new chat not found 9247@c.us
📡 Enviando mensaje vía API local del bot...
❌ Error al enviar mensaje vía API local: HTTP 500 findChat: new chat not found 7827@c.us
❌ Error enviando a 50254747827: HTTP 500 findChat: new chat not found 7827@c.us
⚠️ 50254827902: sin contenido → no se envía.
📡 Enviando mensaje vía API local del bot...
❌ Error al enviar mensaje vía API local: HTTP 500 findChat: new chat not found 9220@c.us
❌ Error enviando a 50257049220: HTTP 500 findChat: new chat not found 9220@c.us
📡 Enviando mensaje vía API local del bot...
❌ Error al enviar mensaje vía API local: HTTP 500 findChat: new chat not found 0060@c.us
❌ Error enviando a 50230080060: HTTP 500 findChat: new chat not found 0060@c.us
📡 Enviando mensaje vía API local del bot...
❌ Error al enviar mensaje vía API local: HTTP 500 findChat: new chat not found 8363@c.us
❌ Error enviando a 50247858363: HTTP 500 findChat: new chat not found 8363@c.us
📡 Enviando mensaje vía API local del bot...
❌ Error al enviar mensaje vía API local: HTTP 500 findChat: new chat not found 0537@c.us
❌ Error enviando a 50232050537: HTTP 500 findChat: new chat not found 0537@c.us
📡 Enviando mensaje vía API local del bot...
❌ Error al enviar mensaje vía API local: HTTP 500 findChat: new chat not found 0168@c.us
❌ Error enviando a 50253460168: HTTP 500 findChat: new chat not found 0168@c.us
⚠️ 50230465423: sin contenido → no se envía.
📡 Enviando mensaje vía API local del bot...
❌ Error al enviar mensaje vía API local: HTTP 500 findChat: new chat not found 5146@c.us
❌ Error enviando a 50253065146: HTTP 500 findChat: new chat not found 5146@c.us
📡 Enviando mensaje vía API local del bot...
❌ Error al enviar mensaje vía API local: HTTP 500 findChat: new chat not found 4110@c.us
❌ Error enviando a 50255284110: HTTP 500 findChat: new chat not found 4110@c.us
📡 Enviando mensaje vía API local del bot...
❌ Error al enviar mensaje vía API local: HTTP 500 findChat: new chat not found 0055@c.us
❌ Error enviando a 50254210055: HTTP 500 findChat: new chat not found 0055@c.us
📡 Enviando mensaje vía API local del bot...
❌ Error al enviar mensaje vía API local: HTTP 500 findChat: new chat not found 4247@c.us
❌ Error enviando a 50255294247: HTTP 500 findChat: new chat not found 4247@c.us
📡 Enviando mensaje vía API local del bot...
❌ Error al enviar mensaje vía API local: HTTP 500 findChat: new chat not found 0000@c.us
❌ Error enviando a 50237330000: HTTP 500 findChat: new chat not found 0000@c.us
📡 Enviando mensaje vía API local del bot...
❌ Error al enviar mensaje vía API local: HTTP 500 findChat: new chat not found 1953@c.us
❌ Error enviando a 50245491953: HTTP 500 findChat: new chat not found 1953@c.us
📡 Enviando mensaje vía API local del bot...
❌ Error al enviar mensaje vía API local: HTTP 500 findChat: new chat not found 6094@c.us
❌ Error enviando a 50257186094: HTTP 500 findChat: new chat not found 6094@c.us
📡 Enviando mensaje vía API local del bot...
❌ Error al enviar mensaje vía API local: HTTP 500 findChat: new chat not found 1707@c.us
❌ Error enviando a 50257171707: HTTP 500 findChat: new chat not found 1707@c.us
📡 Enviando mensaje vía API local del bot...
❌ Error al enviar mensaje vía API local: HTTP 500 findChat: new chat not found 0326@c.us
❌ Error enviando a 50233610326: HTTP 500 findChat: new chat not found 0326@c.us
📡 Enviando mensaje vía API local del bot...
❌ Error al enviar mensaje vía API local: HTTP 500 findChat: new chat not found 6516@c.us
❌ Error enviando a 50259906516: HTTP 500 findChat: new chat not found 6516@c.us
📡 Enviando mensaje vía API local del bot...
❌ Error al enviar mensaje vía API local: HTTP 500 findChat: new chat not found 0948@c.us
❌ Error enviando a 50250190948: HTTP 500 findChat: new chat not found 0948@c.us
📡 Enviando mensaje vía API local del bot...
❌ Error al enviar mensaje vía API local: HTTP 500 findChat: new chat not found 3749@c.us
❌ Error enviando a 50254263749: HTTP 500 findChat: new chat not found 3749@c.us
📡 Enviando mensaje vía API local del bot...
❌ Error al enviar mensaje vía API local: HTTP 500 findChat: new chat not found 8550@c.us
❌ Error enviando a 50249728550: HTTP 500 findChat: new chat not found 8550@c.us
📡 Enviando mensaje vía API local del bot...
❌ Error al enviar mensaje vía API local: HTTP 500 findChat: new chat not found 5779@c.us
❌ Error enviando a 50235245779: HTTP 500 findChat: new chat not found 5779@c.us
📡 Enviando mensaje vía API local del bot...
❌ Error al enviar mensaje vía API local: HTTP 500 findChat: new chat not found 2572@c.us
❌ Error enviando a 50246532572: HTTP 500 findChat: new chat not found 2572@c.us
📡 Enviando mensaje vía API local del bot...
❌ Error al enviar mensaje vía API local: HTTP 500 findChat: new chat not found 3997@c.us
❌ Error enviando a 50249313997: HTTP 500 findChat: new chat not found 3997@c.us
📡 Enviando mensaje vía API local del bot...
❌ Error al enviar mensaje vía API local: HTTP 500 findChat: new chat not found 5876@c.us
❌ Error enviando a 50247685876: HTTP 500 findChat: new chat not found 5876@c.us
⚠️ 50246032841: sin contenido → no se envía.
📡 Enviando mensaje vía API local del bot...
❌ Error al enviar mensaje vía API local: HTTP 500 findChat: new chat not found 5677@c.us
❌ Error enviando a 50255585677: HTTP 500 findChat: new chat not found 5677@c.us
📡 Enviando mensaje vía API local del bot...
❌ Error al enviar mensaje vía API local: HTTP 500 findChat: new chat not found 6299@c.us
❌ Error enviando a 50253556299: HTTP 500 findChat: new chat not found 6299@c.us
📡 Enviando mensaje vía API local del bot...
❌ Error al enviar mensaje vía API local: HTTP 500 findChat: new chat not found 8098@c.us
❌ Error enviando a 50254608098: HTTP 500 findChat: new chat not found 8098@c.us
📡 Enviando mensaje vía API local del bot...
❌ Error al enviar mensaje vía API local: HTTP 500 findChat: new chat not found 5651@c.us
❌ Error enviando a 50236405651: HTTP 500 findChat: new chat not found 5651@c.us
📡 Enviando mensaje vía API local del bot...
❌ Error al enviar mensaje vía API local: HTTP 500 findChat: new chat not found 1871@c.us
❌ Error enviando a 50258261871: HTTP 500 findChat: new chat not found 1871@c.us
📡 Enviando mensaje vía API local del bot...
❌ Error al enviar mensaje vía API local: HTTP 500 findChat: new chat not found 9024@c.us
❌ Error enviando a 50237829024: HTTP 500 findChat: new chat not found 9024@c.us
📡 Enviando mensaje vía API local del bot...
❌ Error al enviar mensaje vía API local: HTTP 500 findChat: new chat not found 3437@c.us
❌ Error enviando a 50247543437: HTTP 500 findChat: new chat not found 3437@c.us
⚠️ 50240292769: sin contenido → no se envía.
📡 Enviando mensaje vía API local del bot...
❌ Error al enviar mensaje vía API local: HTTP 500 findChat: new chat not found 5269@c.us
❌ Error enviando a 50258955269: HTTP 500 findChat: new chat not found 5269@c.us
📡 Enviando mensaje vía API local del bot...
❌ Error al enviar mensaje vía API local: HTTP 500 findChat: new chat not found 3297@c.us
❌ Error enviando a 50258053297: HTTP 500 findChat: new chat not found 3297@c.us
📡 Enviando mensaje vía API local del bot...
❌ Error al enviar mensaje vía API local: HTTP 500 findChat: new chat not found 4478@c.us
❌ Error enviando a 50255584478: HTTP 500 findChat: new chat not found 4478@c.us
📡 Enviando mensaje vía API local del bot...
❌ Error al enviar mensaje vía API local: HTTP 500 findChat: new chat not found 9697@c.us
❌ Error enviando a 50244819697: HTTP 500 findChat: new chat not found 9697@c.us
📡 Enviando mensaje vía API local del bot...
❌ Error al enviar mensaje vía API local: HTTP 500 findChat: new chat not found 3598@c.us
❌ Error enviando a 50230063598: HTTP 500 findChat: new chat not found 3598@c.us
📡 Enviando mensaje vía API local del bot...
❌ Error al enviar mensaje vía API local: HTTP 500 findChat: new chat not found 6628@c.us
❌ Error enviando a 50253176628: HTTP 500 findChat: new chat not found 6628@c.us
📡 Enviando mensaje vía API local del bot...
❌ Error al enviar mensaje vía API local: HTTP 500 findChat: new chat not found 2912@c.us
❌ Error enviando a 50241262912: HTTP 500 findChat: new chat not found 2912@c.us
📡 Enviando mensaje vía API local del bot...
❌ Error al enviar mensaje vía API local: HTTP 500 findChat: new chat not found 6965@c.us
❌ Error enviando a 50256416965: HTTP 500 findChat: new chat not found 6965@c.us
📡 Enviando mensaje vía API local del bot...
❌ Error al enviar mensaje vía API local: HTTP 500 findChat: new chat not found 6181@c.us
❌ Error enviando a 50247456181: HTTP 500 findChat: new chat not found 6181@c.us
📡 Enviando mensaje vía API local del bot...
❌ Error al enviar mensaje vía API local: HTTP 500 findChat: new chat not found 5600@c.us
❌ Error enviando a 50252715600: HTTP 500 findChat: new chat not found 5600@c.us
📡 Enviando mensaje vía API local del bot...
❌ Error al enviar mensaje vía API local: HTTP 500 findChat: new chat not found 4123@c.us
❌ Error enviando a 50238844123: HTTP 500 findChat: new chat not found 4123@c.us
📡 Enviando mensaje vía API local del bot...
❌ Error al enviar mensaje vía API local: HTTP 500 findChat: new chat not found 6060@c.us
❌ Error enviando a 50252006060: HTTP 500 findChat: new chat not found 6060@c.us
📡 Enviando mensaje vía API local del bot...
❌ Error al enviar mensaje vía API local: HTTP 500 findChat: new chat not found 7797@c.us
❌ Error enviando a 50253127797: HTTP 500 findChat: new chat not found 7797@c.us
📡 Enviando mensaje vía API local del bot...
❌ Error al enviar mensaje vía API local: HTTP 500 findChat: new chat not found 5516@c.us
❌ Error enviando a 50232955516: HTTP 500 findChat: new chat not found 5516@c.us
📡 Enviando mensaje vía API local del bot...
❌ Error al enviar mensaje vía API local: HTTP 500 findChat: new chat not found 1714@c.us
❌ Error enviando a 50240101714: HTTP 500 findChat: new chat not found 1714@c.us
📡 Enviando mensaje vía API local del bot...
❌ Error al enviar mensaje vía API local: HTTP 500 findChat: new chat not found 4421@c.us
❌ Error enviando a 50241494421: HTTP 500 findChat: new chat not found 4421@c.us
📡 Enviando mensaje vía API local del bot...
❌ Error al enviar mensaje vía API local: HTTP 500 findChat: new chat not found 7338@c.us
❌ Error enviando a 50253807338: HTTP 500 findChat: new chat not found 7338@c.us
📡 Enviando mensaje vía API local del bot...
❌ Error al enviar mensaje vía API local: HTTP 500 findChat: new chat not found 6300@c.us
❌ Error enviando a 50250166300: HTTP 500 findChat: new chat not found 6300@c.us
📡 Enviando mensaje vía API local del bot...
❌ Error al enviar mensaje vía API local: HTTP 500 findChat: new chat not found 3288@c.us
❌ Error enviando a 50232883288: HTTP 500 findChat: new chat not found 3288@c.us
📡 Enviando mensaje vía API local del bot...
❌ Error al enviar mensaje vía API local: HTTP 500 findChat: new chat not found 1825@c.us
❌ Error enviando a 50230131825: HTTP 500 findChat: new chat not found 1825@c.us
📡 Enviando mensaje vía API local del bot...
❌ Error al enviar mensaje vía API local: HTTP 500 findChat: new chat not found 9749@c.us
❌ Error enviando a 50255449749: HTTP 500 findChat: new chat not found 9749@c.us
📡 Enviando mensaje vía API local del bot...
❌ Error al enviar mensaje vía API local: HTTP 500 findChat: new chat not found 0850@c.us
❌ Error enviando a 50236680850: HTTP 500 findChat: new chat not found 0850@c.us
📡 Enviando mensaje vía API local del bot...
❌ Error al enviar mensaje vía API local: HTTP 500 findChat: new chat not found 5029@c.us
❌ Error enviando a 50256805029: HTTP 500 findChat: new chat not found 5029@c.us
📡 Enviando mensaje vía API local del bot...
❌ Error al enviar mensaje vía API local: HTTP 500 findChat: new chat not found 8219@c.us
❌ Error enviando a 50259108219: HTTP 500 findChat: new chat not found 8219@c.us
⚠️ 50257582992: sin contenido → no se envía.
📡 Enviando mensaje vía API local del bot...
❌ Error al enviar mensaje vía API local: HTTP 500 findChat: new chat not found 1047@c.us
❌ Error enviando a 50230281047: HTTP 500 findChat: new chat not found 1047@c.us
📡 Enviando mensaje vía API local del bot...
❌ Error al enviar mensaje vía API local: HTTP 500 findChat: new chat not found 1231@c.us
❌ Error enviando a 50233291231: HTTP 500 findChat: new chat not found 1231@c.us
📡 Enviando mensaje vía API local del bot...
❌ Error al enviar mensaje vía API local: HTTP 500 findChat: new chat not found 2584@c.us
❌ Error enviando a 50250542584: HTTP 500 findChat: new chat not found 2584@c.us
📡 Enviando mensaje vía API local del bot...
❌ Error al enviar mensaje vía API local: HTTP 500 findChat: new chat not found 2862@c.us
❌ Error enviando a 50230782862: HTTP 500 findChat: new chat not found 2862@c.us
📡 Enviando mensaje vía API local del bot...
❌ Error al enviar mensaje vía API local: HTTP 500 findChat: new chat not found 6447@c.us
❌ Error enviando a 50236076447: HTTP 500 findChat: new chat not found 6447@c.us
📡 Enviando mensaje vía API local del bot...
❌ Error al enviar mensaje vía API local: HTTP 500 findChat: new chat not found 4284@c.us
❌ Error enviando a 50236764284: HTTP 500 findChat: new chat not found 4284@c.us
📡 Enviando mensaje vía API local del bot...
❌ Error al enviar mensaje vía API local: HTTP 500 findChat: new chat not found 1853@c.us
❌ Error enviando a 50235151853: HTTP 500 findChat: new chat not found 1853@c.us
📡 Enviando mensaje vía API local del bot...
❌ Error al enviar mensaje vía API local: HTTP 500 findChat: new chat not found 2345@c.us
❌ Error enviando a 50230082345: HTTP 500 findChat: new chat not found 2345@c.us
📡 Enviando mensaje vía API local del bot...
❌ Error al enviar mensaje vía API local: HTTP 500 findChat: new chat not found 1188@c.us
❌ Error enviando a 50256371188: HTTP 500 findChat: new chat not found 1188@c.us
📡 Enviando mensaje vía API local del bot...
❌ Error al enviar mensaje vía API local: HTTP 500 findChat: new chat not found 3113@c.us
❌ Error enviando a 50230083113: HTTP 500 findChat: new chat not found 3113@c.us
📡 Enviando mensaje vía API local del bot...
❌ Error al enviar mensaje vía API local: HTTP 500 findChat: new chat not found 6417@c.us
❌ Error enviando a 50255376417: HTTP 500 findChat: new chat not found 6417@c.us
📡 Enviando mensaje vía API local del bot...
❌ Error al enviar mensaje vía API local: HTTP 500 findChat: new chat not found 5235@c.us
❌ Error enviando a 50237655235: HTTP 500 findChat: new chat not found 5235@c.us
📡 Enviando mensaje vía API local del bot...
❌ Error al enviar mensaje vía API local: HTTP 500 findChat: new chat not found 1508@c.us
❌ Error enviando a 50242221508: HTTP 500 findChat: new chat not found 1508@c.us
📡 Enviando mensaje vía API local del bot...
❌ Error al enviar mensaje vía API local: HTTP 500 findChat: new chat not found 4703@c.us
❌ Error enviando a 50246854703: HTTP 500 findChat: new chat not found 4703@c.us
📡 Enviando mensaje vía API local del bot...
❌ Error al enviar mensaje vía API local: HTTP 500 findChat: new chat not found 1588@c.us
❌ Error enviando a 50256521588: HTTP 500 findChat: new chat not found 1588@c.us
📡 Enviando mensaje vía API local del bot...
❌ Error al enviar mensaje vía API local: HTTP 500 findChat: new chat not found 7085@c.us
❌ Error enviando a 50687637085: HTTP 500 findChat: new chat not found 7085@c.us
📡 Enviando mensaje vía API local del bot...
❌ Error al enviar mensaje vía API local: HTTP 500 findChat: new chat not found 6795@c.us
❌ Error enviando a 50240686795: HTTP 500 findChat: new chat not found 6795@c.us
📡 Enviando mensaje vía API local del bot...
❌ Error al enviar mensaje vía API local: HTTP 500 findChat: new chat not found 0287@c.us
❌ Error enviando a 50255130287: HTTP 500 findChat: new chat not found 0287@c.us
📡 Enviando mensaje vía API local del bot...
❌ Error al enviar mensaje vía API local: HTTP 500 findChat: new chat not found 0616@c.us
❌ Error enviando a 50259450616: HTTP 500 findChat: new chat not found 0616@c.us
📡 Enviando mensaje vía API local del bot...
❌ Error al enviar mensaje vía API local: HTTP 500 findChat: new chat not found 1565@c.us
❌ Error enviando a 50255541565: HTTP 500 findChat: new chat not found 1565@c.us
📡 Enviando mensaje vía API local del bot...
❌ Error al enviar mensaje vía API local: HTTP 500 findChat: new chat not found 9297@c.us
❌ Error enviando a 50258349297: HTTP 500 findChat: new chat not found 9297@c.us
📡 Enviando mensaje vía API local del bot...
❌ Error al enviar mensaje vía API local: HTTP 500 findChat: new chat not found 9331@c.us
❌ Error enviando a 50249529331: HTTP 500 findChat: new chat not found 9331@c.us
📡 Enviando mensaje vía API local del bot...
❌ Error al enviar mensaje vía API local: HTTP 500 findChat: new chat not found 9319@c.us
❌ Error enviando a 50241139319: HTTP 500 findChat: new chat not found 9319@c.us
📡 Enviando mensaje vía API local del bot...
❌ Error al enviar mensaje vía API local: HTTP 500 findChat: new chat not found 4268@c.us
❌ Error enviando a 50257184268: HTTP 500 findChat: new chat not found 4268@c.us
📡 Enviando mensaje vía API local del bot...
❌ Error al enviar mensaje vía API local: HTTP 500 findChat: new chat not found 0831@c.us
❌ Error enviando a 50242110831: HTTP 500 findChat: new chat not found 0831@c.us
📡 Enviando mensaje vía API local del bot...
❌ Error al enviar mensaje vía API local: HTTP 500 findChat: new chat not found 6473@c.us
❌ Error enviando a 50230086473: HTTP 500 findChat: new chat not found 6473@c.us
📡 Enviando mensaje vía API local del bot...
❌ Error al enviar mensaje vía API local: HTTP 500 findChat: new chat not found 2170@c.us
❌ Error enviando a 50255262170: HTTP 500 findChat: new chat not found 2170@c.us
📡 Enviando mensaje vía API local del bot...
❌ Error al enviar mensaje vía API local: HTTP 500 findChat: new chat not found 8130@c.us
❌ Error enviando a 50258748130: HTTP 500 findChat: new chat not found 8130@c.us
📡 Enviando mensaje vía API local del bot...
❌ Error al enviar mensaje vía API local: HTTP 500 findChat: new chat not found 8481@c.us
❌ Error enviando a 50242968481: HTTP 500 findChat: new chat not found 8481@c.us
📡 Enviando mensaje vía API local del bot...
❌ Error al enviar mensaje vía API local: HTTP 500 findChat: new chat not found 3665@c.us
❌ Error enviando a 50241143665: HTTP 500 findChat: new chat not found 3665@c.us
📡 Enviando mensaje vía API local del bot...
❌ Error al enviar mensaje vía API local: HTTP 500 findChat: new chat not found 5152@c.us
❌ Error enviando a 50252025152: HTTP 500 findChat: new chat not found 5152@c.us
📡 Enviando mensaje vía API local del bot...
❌ Error al enviar mensaje vía API local: HTTP 500 findChat: new chat not found 8591@c.us
❌ Error enviando a 50240858591: HTTP 500 findChat: new chat not found 8591@c.us
📡 Enviando mensaje vía API local del bot...
❌ Error al enviar mensaje vía API local: HTTP 500 findChat: new chat not found 4879@c.us
❌ Error enviando a 50236134879: HTTP 500 findChat: new chat not found 4879@c.us
📡 Enviando mensaje vía API local del bot...
❌ Error al enviar mensaje vía API local: HTTP 500 findChat: new chat not found 4879@c.us
❌ Error enviando a 50236134879: HTTP 500 findChat: new chat not found 4879@c.us
📡 Enviando mensaje vía API local del bot...
❌ Error al enviar mensaje vía API local: HTTP 500 findChat: new chat not found 3476@c.us
❌ Error enviando a 50258253476: HTTP 500 findChat: new chat not found 3476@c.us
📡 Enviando mensaje vía API local del bot...
❌ Error al enviar mensaje vía API local: HTTP 500 findChat: new chat not found 8294@c.us
❌ Error enviando a 50241288294: HTTP 500 findChat: new chat not found 8294@c.us
📡 Enviando mensaje vía API local del bot...
❌ Error al enviar mensaje vía API local: HTTP 500 findChat: new chat not found 4297@c.us
❌ Error enviando a 50235954297: HTTP 500 findChat: new chat not found 4297@c.us
📡 Enviando mensaje vía API local del bot...
❌ Error al enviar mensaje vía API local: HTTP 500 findChat: new chat not found 8631@c.us
❌ Error enviando a 50230718631: HTTP 500 findChat: new chat not found 8631@c.us
📡 Enviando mensaje vía API local del bot...
❌ Error al enviar mensaje vía API local: HTTP 500 findChat: new chat not found 0866@c.us
❌ Error enviando a 50254140866: HTTP 500 findChat: new chat not found 0866@c.us
📡 Enviando mensaje vía API local del bot...
❌ Error al enviar mensaje vía API local: HTTP 500 findChat: new chat not found 5724@c.us
❌ Error enviando a 50247695724: HTTP 500 findChat: new chat not found 5724@c.us
📡 Enviando mensaje vía API local del bot...
❌ Error al enviar mensaje vía API local: HTTP 500 findChat: new chat not found 9247@c.us
⚠️ No se pudo enviar resumen al admin: HTTP 500 findChat: new chat not found 9247@c.us

🟢 Finalizado.
[dotenv@17.2.3] injecting env (10) from ../.env -- tip: 👥 sync secrets across teammates & machines: https://dotenvx.com/ops
[dotenv@17.2.3] injecting env (0) from .env -- tip: 👥 sync secrets across teammates & machines: https://dotenvx.com/ops
[dotenv@17.2.3] injecting env (0) from ../.env -- tip: ⚙️  suppress all logs with { quiet: true }
[dotenv@17.2.3] injecting env (0) from .env -- tip: 🔄 add secrets lifecycle management: https://dotenvx.com/ops
🕓 Iniciando envío automático de noticias diarias...

🗂️ Departamentos con notas hoy: [
  'Escuintla',
  'Guatemala',
  'Huehuetenango',
  'Noticias',
  'Portada',
  'Quiché',
  'Sololá'
]
📊 OjoAlDato cargado: {
  fecha: '9/3/2026',
  departamento: 'Chimaltenango',
  texto: 'la municipalidad de Acatenango, Chimaltenango compró cuatro "plaquetas de mármol verde" por inauguración de proyectos a Sandra Lineli Cifuentes Gramajo Palma. La adquisición se realizó mediante dos compras de baja cuantía, por un total de Q9 mil 400.'
}
👥 Suscriptores activos: 101
⚠️ 50432745042: sin contenido relevante → no se envía mensaje.
📡 Enviando mensaje vía API local del bot...
❌ Error al enviar mensaje vía API local: HTTP 500 findChat: new chat not found 9247@c.us
❌ Error enviando a 50255629247: HTTP 500 findChat: new chat not found 9247@c.us
⚠️ 50254747827: sin contenido relevante → no se envía mensaje.
⚠️ 50254827902: sin contenido relevante → no se envía mensaje.
📡 Enviando mensaje vía API local del bot...
❌ Error al enviar mensaje vía API local: HTTP 500 findChat: new chat not found 9220@c.us
❌ Error enviando a 50257049220: HTTP 500 findChat: new chat not found 9220@c.us
⚠️ 50230080060: sin contenido relevante → no se envía mensaje.
📡 Enviando mensaje vía API local del bot...
❌ Error al enviar mensaje vía API local: HTTP 500 findChat: new chat not found 8363@c.us
❌ Error enviando a 50247858363: HTTP 500 findChat: new chat not found 8363@c.us
⚠️ 50232050537: sin contenido relevante → no se envía mensaje.
📡 Enviando mensaje vía API local del bot...
❌ Error al enviar mensaje vía API local: HTTP 500 findChat: new chat not found 0168@c.us
❌ Error enviando a 50253460168: HTTP 500 findChat: new chat not found 0168@c.us
⚠️ 50230465423: sin contenido relevante → no se envía mensaje.
📡 Enviando mensaje vía API local del bot...
❌ Error al enviar mensaje vía API local: HTTP 500 findChat: new chat not found 5146@c.us
❌ Error enviando a 50253065146: HTTP 500 findChat: new chat not found 5146@c.us
📡 Enviando mensaje vía API local del bot...
❌ Error al enviar mensaje vía API local: HTTP 500 findChat: new chat not found 4110@c.us
❌ Error enviando a 50255284110: HTTP 500 findChat: new chat not found 4110@c.us
⚠️ 50254210055: sin contenido relevante → no se envía mensaje.
⚠️ 50255294247: sin contenido relevante → no se envía mensaje.
📡 Enviando mensaje vía API local del bot...
❌ Error al enviar mensaje vía API local: HTTP 500 findChat: new chat not found 0000@c.us
❌ Error enviando a 50237330000: HTTP 500 findChat: new chat not found 0000@c.us
📡 Enviando mensaje vía API local del bot...
❌ Error al enviar mensaje vía API local: HTTP 500 findChat: new chat not found 1953@c.us
❌ Error enviando a 50245491953: HTTP 500 findChat: new chat not found 1953@c.us
📡 Enviando mensaje vía API local del bot...
❌ Error al enviar mensaje vía API local: HTTP 500 findChat: new chat not found 6094@c.us
❌ Error enviando a 50257186094: HTTP 500 findChat: new chat not found 6094@c.us
⚠️ 50257171707: sin contenido relevante → no se envía mensaje.
📡 Enviando mensaje vía API local del bot...
❌ Error al enviar mensaje vía API local: HTTP 500 findChat: new chat not found 0326@c.us
❌ Error enviando a 50233610326: HTTP 500 findChat: new chat not found 0326@c.us
📡 Enviando mensaje vía API local del bot...
❌ Error al enviar mensaje vía API local: HTTP 500 findChat: new chat not found 6516@c.us
❌ Error enviando a 50259906516: HTTP 500 findChat: new chat not found 6516@c.us
📡 Enviando mensaje vía API local del bot...
❌ Error al enviar mensaje vía API local: HTTP 500 findChat: new chat not found 0948@c.us
❌ Error enviando a 50250190948: HTTP 500 findChat: new chat not found 0948@c.us
📡 Enviando mensaje vía API local del bot...
❌ Error al enviar mensaje vía API local: HTTP 500 findChat: new chat not found 3749@c.us
❌ Error enviando a 50254263749: HTTP 500 findChat: new chat not found 3749@c.us
📡 Enviando mensaje vía API local del bot...
❌ Error al enviar mensaje vía API local: HTTP 500 findChat: new chat not found 8550@c.us
❌ Error enviando a 50249728550: HTTP 500 findChat: new chat not found 8550@c.us
📡 Enviando mensaje vía API local del bot...
❌ Error al enviar mensaje vía API local: HTTP 500 findChat: new chat not found 5779@c.us
❌ Error enviando a 50235245779: HTTP 500 findChat: new chat not found 5779@c.us
📡 Enviando mensaje vía API local del bot...
❌ Error al enviar mensaje vía API local: HTTP 500 findChat: new chat not found 2572@c.us
❌ Error enviando a 50246532572: HTTP 500 findChat: new chat not found 2572@c.us
📡 Enviando mensaje vía API local del bot...
❌ Error al enviar mensaje vía API local: HTTP 500 findChat: new chat not found 3997@c.us
❌ Error enviando a 50249313997: HTTP 500 findChat: new chat not found 3997@c.us
📡 Enviando mensaje vía API local del bot...
❌ Error al enviar mensaje vía API local: HTTP 500 findChat: new chat not found 5876@c.us
❌ Error enviando a 50247685876: HTTP 500 findChat: new chat not found 5876@c.us
📡 Enviando mensaje vía API local del bot...
❌ Error al enviar mensaje vía API local: HTTP 500 findChat: new chat not found 2841@c.us
❌ Error enviando a 50246032841: HTTP 500 findChat: new chat not found 2841@c.us
📡 Enviando mensaje vía API local del bot...
❌ Error al enviar mensaje vía API local: HTTP 500 findChat: new chat not found 5677@c.us
❌ Error enviando a 50255585677: HTTP 500 findChat: new chat not found 5677@c.us
⚠️ 50253556299: sin contenido relevante → no se envía mensaje.
📡 Enviando mensaje vía API local del bot...
❌ Error al enviar mensaje vía API local: HTTP 500 findChat: new chat not found 8098@c.us
❌ Error enviando a 50254608098: HTTP 500 findChat: new chat not found 8098@c.us
📡 Enviando mensaje vía API local del bot...
❌ Error al enviar mensaje vía API local: HTTP 500 findChat: new chat not found 5651@c.us
❌ Error enviando a 50236405651: HTTP 500 findChat: new chat not found 5651@c.us
⚠️ 50258261871: sin contenido relevante → no se envía mensaje.
⚠️ 50237829024: sin contenido relevante → no se envía mensaje.
📡 Enviando mensaje vía API local del bot...
❌ Error al enviar mensaje vía API local: HTTP 500 findChat: new chat not found 3437@c.us
❌ Error enviando a 50247543437: HTTP 500 findChat: new chat not found 3437@c.us
📡 Enviando mensaje vía API local del bot...
❌ Error al enviar mensaje vía API local: HTTP 500 findChat: new chat not found 2769@c.us
❌ Error enviando a 50240292769: HTTP 500 findChat: new chat not found 2769@c.us
⚠️ 50258955269: sin contenido relevante → no se envía mensaje.
⚠️ 50258053297: sin contenido relevante → no se envía mensaje.
📡 Enviando mensaje vía API local del bot...
❌ Error al enviar mensaje vía API local: HTTP 500 findChat: new chat not found 4478@c.us
❌ Error enviando a 50255584478: HTTP 500 findChat: new chat not found 4478@c.us
⚠️ 50244819697: sin contenido relevante → no se envía mensaje.
⚠️ 50230063598: sin contenido relevante → no se envía mensaje.
📡 Enviando mensaje vía API local del bot...
❌ Error al enviar mensaje vía API local: HTTP 500 findChat: new chat not found 6628@c.us
❌ Error enviando a 50253176628: HTTP 500 findChat: new chat not found 6628@c.us
📡 Enviando mensaje vía API local del bot...
❌ Error al enviar mensaje vía API local: HTTP 500 findChat: new chat not found 2912@c.us
❌ Error enviando a 50241262912: HTTP 500 findChat: new chat not found 2912@c.us
⚠️ 50256416965: sin contenido relevante → no se envía mensaje.
📡 Enviando mensaje vía API local del bot...
❌ Error al enviar mensaje vía API local: HTTP 500 findChat: new chat not found 6181@c.us
❌ Error enviando a 50247456181: HTTP 500 findChat: new chat not found 6181@c.us
📡 Enviando mensaje vía API local del bot...
❌ Error al enviar mensaje vía API local: HTTP 500 findChat: new chat not found 5600@c.us
❌ Error enviando a 50252715600: HTTP 500 findChat: new chat not found 5600@c.us
⚠️ 50238844123: sin contenido relevante → no se envía mensaje.
📡 Enviando mensaje vía API local del bot...
❌ Error al enviar mensaje vía API local: HTTP 500 findChat: new chat not found 6060@c.us
❌ Error enviando a 50252006060: HTTP 500 findChat: new chat not found 6060@c.us
📡 Enviando mensaje vía API local del bot...
❌ Error al enviar mensaje vía API local: HTTP 500 findChat: new chat not found 7797@c.us
❌ Error enviando a 50253127797: HTTP 500 findChat: new chat not found 7797@c.us
📡 Enviando mensaje vía API local del bot...
❌ Error al enviar mensaje vía API local: HTTP 500 findChat: new chat not found 5516@c.us
❌ Error enviando a 50232955516: HTTP 500 findChat: new chat not found 5516@c.us
📡 Enviando mensaje vía API local del bot...
❌ Error al enviar mensaje vía API local: HTTP 500 findChat: new chat not found 1714@c.us
❌ Error enviando a 50240101714: HTTP 500 findChat: new chat not found 1714@c.us
📡 Enviando mensaje vía API local del bot...
❌ Error al enviar mensaje vía API local: HTTP 500 findChat: new chat not found 4421@c.us
❌ Error enviando a 50241494421: HTTP 500 findChat: new chat not found 4421@c.us
📡 Enviando mensaje vía API local del bot...
❌ Error al enviar mensaje vía API local: HTTP 500 findChat: new chat not found 7338@c.us
❌ Error enviando a 50253807338: HTTP 500 findChat: new chat not found 7338@c.us
📡 Enviando mensaje vía API local del bot...
❌ Error al enviar mensaje vía API local: HTTP 500 findChat: new chat not found 6300@c.us
❌ Error enviando a 50250166300: HTTP 500 findChat: new chat not found 6300@c.us
📡 Enviando mensaje vía API local del bot...
❌ Error al enviar mensaje vía API local: HTTP 500 findChat: new chat not found 3288@c.us
❌ Error enviando a 50232883288: HTTP 500 findChat: new chat not found 3288@c.us
📡 Enviando mensaje vía API local del bot...
❌ Error al enviar mensaje vía API local: HTTP 500 findChat: new chat not found 1825@c.us
❌ Error enviando a 50230131825: HTTP 500 findChat: new chat not found 1825@c.us
📡 Enviando mensaje vía API local del bot...
❌ Error al enviar mensaje vía API local: HTTP 500 findChat: new chat not found 9749@c.us
❌ Error enviando a 50255449749: HTTP 500 findChat: new chat not found 9749@c.us
📡 Enviando mensaje vía API local del bot...
❌ Error al enviar mensaje vía API local: HTTP 500 findChat: new chat not found 0850@c.us
❌ Error enviando a 50236680850: HTTP 500 findChat: new chat not found 0850@c.us
📡 Enviando mensaje vía API local del bot...
❌ Error al enviar mensaje vía API local: HTTP 500 findChat: new chat not found 5029@c.us
❌ Error enviando a 50256805029: HTTP 500 findChat: new chat not found 5029@c.us
⚠️ 50259108219: sin contenido relevante → no se envía mensaje.
📡 Enviando mensaje vía API local del bot...
❌ Error al enviar mensaje vía API local: HTTP 500 findChat: new chat not found 2992@c.us
❌ Error enviando a 50257582992: HTTP 500 findChat: new chat not found 2992@c.us
📡 Enviando mensaje vía API local del bot...
❌ Error al enviar mensaje vía API local: HTTP 500 findChat: new chat not found 1047@c.us
❌ Error enviando a 50230281047: HTTP 500 findChat: new chat not found 1047@c.us
📡 Enviando mensaje vía API local del bot...
❌ Error al enviar mensaje vía API local: HTTP 500 findChat: new chat not found 1231@c.us
❌ Error enviando a 50233291231: HTTP 500 findChat: new chat not found 1231@c.us
⚠️ 50250542584: sin contenido relevante → no se envía mensaje.
📡 Enviando mensaje vía API local del bot...
❌ Error al enviar mensaje vía API local: HTTP 500 findChat: new chat not found 2862@c.us
❌ Error enviando a 50230782862: HTTP 500 findChat: new chat not found 2862@c.us
⚠️ 50236076447: sin contenido relevante → no se envía mensaje.
📡 Enviando mensaje vía API local del bot...
❌ Error al enviar mensaje vía API local: HTTP 500 findChat: new chat not found 4284@c.us
❌ Error enviando a 50236764284: HTTP 500 findChat: new chat not found 4284@c.us
📡 Enviando mensaje vía API local del bot...
❌ Error al enviar mensaje vía API local: HTTP 500 findChat: new chat not found 1853@c.us
❌ Error enviando a 50235151853: HTTP 500 findChat: new chat not found 1853@c.us
📡 Enviando mensaje vía API local del bot...
❌ Error al enviar mensaje vía API local: HTTP 500 findChat: new chat not found 2345@c.us
❌ Error enviando a 50230082345: HTTP 500 findChat: new chat not found 2345@c.us
📡 Enviando mensaje vía API local del bot...
❌ Error al enviar mensaje vía API local: HTTP 500 findChat: new chat not found 1188@c.us
❌ Error enviando a 50256371188: HTTP 500 findChat: new chat not found 1188@c.us
📡 Enviando mensaje vía API local del bot...
❌ Error al enviar mensaje vía API local: HTTP 500 findChat: new chat not found 3113@c.us
❌ Error enviando a 50230083113: HTTP 500 findChat: new chat not found 3113@c.us
📡 Enviando mensaje vía API local del bot...
❌ Error al enviar mensaje vía API local: HTTP 500 findChat: new chat not found 6417@c.us
❌ Error enviando a 50255376417: HTTP 500 findChat: new chat not found 6417@c.us
📡 Enviando mensaje vía API local del bot...
❌ Error al enviar mensaje vía API local: HTTP 500 findChat: new chat not found 5235@c.us
❌ Error enviando a 50237655235: HTTP 500 findChat: new chat not found 5235@c.us
📡 Enviando mensaje vía API local del bot...
❌ Error al enviar mensaje vía API local: HTTP 500 findChat: new chat not found 1508@c.us
❌ Error enviando a 50242221508: HTTP 500 findChat: new chat not found 1508@c.us
⚠️ 50246854703: sin contenido relevante → no se envía mensaje.
⚠️ 50256521588: sin contenido relevante → no se envía mensaje.
⚠️ 50687637085: sin contenido relevante → no se envía mensaje.
📡 Enviando mensaje vía API local del bot...
❌ Error al enviar mensaje vía API local: HTTP 500 findChat: new chat not found 6795@c.us
❌ Error enviando a 50240686795: HTTP 500 findChat: new chat not found 6795@c.us
📡 Enviando mensaje vía API local del bot...
❌ Error al enviar mensaje vía API local: HTTP 500 findChat: new chat not found 0287@c.us
❌ Error enviando a 50255130287: HTTP 500 findChat: new chat not found 0287@c.us
📡 Enviando mensaje vía API local del bot...
❌ Error al enviar mensaje vía API local: HTTP 500 findChat: new chat not found 0616@c.us
❌ Error enviando a 50259450616: HTTP 500 findChat: new chat not found 0616@c.us
⚠️ 50255541565: sin contenido relevante → no se envía mensaje.
📡 Enviando mensaje vía API local del bot...
❌ Error al enviar mensaje vía API local: HTTP 500 findChat: new chat not found 9297@c.us
❌ Error enviando a 50258349297: HTTP 500 findChat: new chat not found 9297@c.us
📡 Enviando mensaje vía API local del bot...
❌ Error al enviar mensaje vía API local: HTTP 500 findChat: new chat not found 9331@c.us
❌ Error enviando a 50249529331: HTTP 500 findChat: new chat not found 9331@c.us
⚠️ 50241139319: sin contenido relevante → no se envía mensaje.
📡 Enviando mensaje vía API local del bot...
❌ Error al enviar mensaje vía API local: HTTP 500 findChat: new chat not found 4268@c.us
❌ Error enviando a 50257184268: HTTP 500 findChat: new chat not found 4268@c.us
📡 Enviando mensaje vía API local del bot...
❌ Error al enviar mensaje vía API local: HTTP 500 findChat: new chat not found 0831@c.us
❌ Error enviando a 50242110831: HTTP 500 findChat: new chat not found 0831@c.us
📡 Enviando mensaje vía API local del bot...
❌ Error al enviar mensaje vía API local: HTTP 500 findChat: new chat not found 6473@c.us
❌ Error enviando a 50230086473: HTTP 500 findChat: new chat not found 6473@c.us
📡 Enviando mensaje vía API local del bot...
❌ Error al enviar mensaje vía API local: HTTP 500 findChat: new chat not found 2170@c.us
❌ Error enviando a 50255262170: HTTP 500 findChat: new chat not found 2170@c.us
📡 Enviando mensaje vía API local del bot...
❌ Error al enviar mensaje vía API local: HTTP 500 findChat: new chat not found 8130@c.us
❌ Error enviando a 50258748130: HTTP 500 findChat: new chat not found 8130@c.us
📡 Enviando mensaje vía API local del bot...
❌ Error al enviar mensaje vía API local: HTTP 500 findChat: new chat not found 8481@c.us
❌ Error enviando a 50242968481: HTTP 500 findChat: new chat not found 8481@c.us
📡 Enviando mensaje vía API local del bot...
❌ Error al enviar mensaje vía API local: HTTP 500 findChat: new chat not found 3665@c.us
❌ Error enviando a 50241143665: HTTP 500 findChat: new chat not found 3665@c.us
📡 Enviando mensaje vía API local del bot...
❌ Error al enviar mensaje vía API local: HTTP 500 findChat: new chat not found 5152@c.us
❌ Error enviando a 50252025152: HTTP 500 findChat: new chat not found 5152@c.us
📡 Enviando mensaje vía API local del bot...
❌ Error al enviar mensaje vía API local: HTTP 500 findChat: new chat not found 8591@c.us
❌ Error enviando a 50240858591: HTTP 500 findChat: new chat not found 8591@c.us
📡 Enviando mensaje vía API local del bot...
❌ Error al enviar mensaje vía API local: HTTP 500 findChat: new chat not found 4879@c.us
❌ Error enviando a 50236134879: HTTP 500 findChat: new chat not found 4879@c.us
📡 Enviando mensaje vía API local del bot...
❌ Error al enviar mensaje vía API local: HTTP 500 findChat: new chat not found 4879@c.us
❌ Error enviando a 50236134879: HTTP 500 findChat: new chat not found 4879@c.us
📡 Enviando mensaje vía API local del bot...
❌ Error al enviar mensaje vía API local: HTTP 500 findChat: new chat not found 3476@c.us
❌ Error enviando a 50258253476: HTTP 500 findChat: new chat not found 3476@c.us
📡 Enviando mensaje vía API local del bot...
❌ Error al enviar mensaje vía API local: HTTP 500 findChat: new chat not found 8294@c.us
❌ Error enviando a 50241288294: HTTP 500 findChat: new chat not found 8294@c.us
📡 Enviando mensaje vía API local del bot...
❌ Error al enviar mensaje vía API local: HTTP 500 findChat: new chat not found 4297@c.us
❌ Error enviando a 50235954297: HTTP 500 findChat: new chat not found 4297@c.us
⚠️ 50230718631: sin contenido relevante → no se envía mensaje.
⚠️ 50254140866: sin contenido relevante → no se envía mensaje.
📡 Enviando mensaje vía API local del bot...
❌ Error al enviar mensaje vía API local: HTTP 500 findChat: new chat not found 5724@c.us
❌ Error enviando a 50247695724: HTTP 500 findChat: new chat not found 5724@c.us
📡 Enviando mensaje vía API local del bot...
❌ Error al enviar mensaje vía API local: HTTP 500 findChat: new chat not found 9247@c.us
⚠️ No se pudo enviar resumen al admin: HTTP 500 findChat: new chat not found 9247@c.us
🟢 Finalizado y DB cerrada.
[dotenv@17.2.3] injecting env (10) from ../.env -- tip: 👥 sync secrets across teammates & machines: https://dotenvx.com/ops
[dotenv@17.2.3] injecting env (0) from .env -- tip: 🔄 add secrets lifecycle management: https://dotenvx.com/ops
[dotenv@17.2.3] injecting env (0) from ../.env -- tip: 👥 sync secrets across teammates & machines: https://dotenvx.com/ops
[dotenv@17.2.3] injecting env (0) from .env -- tip: ⚙️  write to custom object with { processEnv: myObject }
🕓 Iniciando envío automático de noticias diarias...

🗂️ Departamentos con notas hoy: [ 'Guatemala', 'Noticias', 'Portada' ]
📊 OjoAlDato cargado: {
  fecha: '10/3/2026',
  departamento: 'Retalhuleu',
  texto: 'la municipalidad de San Martín Zapotitlán, Retalhuleu pagó Q210 mil 600 a Mario Roberto Fernández Luarca por la recepción de 27 viajes de basura al mes en el vertedero Valdivia. Cada viaje se paga a Q780, durante 10 meses, del 1 de febrero al 30 de noviembre de 2026.'
}
👥 Suscriptores activos: 101
⚠️ 50432745042: sin contenido relevante → no se envía mensaje.
📡 Enviando mensaje vía API local del bot...
❌ Error al enviar mensaje vía API local: HTTP 500 findChat: new chat not found 9247@c.us
❌ Error enviando a 50255629247: HTTP 500 findChat: new chat not found 9247@c.us
📡 Enviando mensaje vía API local del bot...
❌ Error al enviar mensaje vía API local: HTTP 500 findChat: new chat not found 7827@c.us
❌ Error enviando a 50254747827: HTTP 500 findChat: new chat not found 7827@c.us
⚠️ 50254827902: sin contenido relevante → no se envía mensaje.
📡 Enviando mensaje vía API local del bot...
❌ Error al enviar mensaje vía API local: HTTP 500 findChat: new chat not found 9220@c.us
❌ Error enviando a 50257049220: HTTP 500 findChat: new chat not found 9220@c.us
⚠️ 50230080060: sin contenido relevante → no se envía mensaje.
⚠️ 50247858363: sin contenido relevante → no se envía mensaje.
⚠️ 50232050537: sin contenido relevante → no se envía mensaje.
📡 Enviando mensaje vía API local del bot...
❌ Error al enviar mensaje vía API local: HTTP 500 findChat: new chat not found 0168@c.us
❌ Error enviando a 50253460168: HTTP 500 findChat: new chat not found 0168@c.us
⚠️ 50230465423: sin contenido relevante → no se envía mensaje.
⚠️ 50253065146: sin contenido relevante → no se envía mensaje.
📡 Enviando mensaje vía API local del bot...
❌ Error al enviar mensaje vía API local: HTTP 500 findChat: new chat not found 4110@c.us
❌ Error enviando a 50255284110: HTTP 500 findChat: new chat not found 4110@c.us
⚠️ 50254210055: sin contenido relevante → no se envía mensaje.
⚠️ 50255294247: sin contenido relevante → no se envía mensaje.
📡 Enviando mensaje vía API local del bot...
❌ Error al enviar mensaje vía API local: HTTP 500 findChat: new chat not found 0000@c.us
❌ Error enviando a 50237330000: HTTP 500 findChat: new chat not found 0000@c.us
📡 Enviando mensaje vía API local del bot...
❌ Error al enviar mensaje vía API local: HTTP 500 findChat: new chat not found 1953@c.us
❌ Error enviando a 50245491953: HTTP 500 findChat: new chat not found 1953@c.us
📡 Enviando mensaje vía API local del bot...
❌ Error al enviar mensaje vía API local: HTTP 500 findChat: new chat not found 6094@c.us
❌ Error enviando a 50257186094: HTTP 500 findChat: new chat not found 6094@c.us
⚠️ 50257171707: sin contenido relevante → no se envía mensaje.
📡 Enviando mensaje vía API local del bot...
❌ Error al enviar mensaje vía API local: HTTP 500 findChat: new chat not found 0326@c.us
❌ Error enviando a 50233610326: HTTP 500 findChat: new chat not found 0326@c.us
📡 Enviando mensaje vía API local del bot...
❌ Error al enviar mensaje vía API local: HTTP 500 findChat: new chat not found 6516@c.us
❌ Error enviando a 50259906516: HTTP 500 findChat: new chat not found 6516@c.us
⚠️ 50250190948: sin contenido relevante → no se envía mensaje.
📡 Enviando mensaje vía API local del bot...
❌ Error al enviar mensaje vía API local: HTTP 500 findChat: new chat not found 3749@c.us
❌ Error enviando a 50254263749: HTTP 500 findChat: new chat not found 3749@c.us
📡 Enviando mensaje vía API local del bot...
❌ Error al enviar mensaje vía API local: HTTP 500 findChat: new chat not found 8550@c.us
❌ Error enviando a 50249728550: HTTP 500 findChat: new chat not found 8550@c.us
📡 Enviando mensaje vía API local del bot...
❌ Error al enviar mensaje vía API local: HTTP 500 findChat: new chat not found 5779@c.us
❌ Error enviando a 50235245779: HTTP 500 findChat: new chat not found 5779@c.us
📡 Enviando mensaje vía API local del bot...
❌ Error al enviar mensaje vía API local: HTTP 500 findChat: new chat not found 2572@c.us
❌ Error enviando a 50246532572: HTTP 500 findChat: new chat not found 2572@c.us
⚠️ 50249313997: sin contenido relevante → no se envía mensaje.
📡 Enviando mensaje vía API local del bot...
❌ Error al enviar mensaje vía API local: HTTP 500 findChat: new chat not found 5876@c.us
❌ Error enviando a 50247685876: HTTP 500 findChat: new chat not found 5876@c.us
⚠️ 50246032841: sin contenido relevante → no se envía mensaje.
📡 Enviando mensaje vía API local del bot...
❌ Error al enviar mensaje vía API local: HTTP 500 findChat: new chat not found 5677@c.us
❌ Error enviando a 50255585677: HTTP 500 findChat: new chat not found 5677@c.us
⚠️ 50253556299: sin contenido relevante → no se envía mensaje.
📡 Enviando mensaje vía API local del bot...
❌ Error al enviar mensaje vía API local: HTTP 500 findChat: new chat not found 8098@c.us
❌ Error enviando a 50254608098: HTTP 500 findChat: new chat not found 8098@c.us
📡 Enviando mensaje vía API local del bot...
❌ Error al enviar mensaje vía API local: HTTP 500 findChat: new chat not found 5651@c.us
❌ Error enviando a 50236405651: HTTP 500 findChat: new chat not found 5651@c.us
⚠️ 50258261871: sin contenido relevante → no se envía mensaje.
⚠️ 50237829024: sin contenido relevante → no se envía mensaje.
📡 Enviando mensaje vía API local del bot...
❌ Error al enviar mensaje vía API local: HTTP 500 findChat: new chat not found 3437@c.us
❌ Error enviando a 50247543437: HTTP 500 findChat: new chat not found 3437@c.us
📡 Enviando mensaje vía API local del bot...
❌ Error al enviar mensaje vía API local: HTTP 500 findChat: new chat not found 2769@c.us
❌ Error enviando a 50240292769: HTTP 500 findChat: new chat not found 2769@c.us
⚠️ 50258955269: sin contenido relevante → no se envía mensaje.
⚠️ 50258053297: sin contenido relevante → no se envía mensaje.
⚠️ 50255584478: sin contenido relevante → no se envía mensaje.
⚠️ 50244819697: sin contenido relevante → no se envía mensaje.
⚠️ 50230063598: sin contenido relevante → no se envía mensaje.
📡 Enviando mensaje vía API local del bot...
❌ Error al enviar mensaje vía API local: HTTP 500 findChat: new chat not found 6628@c.us
❌ Error enviando a 50253176628: HTTP 500 findChat: new chat not found 6628@c.us
📡 Enviando mensaje vía API local del bot...
❌ Error al enviar mensaje vía API local: HTTP 500 findChat: new chat not found 2912@c.us
❌ Error enviando a 50241262912: HTTP 500 findChat: new chat not found 2912@c.us
⚠️ 50256416965: sin contenido relevante → no se envía mensaje.
📡 Enviando mensaje vía API local del bot...
❌ Error al enviar mensaje vía API local: HTTP 500 findChat: new chat not found 6181@c.us
❌ Error enviando a 50247456181: HTTP 500 findChat: new chat not found 6181@c.us
📡 Enviando mensaje vía API local del bot...
❌ Error al enviar mensaje vía API local: HTTP 500 findChat: new chat not found 5600@c.us
❌ Error enviando a 50252715600: HTTP 500 findChat: new chat not found 5600@c.us
⚠️ 50238844123: sin contenido relevante → no se envía mensaje.
📡 Enviando mensaje vía API local del bot...
❌ Error al enviar mensaje vía API local: HTTP 500 findChat: new chat not found 6060@c.us
❌ Error enviando a 50252006060: HTTP 500 findChat: new chat not found 6060@c.us
📡 Enviando mensaje vía API local del bot...
❌ Error al enviar mensaje vía API local: HTTP 500 findChat: new chat not found 7797@c.us
❌ Error enviando a 50253127797: HTTP 500 findChat: new chat not found 7797@c.us
📡 Enviando mensaje vía API local del bot...
❌ Error al enviar mensaje vía API local: HTTP 500 findChat: new chat not found 5516@c.us
❌ Error enviando a 50232955516: HTTP 500 findChat: new chat not found 5516@c.us
⚠️ 50240101714: sin contenido relevante → no se envía mensaje.
📡 Enviando mensaje vía API local del bot...
❌ Error al enviar mensaje vía API local: HTTP 500 findChat: new chat not found 4421@c.us
❌ Error enviando a 50241494421: HTTP 500 findChat: new chat not found 4421@c.us
📡 Enviando mensaje vía API local del bot...
❌ Error al enviar mensaje vía API local: HTTP 500 findChat: new chat not found 7338@c.us
❌ Error enviando a 50253807338: HTTP 500 findChat: new chat not found 7338@c.us
📡 Enviando mensaje vía API local del bot...
❌ Error al enviar mensaje vía API local: HTTP 500 findChat: new chat not found 6300@c.us
❌ Error enviando a 50250166300: HTTP 500 findChat: new chat not found 6300@c.us
📡 Enviando mensaje vía API local del bot...
❌ Error al enviar mensaje vía API local: HTTP 500 findChat: new chat not found 3288@c.us
❌ Error enviando a 50232883288: HTTP 500 findChat: new chat not found 3288@c.us
📡 Enviando mensaje vía API local del bot...
❌ Error al enviar mensaje vía API local: HTTP 500 findChat: new chat not found 1825@c.us
❌ Error enviando a 50230131825: HTTP 500 findChat: new chat not found 1825@c.us
📡 Enviando mensaje vía API local del bot...
❌ Error al enviar mensaje vía API local: HTTP 500 findChat: new chat not found 9749@c.us
❌ Error enviando a 50255449749: HTTP 500 findChat: new chat not found 9749@c.us
⚠️ 50236680850: sin contenido relevante → no se envía mensaje.
📡 Enviando mensaje vía API local del bot...
❌ Error al enviar mensaje vía API local: HTTP 500 findChat: new chat not found 5029@c.us
❌ Error enviando a 50256805029: HTTP 500 findChat: new chat not found 5029@c.us
⚠️ 50259108219: sin contenido relevante → no se envía mensaje.
📡 Enviando mensaje vía API local del bot...
❌ Error al enviar mensaje vía API local: HTTP 500 findChat: new chat not found 2992@c.us
❌ Error enviando a 50257582992: HTTP 500 findChat: new chat not found 2992@c.us
📡 Enviando mensaje vía API local del bot...
❌ Error al enviar mensaje vía API local: HTTP 500 findChat: new chat not found 1047@c.us
❌ Error enviando a 50230281047: HTTP 500 findChat: new chat not found 1047@c.us
📡 Enviando mensaje vía API local del bot...
❌ Error al enviar mensaje vía API local: HTTP 500 findChat: new chat not found 1231@c.us
❌ Error enviando a 50233291231: HTTP 500 findChat: new chat not found 1231@c.us
📡 Enviando mensaje vía API local del bot...
❌ Error al enviar mensaje vía API local: HTTP 500 findChat: new chat not found 2584@c.us
❌ Error enviando a 50250542584: HTTP 500 findChat: new chat not found 2584@c.us
📡 Enviando mensaje vía API local del bot...
❌ Error al enviar mensaje vía API local: HTTP 500 findChat: new chat not found 2862@c.us
❌ Error enviando a 50230782862: HTTP 500 findChat: new chat not found 2862@c.us
⚠️ 50236076447: sin contenido relevante → no se envía mensaje.
📡 Enviando mensaje vía API local del bot...
❌ Error al enviar mensaje vía API local: HTTP 500 findChat: new chat not found 4284@c.us
❌ Error enviando a 50236764284: HTTP 500 findChat: new chat not found 4284@c.us
📡 Enviando mensaje vía API local del bot...
❌ Error al enviar mensaje vía API local: HTTP 500 findChat: new chat not found 1853@c.us
❌ Error enviando a 50235151853: HTTP 500 findChat: new chat not found 1853@c.us
📡 Enviando mensaje vía API local del bot...
❌ Error al enviar mensaje vía API local: HTTP 500 findChat: new chat not found 2345@c.us
❌ Error enviando a 50230082345: HTTP 500 findChat: new chat not found 2345@c.us
📡 Enviando mensaje vía API local del bot...
❌ Error al enviar mensaje vía API local: HTTP 500 findChat: new chat not found 1188@c.us
❌ Error enviando a 50256371188: HTTP 500 findChat: new chat not found 1188@c.us
📡 Enviando mensaje vía API local del bot...
❌ Error al enviar mensaje vía API local: HTTP 500 findChat: new chat not found 3113@c.us
❌ Error enviando a 50230083113: HTTP 500 findChat: new chat not found 3113@c.us
📡 Enviando mensaje vía API local del bot...
❌ Error al enviar mensaje vía API local: HTTP 500 findChat: new chat not found 6417@c.us
❌ Error enviando a 50255376417: HTTP 500 findChat: new chat not found 6417@c.us
📡 Enviando mensaje vía API local del bot...
❌ Error al enviar mensaje vía API local: HTTP 500 findChat: new chat not found 5235@c.us
❌ Error enviando a 50237655235: HTTP 500 findChat: new chat not found 5235@c.us
📡 Enviando mensaje vía API local del bot...
❌ Error al enviar mensaje vía API local: HTTP 500 findChat: new chat not found 1508@c.us
❌ Error enviando a 50242221508: HTTP 500 findChat: new chat not found 1508@c.us
⚠️ 50246854703: sin contenido relevante → no se envía mensaje.
⚠️ 50256521588: sin contenido relevante → no se envía mensaje.
⚠️ 50687637085: sin contenido relevante → no se envía mensaje.
📡 Enviando mensaje vía API local del bot...
❌ Error al enviar mensaje vía API local: HTTP 500 findChat: new chat not found 6795@c.us
❌ Error enviando a 50240686795: HTTP 500 findChat: new chat not found 6795@c.us
📡 Enviando mensaje vía API local del bot...
❌ Error al enviar mensaje vía API local: HTTP 500 findChat: new chat not found 0287@c.us
❌ Error enviando a 50255130287: HTTP 500 findChat: new chat not found 0287@c.us
📡 Enviando mensaje vía API local del bot...
❌ Error al enviar mensaje vía API local: HTTP 500 findChat: new chat not found 0616@c.us
❌ Error enviando a 50259450616: HTTP 500 findChat: new chat not found 0616@c.us
⚠️ 50255541565: sin contenido relevante → no se envía mensaje.
📡 Enviando mensaje vía API local del bot...
❌ Error al enviar mensaje vía API local: HTTP 500 findChat: new chat not found 9297@c.us
❌ Error enviando a 50258349297: HTTP 500 findChat: new chat not found 9297@c.us
📡 Enviando mensaje vía API local del bot...
❌ Error al enviar mensaje vía API local: HTTP 500 findChat: new chat not found 9331@c.us
❌ Error enviando a 50249529331: HTTP 500 findChat: new chat not found 9331@c.us
⚠️ 50241139319: sin contenido relevante → no se envía mensaje.
📡 Enviando mensaje vía API local del bot...
❌ Error al enviar mensaje vía API local: HTTP 500 findChat: new chat not found 4268@c.us
❌ Error enviando a 50257184268: HTTP 500 findChat: new chat not found 4268@c.us
📡 Enviando mensaje vía API local del bot...
❌ Error al enviar mensaje vía API local: HTTP 500 findChat: new chat not found 0831@c.us
❌ Error enviando a 50242110831: HTTP 500 findChat: new chat not found 0831@c.us
📡 Enviando mensaje vía API local del bot...
❌ Error al enviar mensaje vía API local: HTTP 500 findChat: new chat not found 6473@c.us
❌ Error enviando a 50230086473: HTTP 500 findChat: new chat not found 6473@c.us
📡 Enviando mensaje vía API local del bot...
❌ Error al enviar mensaje vía API local: HTTP 500 findChat: new chat not found 2170@c.us
❌ Error enviando a 50255262170: HTTP 500 findChat: new chat not found 2170@c.us
📡 Enviando mensaje vía API local del bot...
❌ Error al enviar mensaje vía API local: HTTP 500 findChat: new chat not found 8130@c.us
❌ Error enviando a 50258748130: HTTP 500 findChat: new chat not found 8130@c.us
⚠️ 50242968481: sin contenido relevante → no se envía mensaje.
📡 Enviando mensaje vía API local del bot...
❌ Error al enviar mensaje vía API local: HTTP 500 findChat: new chat not found 3665@c.us
❌ Error enviando a 50241143665: HTTP 500 findChat: new chat not found 3665@c.us
📡 Enviando mensaje vía API local del bot...
❌ Error al enviar mensaje vía API local: HTTP 500 findChat: new chat not found 5152@c.us
❌ Error enviando a 50252025152: HTTP 500 findChat: new chat not found 5152@c.us
📡 Enviando mensaje vía API local del bot...
❌ Error al enviar mensaje vía API local: HTTP 500 findChat: new chat not found 8591@c.us
❌ Error enviando a 50240858591: HTTP 500 findChat: new chat not found 8591@c.us
📡 Enviando mensaje vía API local del bot...
❌ Error al enviar mensaje vía API local: HTTP 500 findChat: new chat not found 4879@c.us
❌ Error enviando a 50236134879: HTTP 500 findChat: new chat not found 4879@c.us
📡 Enviando mensaje vía API local del bot...
❌ Error al enviar mensaje vía API local: HTTP 500 findChat: new chat not found 4879@c.us
❌ Error enviando a 50236134879: HTTP 500 findChat: new chat not found 4879@c.us
📡 Enviando mensaje vía API local del bot...
❌ Error al enviar mensaje vía API local: HTTP 500 findChat: new chat not found 3476@c.us
❌ Error enviando a 50258253476: HTTP 500 findChat: new chat not found 3476@c.us
📡 Enviando mensaje vía API local del bot...
❌ Error al enviar mensaje vía API local: HTTP 500 findChat: new chat not found 8294@c.us
❌ Error enviando a 50241288294: HTTP 500 findChat: new chat not found 8294@c.us
📡 Enviando mensaje vía API local del bot...
❌ Error al enviar mensaje vía API local: HTTP 500 findChat: new chat not found 4297@c.us
❌ Error enviando a 50235954297: HTTP 500 findChat: new chat not found 4297@c.us
⚠️ 50230718631: sin contenido relevante → no se envía mensaje.
⚠️ 50254140866: sin contenido relevante → no se envía mensaje.
📡 Enviando mensaje vía API local del bot...
❌ Error al enviar mensaje vía API local: HTTP 500 findChat: new chat not found 5724@c.us
❌ Error enviando a 50247695724: HTTP 500 findChat: new chat not found 5724@c.us
📡 Enviando mensaje vía API local del bot...
❌ Error al enviar mensaje vía API local: HTTP 500 findChat: new chat not found 9247@c.us
⚠️ No se pudo enviar resumen al admin: HTTP 500 findChat: new chat not found 9247@c.us
🟢 Finalizado y DB cerrada.
[dotenv@17.2.3] injecting env (10) from ../.env -- tip: 🔑 add access controls to secrets: https://dotenvx.com/ops
[dotenv@17.2.3] injecting env (0) from .env -- tip: 🗂️ backup and recover secrets: https://dotenvx.com/ops
[dotenv@17.2.3] injecting env (0) from ../.env -- tip: ⚙️  load multiple .env files with { path: ['.env.local', '.env'] }
[dotenv@17.2.3] injecting env (0) from .env -- tip: 🛠️  run anywhere with `dotenvx run -- yourcommand`
🕓 Iniciando envío automático de noticias diarias...

🗂️ Departamentos con notas hoy: [ 'Noticias', 'Portada', 'Quetzaltenango', 'Guatemala' ]
📊 OjoAlDato cargado: {
  fecha: '11/3/2026',
  departamento: 'Escuintla',
  texto: 'la municipalidad de San José, Escuintla pagó Q180 mil a Jerson David Villalobos Lima por el arrendamiento de un vehículo tipo pick up Toyota, modelo 1994. El vehículo será utilizado para trabajos de mejoramiento de calles y avenidas rurales, correspondiente al periodo de enero a diciembre de 2026.'
}
👥 Suscriptores activos: 101
⚠️ 50432745042: sin contenido relevante → no se envía mensaje.
📡 Enviando mensaje vía API local del bot...
❌ Error al enviar mensaje vía API local: HTTP 500 findChat: new chat not found 9247@c.us
❌ Error enviando a 50255629247: HTTP 500 findChat: new chat not found 9247@c.us
⚠️ 50254747827: sin contenido relevante → no se envía mensaje.
⚠️ 50254827902: sin contenido relevante → no se envía mensaje.
📡 Enviando mensaje vía API local del bot...
❌ Error al enviar mensaje vía API local: HTTP 500 findChat: new chat not found 9220@c.us
❌ Error enviando a 50257049220: HTTP 500 findChat: new chat not found 9220@c.us
⚠️ 50230080060: sin contenido relevante → no se envía mensaje.
📡 Enviando mensaje vía API local del bot...
❌ Error al enviar mensaje vía API local: HTTP 500 findChat: new chat not found 8363@c.us
❌ Error enviando a 50247858363: HTTP 500 findChat: new chat not found 8363@c.us
📡 Enviando mensaje vía API local del bot...
❌ Error al enviar mensaje vía API local: HTTP 500 findChat: new chat not found 0537@c.us
❌ Error enviando a 50232050537: HTTP 500 findChat: new chat not found 0537@c.us
📡 Enviando mensaje vía API local del bot...
❌ Error al enviar mensaje vía API local: HTTP 500 findChat: new chat not found 0168@c.us
❌ Error enviando a 50253460168: HTTP 500 findChat: new chat not found 0168@c.us
⚠️ 50230465423: sin contenido relevante → no se envía mensaje.
⚠️ 50253065146: sin contenido relevante → no se envía mensaje.
📡 Enviando mensaje vía API local del bot...
❌ Error al enviar mensaje vía API local: HTTP 500 findChat: new chat not found 4110@c.us
❌ Error enviando a 50255284110: HTTP 500 findChat: new chat not found 4110@c.us
⚠️ 50254210055: sin contenido relevante → no se envía mensaje.
⚠️ 50255294247: sin contenido relevante → no se envía mensaje.
📡 Enviando mensaje vía API local del bot...
❌ Error al enviar mensaje vía API local: HTTP 500 findChat: new chat not found 0000@c.us
❌ Error enviando a 50237330000: HTTP 500 findChat: new chat not found 0000@c.us
📡 Enviando mensaje vía API local del bot...
❌ Error al enviar mensaje vía API local: HTTP 500 findChat: new chat not found 1953@c.us
❌ Error enviando a 50245491953: HTTP 500 findChat: new chat not found 1953@c.us
📡 Enviando mensaje vía API local del bot...
❌ Error al enviar mensaje vía API local: HTTP 500 findChat: new chat not found 6094@c.us
❌ Error enviando a 50257186094: HTTP 500 findChat: new chat not found 6094@c.us
📡 Enviando mensaje vía API local del bot...
❌ Error al enviar mensaje vía API local: HTTP 500 findChat: new chat not found 1707@c.us
❌ Error enviando a 50257171707: HTTP 500 findChat: new chat not found 1707@c.us
📡 Enviando mensaje vía API local del bot...
❌ Error al enviar mensaje vía API local: HTTP 500 findChat: new chat not found 0326@c.us
❌ Error enviando a 50233610326: HTTP 500 findChat: new chat not found 0326@c.us
📡 Enviando mensaje vía API local del bot...
❌ Error al enviar mensaje vía API local: HTTP 500 findChat: new chat not found 6516@c.us
❌ Error enviando a 50259906516: HTTP 500 findChat: new chat not found 6516@c.us
📡 Enviando mensaje vía API local del bot...
❌ Error al enviar mensaje vía API local: HTTP 500 findChat: new chat not found 0948@c.us
❌ Error enviando a 50250190948: HTTP 500 findChat: new chat not found 0948@c.us
📡 Enviando mensaje vía API local del bot...
❌ Error al enviar mensaje vía API local: HTTP 500 findChat: new chat not found 3749@c.us
❌ Error enviando a 50254263749: HTTP 500 findChat: new chat not found 3749@c.us
📡 Enviando mensaje vía API local del bot...
❌ Error al enviar mensaje vía API local: HTTP 500 findChat: new chat not found 8550@c.us
❌ Error enviando a 50249728550: HTTP 500 findChat: new chat not found 8550@c.us
📡 Enviando mensaje vía API local del bot...
❌ Error al enviar mensaje vía API local: HTTP 500 findChat: new chat not found 5779@c.us
❌ Error enviando a 50235245779: HTTP 500 findChat: new chat not found 5779@c.us
📡 Enviando mensaje vía API local del bot...
❌ Error al enviar mensaje vía API local: HTTP 500 findChat: new chat not found 2572@c.us
❌ Error enviando a 50246532572: HTTP 500 findChat: new chat not found 2572@c.us
⚠️ 50249313997: sin contenido relevante → no se envía mensaje.
📡 Enviando mensaje vía API local del bot...
❌ Error al enviar mensaje vía API local: HTTP 500 findChat: new chat not found 5876@c.us
❌ Error enviando a 50247685876: HTTP 500 findChat: new chat not found 5876@c.us
📡 Enviando mensaje vía API local del bot...
❌ Error al enviar mensaje vía API local: HTTP 500 findChat: new chat not found 2841@c.us
❌ Error enviando a 50246032841: HTTP 500 findChat: new chat not found 2841@c.us
📡 Enviando mensaje vía API local del bot...
❌ Error al enviar mensaje vía API local: HTTP 500 findChat: new chat not found 5677@c.us
❌ Error enviando a 50255585677: HTTP 500 findChat: new chat not found 5677@c.us
⚠️ 50253556299: sin contenido relevante → no se envía mensaje.
📡 Enviando mensaje vía API local del bot...
❌ Error al enviar mensaje vía API local: HTTP 500 findChat: new chat not found 8098@c.us
❌ Error enviando a 50254608098: HTTP 500 findChat: new chat not found 8098@c.us
📡 Enviando mensaje vía API local del bot...
❌ Error al enviar mensaje vía API local: HTTP 500 findChat: new chat not found 5651@c.us
❌ Error enviando a 50236405651: HTTP 500 findChat: new chat not found 5651@c.us
⚠️ 50258261871: sin contenido relevante → no se envía mensaje.
⚠️ 50237829024: sin contenido relevante → no se envía mensaje.
📡 Enviando mensaje vía API local del bot...
❌ Error al enviar mensaje vía API local: HTTP 500 findChat: new chat not found 3437@c.us
❌ Error enviando a 50247543437: HTTP 500 findChat: new chat not found 3437@c.us
📡 Enviando mensaje vía API local del bot...
❌ Error al enviar mensaje vía API local: HTTP 500 findChat: new chat not found 2769@c.us
❌ Error enviando a 50240292769: HTTP 500 findChat: new chat not found 2769@c.us
⚠️ 50258955269: sin contenido relevante → no se envía mensaje.
⚠️ 50258053297: sin contenido relevante → no se envía mensaje.
⚠️ 50255584478: sin contenido relevante → no se envía mensaje.
⚠️ 50244819697: sin contenido relevante → no se envía mensaje.
⚠️ 50230063598: sin contenido relevante → no se envía mensaje.
📡 Enviando mensaje vía API local del bot...
❌ Error al enviar mensaje vía API local: HTTP 500 findChat: new chat not found 6628@c.us
❌ Error enviando a 50253176628: HTTP 500 findChat: new chat not found 6628@c.us
📡 Enviando mensaje vía API local del bot...
❌ Error al enviar mensaje vía API local: HTTP 500 findChat: new chat not found 2912@c.us
❌ Error enviando a 50241262912: HTTP 500 findChat: new chat not found 2912@c.us
📡 Enviando mensaje vía API local del bot...
❌ Error al enviar mensaje vía API local: HTTP 500 findChat: new chat not found 6965@c.us
❌ Error enviando a 50256416965: HTTP 500 findChat: new chat not found 6965@c.us
📡 Enviando mensaje vía API local del bot...
❌ Error al enviar mensaje vía API local: HTTP 500 findChat: new chat not found 6181@c.us
❌ Error enviando a 50247456181: HTTP 500 findChat: new chat not found 6181@c.us
📡 Enviando mensaje vía API local del bot...
❌ Error al enviar mensaje vía API local: HTTP 500 findChat: new chat not found 5600@c.us
❌ Error enviando a 50252715600: HTTP 500 findChat: new chat not found 5600@c.us
📡 Enviando mensaje vía API local del bot...
❌ Error al enviar mensaje vía API local: HTTP 500 findChat: new chat not found 4123@c.us
❌ Error enviando a 50238844123: HTTP 500 findChat: new chat not found 4123@c.us
📡 Enviando mensaje vía API local del bot...
❌ Error al enviar mensaje vía API local: HTTP 500 findChat: new chat not found 6060@c.us
❌ Error enviando a 50252006060: HTTP 500 findChat: new chat not found 6060@c.us
📡 Enviando mensaje vía API local del bot...
❌ Error al enviar mensaje vía API local: HTTP 500 findChat: new chat not found 7797@c.us
❌ Error enviando a 50253127797: HTTP 500 findChat: new chat not found 7797@c.us
📡 Enviando mensaje vía API local del bot...
❌ Error al enviar mensaje vía API local: HTTP 500 findChat: new chat not found 5516@c.us
❌ Error enviando a 50232955516: HTTP 500 findChat: new chat not found 5516@c.us
⚠️ 50240101714: sin contenido relevante → no se envía mensaje.
📡 Enviando mensaje vía API local del bot...
❌ Error al enviar mensaje vía API local: HTTP 500 findChat: new chat not found 4421@c.us
❌ Error enviando a 50241494421: HTTP 500 findChat: new chat not found 4421@c.us
📡 Enviando mensaje vía API local del bot...
❌ Error al enviar mensaje vía API local: HTTP 500 findChat: new chat not found 7338@c.us
❌ Error enviando a 50253807338: HTTP 500 findChat: new chat not found 7338@c.us
📡 Enviando mensaje vía API local del bot...
❌ Error al enviar mensaje vía API local: HTTP 500 findChat: new chat not found 6300@c.us
❌ Error enviando a 50250166300: HTTP 500 findChat: new chat not found 6300@c.us
📡 Enviando mensaje vía API local del bot...
❌ Error al enviar mensaje vía API local: HTTP 500 findChat: new chat not found 3288@c.us
❌ Error enviando a 50232883288: HTTP 500 findChat: new chat not found 3288@c.us
📡 Enviando mensaje vía API local del bot...
❌ Error al enviar mensaje vía API local: HTTP 500 findChat: new chat not found 1825@c.us
❌ Error enviando a 50230131825: HTTP 500 findChat: new chat not found 1825@c.us
📡 Enviando mensaje vía API local del bot...
❌ Error al enviar mensaje vía API local: HTTP 500 findChat: new chat not found 9749@c.us
❌ Error enviando a 50255449749: HTTP 500 findChat: new chat not found 9749@c.us
📡 Enviando mensaje vía API local del bot...
❌ Error al enviar mensaje vía API local: HTTP 500 findChat: new chat not found 0850@c.us
❌ Error enviando a 50236680850: HTTP 500 findChat: new chat not found 0850@c.us
📡 Enviando mensaje vía API local del bot...
❌ Error al enviar mensaje vía API local: HTTP 500 findChat: new chat not found 5029@c.us
❌ Error enviando a 50256805029: HTTP 500 findChat: new chat not found 5029@c.us
⚠️ 50259108219: sin contenido relevante → no se envía mensaje.
📡 Enviando mensaje vía API local del bot...
❌ Error al enviar mensaje vía API local: HTTP 500 findChat: new chat not found 2992@c.us
❌ Error enviando a 50257582992: HTTP 500 findChat: new chat not found 2992@c.us
📡 Enviando mensaje vía API local del bot...
❌ Error al enviar mensaje vía API local: HTTP 500 findChat: new chat not found 1047@c.us
❌ Error enviando a 50230281047: HTTP 500 findChat: new chat not found 1047@c.us
📡 Enviando mensaje vía API local del bot...
❌ Error al enviar mensaje vía API local: HTTP 500 findChat: new chat not found 1231@c.us
❌ Error enviando a 50233291231: HTTP 500 findChat: new chat not found 1231@c.us
⚠️ 50250542584: sin contenido relevante → no se envía mensaje.
📡 Enviando mensaje vía API local del bot...
❌ Error al enviar mensaje vía API local: HTTP 500 findChat: new chat not found 2862@c.us
❌ Error enviando a 50230782862: HTTP 500 findChat: new chat not found 2862@c.us
⚠️ 50236076447: sin contenido relevante → no se envía mensaje.
📡 Enviando mensaje vía API local del bot...
❌ Error al enviar mensaje vía API local: HTTP 500 findChat: new chat not found 4284@c.us
❌ Error enviando a 50236764284: HTTP 500 findChat: new chat not found 4284@c.us
📡 Enviando mensaje vía API local del bot...
❌ Error al enviar mensaje vía API local: HTTP 500 findChat: new chat not found 1853@c.us
❌ Error enviando a 50235151853: HTTP 500 findChat: new chat not found 1853@c.us
📡 Enviando mensaje vía API local del bot...
❌ Error al enviar mensaje vía API local: HTTP 500 findChat: new chat not found 2345@c.us
❌ Error enviando a 50230082345: HTTP 500 findChat: new chat not found 2345@c.us
📡 Enviando mensaje vía API local del bot...
❌ Error al enviar mensaje vía API local: HTTP 500 findChat: new chat not found 1188@c.us
❌ Error enviando a 50256371188: HTTP 500 findChat: new chat not found 1188@c.us
📡 Enviando mensaje vía API local del bot...
❌ Error al enviar mensaje vía API local: HTTP 500 findChat: new chat not found 3113@c.us
❌ Error enviando a 50230083113: HTTP 500 findChat: new chat not found 3113@c.us
📡 Enviando mensaje vía API local del bot...
❌ Error al enviar mensaje vía API local: HTTP 500 findChat: new chat not found 6417@c.us
❌ Error enviando a 50255376417: HTTP 500 findChat: new chat not found 6417@c.us
📡 Enviando mensaje vía API local del bot...
❌ Error al enviar mensaje vía API local: HTTP 500 findChat: new chat not found 5235@c.us
❌ Error enviando a 50237655235: HTTP 500 findChat: new chat not found 5235@c.us
📡 Enviando mensaje vía API local del bot...
❌ Error al enviar mensaje vía API local: HTTP 500 findChat: new chat not found 1508@c.us
❌ Error enviando a 50242221508: HTTP 500 findChat: new chat not found 1508@c.us
⚠️ 50246854703: sin contenido relevante → no se envía mensaje.
⚠️ 50256521588: sin contenido relevante → no se envía mensaje.
⚠️ 50687637085: sin contenido relevante → no se envía mensaje.
📡 Enviando mensaje vía API local del bot...
❌ Error al enviar mensaje vía API local: HTTP 500 findChat: new chat not found 6795@c.us
❌ Error enviando a 50240686795: HTTP 500 findChat: new chat not found 6795@c.us
📡 Enviando mensaje vía API local del bot...
❌ Error al enviar mensaje vía API local: HTTP 500 findChat: new chat not found 0287@c.us
❌ Error enviando a 50255130287: HTTP 500 findChat: new chat not found 0287@c.us
📡 Enviando mensaje vía API local del bot...
❌ Error al enviar mensaje vía API local: HTTP 500 findChat: new chat not found 0616@c.us
❌ Error enviando a 50259450616: HTTP 500 findChat: new chat not found 0616@c.us
⚠️ 50255541565: sin contenido relevante → no se envía mensaje.
📡 Enviando mensaje vía API local del bot...
❌ Error al enviar mensaje vía API local: HTTP 500 findChat: new chat not found 9297@c.us
❌ Error enviando a 50258349297: HTTP 500 findChat: new chat not found 9297@c.us
📡 Enviando mensaje vía API local del bot...
❌ Error al enviar mensaje vía API local: HTTP 500 findChat: new chat not found 9331@c.us
❌ Error enviando a 50249529331: HTTP 500 findChat: new chat not found 9331@c.us
⚠️ 50241139319: sin contenido relevante → no se envía mensaje.
📡 Enviando mensaje vía API local del bot...
❌ Error al enviar mensaje vía API local: HTTP 500 findChat: new chat not found 4268@c.us
❌ Error enviando a 50257184268: HTTP 500 findChat: new chat not found 4268@c.us
📡 Enviando mensaje vía API local del bot...
❌ Error al enviar mensaje vía API local: HTTP 500 findChat: new chat not found 0831@c.us
❌ Error enviando a 50242110831: HTTP 500 findChat: new chat not found 0831@c.us
📡 Enviando mensaje vía API local del bot...
❌ Error al enviar mensaje vía API local: HTTP 500 findChat: new chat not found 6473@c.us
❌ Error enviando a 50230086473: HTTP 500 findChat: new chat not found 6473@c.us
📡 Enviando mensaje vía API local del bot...
❌ Error al enviar mensaje vía API local: HTTP 500 findChat: new chat not found 2170@c.us
❌ Error enviando a 50255262170: HTTP 500 findChat: new chat not found 2170@c.us
📡 Enviando mensaje vía API local del bot...
❌ Error al enviar mensaje vía API local: HTTP 500 findChat: new chat not found 8130@c.us
❌ Error enviando a 50258748130: HTTP 500 findChat: new chat not found 8130@c.us
⚠️ 50242968481: sin contenido relevante → no se envía mensaje.
📡 Enviando mensaje vía API local del bot...
❌ Error al enviar mensaje vía API local: HTTP 500 findChat: new chat not found 3665@c.us
❌ Error enviando a 50241143665: HTTP 500 findChat: new chat not found 3665@c.us
📡 Enviando mensaje vía API local del bot...
❌ Error al enviar mensaje vía API local: HTTP 500 findChat: new chat not found 5152@c.us
❌ Error enviando a 50252025152: HTTP 500 findChat: new chat not found 5152@c.us
📡 Enviando mensaje vía API local del bot...
❌ Error al enviar mensaje vía API local: HTTP 500 findChat: new chat not found 8591@c.us
❌ Error enviando a 50240858591: HTTP 500 findChat: new chat not found 8591@c.us
📡 Enviando mensaje vía API local del bot...
❌ Error al enviar mensaje vía API local: HTTP 500 findChat: new chat not found 4879@c.us
❌ Error enviando a 50236134879: HTTP 500 findChat: new chat not found 4879@c.us
📡 Enviando mensaje vía API local del bot...
❌ Error al enviar mensaje vía API local: HTTP 500 findChat: new chat not found 4879@c.us
❌ Error enviando a 50236134879: HTTP 500 findChat: new chat not found 4879@c.us
📡 Enviando mensaje vía API local del bot...
❌ Error al enviar mensaje vía API local: HTTP 500 findChat: new chat not found 3476@c.us
❌ Error enviando a 50258253476: HTTP 500 findChat: new chat not found 3476@c.us
📡 Enviando mensaje vía API local del bot...
❌ Error al enviar mensaje vía API local: HTTP 500 findChat: new chat not found 8294@c.us
❌ Error enviando a 50241288294: HTTP 500 findChat: new chat not found 8294@c.us
📡 Enviando mensaje vía API local del bot...
❌ Error al enviar mensaje vía API local: HTTP 500 findChat: new chat not found 4297@c.us
❌ Error enviando a 50235954297: HTTP 500 findChat: new chat not found 4297@c.us
⚠️ 50230718631: sin contenido relevante → no se envía mensaje.
⚠️ 50254140866: sin contenido relevante → no se envía mensaje.
📡 Enviando mensaje vía API local del bot...
❌ Error al enviar mensaje vía API local: HTTP 500 findChat: new chat not found 5724@c.us
❌ Error enviando a 50247695724: HTTP 500 findChat: new chat not found 5724@c.us
📡 Enviando mensaje vía API local del bot...
❌ Error al enviar mensaje vía API local: HTTP 500 findChat: new chat not found 9247@c.us
⚠️ No se pudo enviar resumen al admin: HTTP 500 findChat: new chat not found 9247@c.us
🟢 Finalizado y DB cerrada.
[dotenv@17.2.3] injecting env (10) from ../.env -- tip: ⚙️  suppress all logs with { quiet: true }
[dotenv@17.2.3] injecting env (0) from .env -- tip: 🔐 prevent building .env in docker: https://dotenvx.com/prebuild
[dotenv@17.2.3] injecting env (0) from ../.env -- tip: ⚙️  write to custom object with { processEnv: myObject }
[dotenv@17.2.3] injecting env (0) from .env -- tip: ⚙️  specify custom .env file path with { path: '/custom/path/.env' }
🕓 Iniciando envío automático de noticias diarias...

🗂️ Departamentos con notas hoy: [ 'Noticias', 'Portada', 'Sacatepéquez', 'Quetzaltenango' ]
📊 OjoAlDato cargado: {
  fecha: '12/3/2026',
  departamento: 'Suchitepéquez',
  texto: 'la municipalidad de Mazatenango, Suchitepéquez pagó Q88 mil 500 a Constructora Morales, propiedad de Eva Marina Morales de León, por servicios de erradicación de basureros clandestinos en la entrada del cantón Vaquero. El servicio se realizó del 24 de febrero al 2 de marzo.'
}
👥 Suscriptores activos: 101
⚠️ 50432745042: sin contenido relevante → no se envía mensaje.
⚠️ 50255629247: sin contenido relevante → no se envía mensaje.
📡 Enviando mensaje vía API local del bot...
❌ Error al enviar mensaje vía API local: HTTP 500 findChat: new chat not found 7827@c.us
❌ Error enviando a 50254747827: HTTP 500 findChat: new chat not found 7827@c.us
⚠️ 50254827902: sin contenido relevante → no se envía mensaje.
📡 Enviando mensaje vía API local del bot...
❌ Error al enviar mensaje vía API local: HTTP 500 findChat: new chat not found 9220@c.us
❌ Error enviando a 50257049220: HTTP 500 findChat: new chat not found 9220@c.us
⚠️ 50230080060: sin contenido relevante → no se envía mensaje.
📡 Enviando mensaje vía API local del bot...
❌ Error al enviar mensaje vía API local: HTTP 500 findChat: new chat not found 8363@c.us
❌ Error enviando a 50247858363: HTTP 500 findChat: new chat not found 8363@c.us
📡 Enviando mensaje vía API local del bot...
❌ Error al enviar mensaje vía API local: HTTP 500 findChat: new chat not found 0537@c.us
❌ Error enviando a 50232050537: HTTP 500 findChat: new chat not found 0537@c.us
⚠️ 50253460168: sin contenido relevante → no se envía mensaje.
⚠️ 50230465423: sin contenido relevante → no se envía mensaje.
⚠️ 50253065146: sin contenido relevante → no se envía mensaje.
⚠️ 50255284110: sin contenido relevante → no se envía mensaje.
⚠️ 50254210055: sin contenido relevante → no se envía mensaje.
⚠️ 50255294247: sin contenido relevante → no se envía mensaje.
⚠️ 50237330000: sin contenido relevante → no se envía mensaje.
⚠️ 50245491953: sin contenido relevante → no se envía mensaje.
⚠️ 50257186094: sin contenido relevante → no se envía mensaje.
📡 Enviando mensaje vía API local del bot...
❌ Error al enviar mensaje vía API local: HTTP 500 findChat: new chat not found 1707@c.us
❌ Error enviando a 50257171707: HTTP 500 findChat: new chat not found 1707@c.us
📡 Enviando mensaje vía API local del bot...
❌ Error al enviar mensaje vía API local: HTTP 500 findChat: new chat not found 0326@c.us
❌ Error enviando a 50233610326: HTTP 500 findChat: new chat not found 0326@c.us
⚠️ 50259906516: sin contenido relevante → no se envía mensaje.
📡 Enviando mensaje vía API local del bot...
❌ Error al enviar mensaje vía API local: HTTP 500 findChat: new chat not found 0948@c.us
❌ Error enviando a 50250190948: HTTP 500 findChat: new chat not found 0948@c.us
⚠️ 50254263749: sin contenido relevante → no se envía mensaje.
⚠️ 50249728550: sin contenido relevante → no se envía mensaje.
📡 Enviando mensaje vía API local del bot...
❌ Error al enviar mensaje vía API local: HTTP 500 findChat: new chat not found 5779@c.us
❌ Error enviando a 50235245779: HTTP 500 findChat: new chat not found 5779@c.us
⚠️ 50246532572: sin contenido relevante → no se envía mensaje.
⚠️ 50249313997: sin contenido relevante → no se envía mensaje.
📡 Enviando mensaje vía API local del bot...
❌ Error al enviar mensaje vía API local: HTTP 500 findChat: new chat not found 5876@c.us
❌ Error enviando a 50247685876: HTTP 500 findChat: new chat not found 5876@c.us
⚠️ 50246032841: sin contenido relevante → no se envía mensaje.
⚠️ 50255585677: sin contenido relevante → no se envía mensaje.
⚠️ 50253556299: sin contenido relevante → no se envía mensaje.
📡 Enviando mensaje vía API local del bot...
❌ Error al enviar mensaje vía API local: HTTP 500 findChat: new chat not found 8098@c.us
❌ Error enviando a 50254608098: HTTP 500 findChat: new chat not found 8098@c.us
⚠️ 50236405651: sin contenido relevante → no se envía mensaje.
⚠️ 50258261871: sin contenido relevante → no se envía mensaje.
⚠️ 50237829024: sin contenido relevante → no se envía mensaje.
⚠️ 50247543437: sin contenido relevante → no se envía mensaje.
⚠️ 50240292769: sin contenido relevante → no se envía mensaje.
⚠️ 50258955269: sin contenido relevante → no se envía mensaje.
⚠️ 50258053297: sin contenido relevante → no se envía mensaje.
⚠️ 50255584478: sin contenido relevante → no se envía mensaje.
⚠️ 50244819697: sin contenido relevante → no se envía mensaje.
⚠️ 50230063598: sin contenido relevante → no se envía mensaje.
⚠️ 50253176628: sin contenido relevante → no se envía mensaje.
⚠️ 50241262912: sin contenido relevante → no se envía mensaje.
📡 Enviando mensaje vía API local del bot...
❌ Error al enviar mensaje vía API local: HTTP 500 findChat: new chat not found 6965@c.us
❌ Error enviando a 50256416965: HTTP 500 findChat: new chat not found 6965@c.us
⚠️ 50247456181: sin contenido relevante → no se envía mensaje.
⚠️ 50252715600: sin contenido relevante → no se envía mensaje.
📡 Enviando mensaje vía API local del bot...
❌ Error al enviar mensaje vía API local: HTTP 500 findChat: new chat not found 4123@c.us
❌ Error enviando a 50238844123: HTTP 500 findChat: new chat not found 4123@c.us
⚠️ 50252006060: sin contenido relevante → no se envía mensaje.
⚠️ 50253127797: sin contenido relevante → no se envía mensaje.
⚠️ 50232955516: sin contenido relevante → no se envía mensaje.
⚠️ 50240101714: sin contenido relevante → no se envía mensaje.
⚠️ 50241494421: sin contenido relevante → no se envía mensaje.
⚠️ 50253807338: sin contenido relevante → no se envía mensaje.
⚠️ 50250166300: sin contenido relevante → no se envía mensaje.
⚠️ 50232883288: sin contenido relevante → no se envía mensaje.
⚠️ 50230131825: sin contenido relevante → no se envía mensaje.
⚠️ 50255449749: sin contenido relevante → no se envía mensaje.
⚠️ 50236680850: sin contenido relevante → no se envía mensaje.
⚠️ 50256805029: sin contenido relevante → no se envía mensaje.
📡 Enviando mensaje vía API local del bot...
❌ Error al enviar mensaje vía API local: HTTP 500 findChat: new chat not found 8219@c.us
❌ Error enviando a 50259108219: HTTP 500 findChat: new chat not found 8219@c.us
⚠️ 50257582992: sin contenido relevante → no se envía mensaje.
⚠️ 50230281047: sin contenido relevante → no se envía mensaje.
⚠️ 50233291231: sin contenido relevante → no se envía mensaje.
⚠️ 50250542584: sin contenido relevante → no se envía mensaje.
⚠️ 50230782862: sin contenido relevante → no se envía mensaje.
⚠️ 50236076447: sin contenido relevante → no se envía mensaje.
⚠️ 50236764284: sin contenido relevante → no se envía mensaje.
⚠️ 50235151853: sin contenido relevante → no se envía mensaje.
⚠️ 50230082345: sin contenido relevante → no se envía mensaje.
⚠️ 50256371188: sin contenido relevante → no se envía mensaje.
⚠️ 50230083113: sin contenido relevante → no se envía mensaje.
⚠️ 50255376417: sin contenido relevante → no se envía mensaje.
⚠️ 50237655235: sin contenido relevante → no se envía mensaje.
⚠️ 50242221508: sin contenido relevante → no se envía mensaje.
📡 Enviando mensaje vía API local del bot...
❌ Error al enviar mensaje vía API local: HTTP 500 findChat: new chat not found 4703@c.us
❌ Error enviando a 50246854703: HTTP 500 findChat: new chat not found 4703@c.us
⚠️ 50256521588: sin contenido relevante → no se envía mensaje.
⚠️ 50687637085: sin contenido relevante → no se envía mensaje.
⚠️ 50240686795: sin contenido relevante → no se envía mensaje.
⚠️ 50255130287: sin contenido relevante → no se envía mensaje.
📡 Enviando mensaje vía API local del bot...
❌ Error al enviar mensaje vía API local: HTTP 500 findChat: new chat not found 0616@c.us
❌ Error enviando a 50259450616: HTTP 500 findChat: new chat not found 0616@c.us
📡 Enviando mensaje vía API local del bot...
❌ Error al enviar mensaje vía API local: HTTP 500 findChat: new chat not found 1565@c.us
❌ Error enviando a 50255541565: HTTP 500 findChat: new chat not found 1565@c.us
⚠️ 50258349297: sin contenido relevante → no se envía mensaje.
⚠️ 50249529331: sin contenido relevante → no se envía mensaje.
⚠️ 50241139319: sin contenido relevante → no se envía mensaje.
⚠️ 50257184268: sin contenido relevante → no se envía mensaje.
⚠️ 50242110831: sin contenido relevante → no se envía mensaje.
⚠️ 50230086473: sin contenido relevante → no se envía mensaje.
⚠️ 50255262170: sin contenido relevante → no se envía mensaje.
⚠️ 50258748130: sin contenido relevante → no se envía mensaje.
⚠️ 50242968481: sin contenido relevante → no se envía mensaje.
⚠️ 50241143665: sin contenido relevante → no se envía mensaje.
⚠️ 50252025152: sin contenido relevante → no se envía mensaje.
⚠️ 50240858591: sin contenido relevante → no se envía mensaje.
⚠️ 50236134879: sin contenido relevante → no se envía mensaje.
⚠️ 50236134879: sin contenido relevante → no se envía mensaje.
⚠️ 50258253476: sin contenido relevante → no se envía mensaje.
⚠️ 50241288294: sin contenido relevante → no se envía mensaje.
⚠️ 50235954297: sin contenido relevante → no se envía mensaje.
⚠️ 50230718631: sin contenido relevante → no se envía mensaje.
📡 Enviando mensaje vía API local del bot...
❌ Error al enviar mensaje vía API local: HTTP 500 findChat: new chat not found 0866@c.us
❌ Error enviando a 50254140866: HTTP 500 findChat: new chat not found 0866@c.us
⚠️ 50247695724: sin contenido relevante → no se envía mensaje.
📡 Enviando mensaje vía API local del bot...
❌ Error al enviar mensaje vía API local: HTTP 500 findChat: new chat not found 9247@c.us
⚠️ No se pudo enviar resumen al admin: HTTP 500 findChat: new chat not found 9247@c.us
🟢 Finalizado y DB cerrada.
[dotenv@17.2.3] injecting env (10) from ../.env -- tip: 🛠️  run anywhere with `dotenvx run -- yourcommand`
[dotenv@17.2.3] injecting env (0) from .env -- tip: ✅ audit secrets and track compliance: https://dotenvx.com/ops
[dotenv@17.2.3] injecting env (0) from .env -- tip: ⚙️  enable debug logging with { debug: true }
🗓️ Iniciando envío semanal consolidado...

🗂️ Temas esta semana: []
⚠️ 50255629247: sin contenido → no se envía.
⚠️ 50254747827: sin contenido → no se envía.
⚠️ 50254827902: sin contenido → no se envía.
⚠️ 50257049220: sin contenido → no se envía.
⚠️ 50230080060: sin contenido → no se envía.
⚠️ 50247858363: sin contenido → no se envía.
⚠️ 50232050537: sin contenido → no se envía.
⚠️ 50253460168: sin contenido → no se envía.
⚠️ 50230465423: sin contenido → no se envía.
⚠️ 50253065146: sin contenido → no se envía.
⚠️ 50255284110: sin contenido → no se envía.
⚠️ 50254210055: sin contenido → no se envía.
⚠️ 50255294247: sin contenido → no se envía.
⚠️ 50237330000: sin contenido → no se envía.
⚠️ 50245491953: sin contenido → no se envía.
⚠️ 50257186094: sin contenido → no se envía.
⚠️ 50257171707: sin contenido → no se envía.
⚠️ 50233610326: sin contenido → no se envía.
⚠️ 50259906516: sin contenido → no se envía.
⚠️ 50250190948: sin contenido → no se envía.
⚠️ 50254263749: sin contenido → no se envía.
⚠️ 50249728550: sin contenido → no se envía.
⚠️ 50235245779: sin contenido → no se envía.
⚠️ 50246532572: sin contenido → no se envía.
⚠️ 50249313997: sin contenido → no se envía.
⚠️ 50247685876: sin contenido → no se envía.
⚠️ 50246032841: sin contenido → no se envía.
⚠️ 50255585677: sin contenido → no se envía.
⚠️ 50253556299: sin contenido → no se envía.
⚠️ 50254608098: sin contenido → no se envía.
⚠️ 50236405651: sin contenido → no se envía.
⚠️ 50258261871: sin contenido → no se envía.
⚠️ 50237829024: sin contenido → no se envía.
⚠️ 50247543437: sin contenido → no se envía.
⚠️ 50240292769: sin contenido → no se envía.
⚠️ 50258955269: sin contenido → no se envía.
⚠️ 50258053297: sin contenido → no se envía.
⚠️ 50255584478: sin contenido → no se envía.
⚠️ 50244819697: sin contenido → no se envía.
⚠️ 50230063598: sin contenido → no se envía.
⚠️ 50253176628: sin contenido → no se envía.
⚠️ 50241262912: sin contenido → no se envía.
⚠️ 50256416965: sin contenido → no se envía.
⚠️ 50247456181: sin contenido → no se envía.
⚠️ 50252715600: sin contenido → no se envía.
⚠️ 50238844123: sin contenido → no se envía.
⚠️ 50252006060: sin contenido → no se envía.
⚠️ 50253127797: sin contenido → no se envía.
⚠️ 50232955516: sin contenido → no se envía.
⚠️ 50240101714: sin contenido → no se envía.
⚠️ 50241494421: sin contenido → no se envía.
⚠️ 50253807338: sin contenido → no se envía.
⚠️ 50250166300: sin contenido → no se envía.
⚠️ 50232883288: sin contenido → no se envía.
⚠️ 50230131825: sin contenido → no se envía.
⚠️ 50255449749: sin contenido → no se envía.
⚠️ 50236680850: sin contenido → no se envía.
⚠️ 50256805029: sin contenido → no se envía.
⚠️ 50259108219: sin contenido → no se envía.
⚠️ 50257582992: sin contenido → no se envía.
⚠️ 50230281047: sin contenido → no se envía.
⚠️ 50233291231: sin contenido → no se envía.
⚠️ 50250542584: sin contenido → no se envía.
⚠️ 50230782862: sin contenido → no se envía.
⚠️ 50236076447: sin contenido → no se envía.
⚠️ 50236764284: sin contenido → no se envía.
⚠️ 50235151853: sin contenido → no se envía.
⚠️ 50230082345: sin contenido → no se envía.
⚠️ 50256371188: sin contenido → no se envía.
⚠️ 50230083113: sin contenido → no se envía.
⚠️ 50255376417: sin contenido → no se envía.
⚠️ 50237655235: sin contenido → no se envía.
⚠️ 50242221508: sin contenido → no se envía.
⚠️ 50246854703: sin contenido → no se envía.
⚠️ 50256521588: sin contenido → no se envía.
⚠️ 50687637085: sin contenido → no se envía.
⚠️ 50240686795: sin contenido → no se envía.
⚠️ 50255130287: sin contenido → no se envía.
⚠️ 50259450616: sin contenido → no se envía.
⚠️ 50255541565: sin contenido → no se envía.
⚠️ 50258349297: sin contenido → no se envía.
⚠️ 50249529331: sin contenido → no se envía.
⚠️ 50241139319: sin contenido → no se envía.
⚠️ 50257184268: sin contenido → no se envía.
⚠️ 50242110831: sin contenido → no se envía.
⚠️ 50230086473: sin contenido → no se envía.
⚠️ 50255262170: sin contenido → no se envía.
⚠️ 50258748130: sin contenido → no se envía.
⚠️ 50242968481: sin contenido → no se envía.
⚠️ 50241143665: sin contenido → no se envía.
⚠️ 50252025152: sin contenido → no se envía.
⚠️ 50240858591: sin contenido → no se envía.
⚠️ 50236134879: sin contenido → no se envía.
⚠️ 50236134879: sin contenido → no se envía.
⚠️ 50258253476: sin contenido → no se envía.
⚠️ 50241288294: sin contenido → no se envía.
⚠️ 50235954297: sin contenido → no se envía.
⚠️ 50230718631: sin contenido → no se envía.
⚠️ 50254140866: sin contenido → no se envía.
⚠️ 50247695724: sin contenido → no se envía.
📡 Enviando mensaje vía API local del bot...
❌ Error al enviar mensaje vía API local: HTTP 500 findChat: new chat not found 9247@c.us
⚠️ No se pudo enviar resumen al admin: HTTP 500 findChat: new chat not found 9247@c.us

🟢 Finalizado.
[dotenv@17.2.3] injecting env (10) from ../.env -- tip: 🛠️  run anywhere with `dotenvx run -- yourcommand`
[dotenv@17.2.3] injecting env (0) from .env -- tip: ⚙️  override existing env vars with { override: true }
[dotenv@17.2.3] injecting env (0) from ../.env -- tip: 🛠️  run anywhere with `dotenvx run -- yourcommand`
[dotenv@17.2.3] injecting env (0) from .env -- tip: 📡 add observability to secrets: https://dotenvx.com/ops
🕓 Iniciando envío automático de noticias diarias...

🗂️ Departamentos con notas hoy: [ 'Noticias', 'Portada', 'Sacatepéquez', 'Ambiente', 'Guatemala' ]
📊 OjoAlDato cargado: {
  fecha: '16/3/2026',
  departamento: 'Guatemala',
  texto: 'la municipalidad de Villa Nueva pagó Q99,450 en cinco compras de baja cuantía por presentaciones musicales, audio, escenario e iluminación para el convite de San José Villa Nueva, realizado el 8 de marzo de 2026.\n' +
    '\n' +
    'Los pagos fueron para:\n' +
    '- Q43,290 a Grupo La Tropa por presentación artística y alquiler de audio.\n' +
    '- Q56,160 a Marta Antonia Gutiérrez Sapón por presentación artística, escenario e iluminación.'
}
👥 Suscriptores activos: 101
⚠️ 50432745042: sin contenido relevante → no se envía mensaje.
📡 Enviando mensaje vía API local del bot...
❌ Error al enviar mensaje vía API local: HTTP 500 findChat: new chat not found 9247@c.us
❌ Error enviando a 50255629247: HTTP 500 findChat: new chat not found 9247@c.us
⚠️ 50254747827: sin contenido relevante → no se envía mensaje.
⚠️ 50254827902: sin contenido relevante → no se envía mensaje.
📡 Enviando mensaje vía API local del bot...
❌ Error al enviar mensaje vía API local: HTTP 500 findChat: new chat not found 9220@c.us
❌ Error enviando a 50257049220: HTTP 500 findChat: new chat not found 9220@c.us
⚠️ 50230080060: sin contenido relevante → no se envía mensaje.
📡 Enviando mensaje vía API local del bot...
❌ Error al enviar mensaje vía API local: HTTP 500 findChat: new chat not found 8363@c.us
❌ Error enviando a 50247858363: HTTP 500 findChat: new chat not found 8363@c.us
⚠️ 50232050537: sin contenido relevante → no se envía mensaje.
📡 Enviando mensaje vía API local del bot...
❌ Error al enviar mensaje vía API local: HTTP 500 findChat: new chat not found 0168@c.us
❌ Error enviando a 50253460168: HTTP 500 findChat: new chat not found 0168@c.us
⚠️ 50230465423: sin contenido relevante → no se envía mensaje.
⚠️ 50253065146: sin contenido relevante → no se envía mensaje.
📡 Enviando mensaje vía API local del bot...
❌ Error al enviar mensaje vía API local: HTTP 500 findChat: new chat not found 4110@c.us
❌ Error enviando a 50255284110: HTTP 500 findChat: new chat not found 4110@c.us
⚠️ 50254210055: sin contenido relevante → no se envía mensaje.
⚠️ 50255294247: sin contenido relevante → no se envía mensaje.
📡 Enviando mensaje vía API local del bot...
❌ Error al enviar mensaje vía API local: HTTP 500 findChat: new chat not found 0000@c.us
❌ Error enviando a 50237330000: HTTP 500 findChat: new chat not found 0000@c.us
📡 Enviando mensaje vía API local del bot...
❌ Error al enviar mensaje vía API local: HTTP 500 findChat: new chat not found 1953@c.us
❌ Error enviando a 50245491953: HTTP 500 findChat: new chat not found 1953@c.us
📡 Enviando mensaje vía API local del bot...
❌ Error al enviar mensaje vía API local: HTTP 500 findChat: new chat not found 6094@c.us
❌ Error enviando a 50257186094: HTTP 500 findChat: new chat not found 6094@c.us
⚠️ 50257171707: sin contenido relevante → no se envía mensaje.
📡 Enviando mensaje vía API local del bot...
❌ Error al enviar mensaje vía API local: HTTP 500 findChat: new chat not found 0326@c.us
❌ Error enviando a 50233610326: HTTP 500 findChat: new chat not found 0326@c.us
📡 Enviando mensaje vía API local del bot...
❌ Error al enviar mensaje vía API local: HTTP 500 findChat: new chat not found 6516@c.us
❌ Error enviando a 50259906516: HTTP 500 findChat: new chat not found 6516@c.us
⚠️ 50250190948: sin contenido relevante → no se envía mensaje.
📡 Enviando mensaje vía API local del bot...
❌ Error al enviar mensaje vía API local: HTTP 500 findChat: new chat not found 3749@c.us
❌ Error enviando a 50254263749: HTTP 500 findChat: new chat not found 3749@c.us
📡 Enviando mensaje vía API local del bot...
❌ Error al enviar mensaje vía API local: HTTP 500 findChat: new chat not found 8550@c.us
❌ Error enviando a 50249728550: HTTP 500 findChat: new chat not found 8550@c.us
📡 Enviando mensaje vía API local del bot...
❌ Error al enviar mensaje vía API local: HTTP 500 findChat: new chat not found 5779@c.us
❌ Error enviando a 50235245779: HTTP 500 findChat: new chat not found 5779@c.us
📡 Enviando mensaje vía API local del bot...
❌ Error al enviar mensaje vía API local: HTTP 500 findChat: new chat not found 2572@c.us
❌ Error enviando a 50246532572: HTTP 500 findChat: new chat not found 2572@c.us
⚠️ 50249313997: sin contenido relevante → no se envía mensaje.
📡 Enviando mensaje vía API local del bot...
❌ Error al enviar mensaje vía API local: HTTP 500 findChat: new chat not found 5876@c.us
❌ Error enviando a 50247685876: HTTP 500 findChat: new chat not found 5876@c.us
⚠️ 50246032841: sin contenido relevante → no se envía mensaje.
📡 Enviando mensaje vía API local del bot...
❌ Error al enviar mensaje vía API local: HTTP 500 findChat: new chat not found 5677@c.us
❌ Error enviando a 50255585677: HTTP 500 findChat: new chat not found 5677@c.us
⚠️ 50253556299: sin contenido relevante → no se envía mensaje.
📡 Enviando mensaje vía API local del bot...
❌ Error al enviar mensaje vía API local: HTTP 500 findChat: new chat not found 8098@c.us
❌ Error enviando a 50254608098: HTTP 500 findChat: new chat not found 8098@c.us
📡 Enviando mensaje vía API local del bot...
❌ Error al enviar mensaje vía API local: HTTP 500 findChat: new chat not found 5651@c.us
❌ Error enviando a 50236405651: HTTP 500 findChat: new chat not found 5651@c.us
⚠️ 50258261871: sin contenido relevante → no se envía mensaje.
⚠️ 50237829024: sin contenido relevante → no se envía mensaje.
📡 Enviando mensaje vía API local del bot...
❌ Error al enviar mensaje vía API local: HTTP 500 findChat: new chat not found 3437@c.us
❌ Error enviando a 50247543437: HTTP 500 findChat: new chat not found 3437@c.us
📡 Enviando mensaje vía API local del bot...
❌ Error al enviar mensaje vía API local: HTTP 500 findChat: new chat not found 2769@c.us
❌ Error enviando a 50240292769: HTTP 500 findChat: new chat not found 2769@c.us
⚠️ 50258955269: sin contenido relevante → no se envía mensaje.
⚠️ 50258053297: sin contenido relevante → no se envía mensaje.
⚠️ 50255584478: sin contenido relevante → no se envía mensaje.
⚠️ 50244819697: sin contenido relevante → no se envía mensaje.
⚠️ 50230063598: sin contenido relevante → no se envía mensaje.
📡 Enviando mensaje vía API local del bot...
❌ Error al enviar mensaje vía API local: HTTP 500 findChat: new chat not found 6628@c.us
❌ Error enviando a 50253176628: HTTP 500 findChat: new chat not found 6628@c.us
📡 Enviando mensaje vía API local del bot...
❌ Error al enviar mensaje vía API local: HTTP 500 findChat: new chat not found 2912@c.us
❌ Error enviando a 50241262912: HTTP 500 findChat: new chat not found 2912@c.us
⚠️ 50256416965: sin contenido relevante → no se envía mensaje.
📡 Enviando mensaje vía API local del bot...
❌ Error al enviar mensaje vía API local: HTTP 500 findChat: new chat not found 6181@c.us
❌ Error enviando a 50247456181: HTTP 500 findChat: new chat not found 6181@c.us
📡 Enviando mensaje vía API local del bot...
❌ Error al enviar mensaje vía API local: HTTP 500 findChat: new chat not found 5600@c.us
❌ Error enviando a 50252715600: HTTP 500 findChat: new chat not found 5600@c.us
⚠️ 50238844123: sin contenido relevante → no se envía mensaje.
📡 Enviando mensaje vía API local del bot...
❌ Error al enviar mensaje vía API local: HTTP 500 findChat: new chat not found 6060@c.us
❌ Error enviando a 50252006060: HTTP 500 findChat: new chat not found 6060@c.us
📡 Enviando mensaje vía API local del bot...
❌ Error al enviar mensaje vía API local: HTTP 500 findChat: new chat not found 7797@c.us
❌ Error enviando a 50253127797: HTTP 500 findChat: new chat not found 7797@c.us
📡 Enviando mensaje vía API local del bot...
❌ Error al enviar mensaje vía API local: HTTP 500 findChat: new chat not found 5516@c.us
❌ Error enviando a 50232955516: HTTP 500 findChat: new chat not found 5516@c.us
⚠️ 50240101714: sin contenido relevante → no se envía mensaje.
📡 Enviando mensaje vía API local del bot...
❌ Error al enviar mensaje vía API local: HTTP 500 findChat: new chat not found 4421@c.us
❌ Error enviando a 50241494421: HTTP 500 findChat: new chat not found 4421@c.us
📡 Enviando mensaje vía API local del bot...
❌ Error al enviar mensaje vía API local: HTTP 500 findChat: new chat not found 7338@c.us
❌ Error enviando a 50253807338: HTTP 500 findChat: new chat not found 7338@c.us
📡 Enviando mensaje vía API local del bot...
❌ Error al enviar mensaje vía API local: HTTP 500 findChat: new chat not found 6300@c.us
❌ Error enviando a 50250166300: HTTP 500 findChat: new chat not found 6300@c.us
📡 Enviando mensaje vía API local del bot...
❌ Error al enviar mensaje vía API local: HTTP 500 findChat: new chat not found 3288@c.us
❌ Error enviando a 50232883288: HTTP 500 findChat: new chat not found 3288@c.us
📡 Enviando mensaje vía API local del bot...
❌ Error al enviar mensaje vía API local: HTTP 500 findChat: new chat not found 1825@c.us
❌ Error enviando a 50230131825: HTTP 500 findChat: new chat not found 1825@c.us
📡 Enviando mensaje vía API local del bot...
❌ Error al enviar mensaje vía API local: HTTP 500 findChat: new chat not found 9749@c.us
❌ Error enviando a 50255449749: HTTP 500 findChat: new chat not found 9749@c.us
⚠️ 50236680850: sin contenido relevante → no se envía mensaje.
📡 Enviando mensaje vía API local del bot...
❌ Error al enviar mensaje vía API local: HTTP 500 findChat: new chat not found 5029@c.us
❌ Error enviando a 50256805029: HTTP 500 findChat: new chat not found 5029@c.us
⚠️ 50259108219: sin contenido relevante → no se envía mensaje.
📡 Enviando mensaje vía API local del bot...
❌ Error al enviar mensaje vía API local: HTTP 500 findChat: new chat not found 2992@c.us
❌ Error enviando a 50257582992: HTTP 500 findChat: new chat not found 2992@c.us
📡 Enviando mensaje vía API local del bot...
❌ Error al enviar mensaje vía API local: HTTP 500 findChat: new chat not found 1047@c.us
❌ Error enviando a 50230281047: HTTP 500 findChat: new chat not found 1047@c.us
📡 Enviando mensaje vía API local del bot...
❌ Error al enviar mensaje vía API local: HTTP 500 findChat: new chat not found 1231@c.us
❌ Error enviando a 50233291231: HTTP 500 findChat: new chat not found 1231@c.us
⚠️ 50250542584: sin contenido relevante → no se envía mensaje.
📡 Enviando mensaje vía API local del bot...
❌ Error al enviar mensaje vía API local: HTTP 500 findChat: new chat not found 2862@c.us
❌ Error enviando a 50230782862: HTTP 500 findChat: new chat not found 2862@c.us
⚠️ 50236076447: sin contenido relevante → no se envía mensaje.
📡 Enviando mensaje vía API local del bot...
❌ Error al enviar mensaje vía API local: HTTP 500 findChat: new chat not found 4284@c.us
❌ Error enviando a 50236764284: HTTP 500 findChat: new chat not found 4284@c.us
📡 Enviando mensaje vía API local del bot...
❌ Error al enviar mensaje vía API local: HTTP 500 findChat: new chat not found 1853@c.us
❌ Error enviando a 50235151853: HTTP 500 findChat: new chat not found 1853@c.us
📡 Enviando mensaje vía API local del bot...
❌ Error al enviar mensaje vía API local: HTTP 500 findChat: new chat not found 2345@c.us
❌ Error enviando a 50230082345: HTTP 500 findChat: new chat not found 2345@c.us
📡 Enviando mensaje vía API local del bot...
❌ Error al enviar mensaje vía API local: HTTP 500 findChat: new chat not found 1188@c.us
❌ Error enviando a 50256371188: HTTP 500 findChat: new chat not found 1188@c.us
📡 Enviando mensaje vía API local del bot...
❌ Error al enviar mensaje vía API local: HTTP 500 findChat: new chat not found 3113@c.us
❌ Error enviando a 50230083113: HTTP 500 findChat: new chat not found 3113@c.us
📡 Enviando mensaje vía API local del bot...
❌ Error al enviar mensaje vía API local: HTTP 500 findChat: new chat not found 6417@c.us
❌ Error enviando a 50255376417: HTTP 500 findChat: new chat not found 6417@c.us
📡 Enviando mensaje vía API local del bot...
❌ Error al enviar mensaje vía API local: HTTP 500 findChat: new chat not found 5235@c.us
❌ Error enviando a 50237655235: HTTP 500 findChat: new chat not found 5235@c.us
📡 Enviando mensaje vía API local del bot...
❌ Error al enviar mensaje vía API local: HTTP 500 findChat: new chat not found 1508@c.us
❌ Error enviando a 50242221508: HTTP 500 findChat: new chat not found 1508@c.us
📡 Enviando mensaje vía API local del bot...
❌ Error al enviar mensaje vía API local: HTTP 500 findChat: new chat not found 4703@c.us
❌ Error enviando a 50246854703: HTTP 500 findChat: new chat not found 4703@c.us
⚠️ 50256521588: sin contenido relevante → no se envía mensaje.
⚠️ 50687637085: sin contenido relevante → no se envía mensaje.
📡 Enviando mensaje vía API local del bot...
❌ Error al enviar mensaje vía API local: HTTP 500 findChat: new chat not found 6795@c.us
❌ Error enviando a 50240686795: HTTP 500 findChat: new chat not found 6795@c.us
📡 Enviando mensaje vía API local del bot...
❌ Error al enviar mensaje vía API local: HTTP 500 findChat: new chat not found 0287@c.us
❌ Error enviando a 50255130287: HTTP 500 findChat: new chat not found 0287@c.us
📡 Enviando mensaje vía API local del bot...
❌ Error al enviar mensaje vía API local: HTTP 500 findChat: new chat not found 0616@c.us
❌ Error enviando a 50259450616: HTTP 500 findChat: new chat not found 0616@c.us
📡 Enviando mensaje vía API local del bot...
❌ Error al enviar mensaje vía API local: HTTP 500 findChat: new chat not found 1565@c.us
❌ Error enviando a 50255541565: HTTP 500 findChat: new chat not found 1565@c.us
📡 Enviando mensaje vía API local del bot...
❌ Error al enviar mensaje vía API local: HTTP 500 findChat: new chat not found 9297@c.us
❌ Error enviando a 50258349297: HTTP 500 findChat: new chat not found 9297@c.us
📡 Enviando mensaje vía API local del bot...
❌ Error al enviar mensaje vía API local: HTTP 500 findChat: new chat not found 9331@c.us
❌ Error enviando a 50249529331: HTTP 500 findChat: new chat not found 9331@c.us
⚠️ 50241139319: sin contenido relevante → no se envía mensaje.
📡 Enviando mensaje vía API local del bot...
❌ Error al enviar mensaje vía API local: HTTP 500 findChat: new chat not found 4268@c.us
❌ Error enviando a 50257184268: HTTP 500 findChat: new chat not found 4268@c.us
📡 Enviando mensaje vía API local del bot...
❌ Error al enviar mensaje vía API local: HTTP 500 findChat: new chat not found 0831@c.us
❌ Error enviando a 50242110831: HTTP 500 findChat: new chat not found 0831@c.us
📡 Enviando mensaje vía API local del bot...
❌ Error al enviar mensaje vía API local: HTTP 500 findChat: new chat not found 6473@c.us
❌ Error enviando a 50230086473: HTTP 500 findChat: new chat not found 6473@c.us
📡 Enviando mensaje vía API local del bot...
❌ Error al enviar mensaje vía API local: HTTP 500 findChat: new chat not found 2170@c.us
❌ Error enviando a 50255262170: HTTP 500 findChat: new chat not found 2170@c.us
📡 Enviando mensaje vía API local del bot...
❌ Error al enviar mensaje vía API local: HTTP 500 findChat: new chat not found 8130@c.us
❌ Error enviando a 50258748130: HTTP 500 findChat: new chat not found 8130@c.us
⚠️ 50242968481: sin contenido relevante → no se envía mensaje.
📡 Enviando mensaje vía API local del bot...
❌ Error al enviar mensaje vía API local: HTTP 500 findChat: new chat not found 3665@c.us
❌ Error enviando a 50241143665: HTTP 500 findChat: new chat not found 3665@c.us
📡 Enviando mensaje vía API local del bot...
❌ Error al enviar mensaje vía API local: HTTP 500 findChat: new chat not found 5152@c.us
❌ Error enviando a 50252025152: HTTP 500 findChat: new chat not found 5152@c.us
📡 Enviando mensaje vía API local del bot...
❌ Error al enviar mensaje vía API local: HTTP 500 findChat: new chat not found 8591@c.us
❌ Error enviando a 50240858591: HTTP 500 findChat: new chat not found 8591@c.us
📡 Enviando mensaje vía API local del bot...
❌ Error al enviar mensaje vía API local: HTTP 500 findChat: new chat not found 4879@c.us
❌ Error enviando a 50236134879: HTTP 500 findChat: new chat not found 4879@c.us
📡 Enviando mensaje vía API local del bot...
❌ Error al enviar mensaje vía API local: HTTP 500 findChat: new chat not found 4879@c.us
❌ Error enviando a 50236134879: HTTP 500 findChat: new chat not found 4879@c.us
📡 Enviando mensaje vía API local del bot...
❌ Error al enviar mensaje vía API local: HTTP 500 findChat: new chat not found 3476@c.us
❌ Error enviando a 50258253476: HTTP 500 findChat: new chat not found 3476@c.us
📡 Enviando mensaje vía API local del bot...
❌ Error al enviar mensaje vía API local: HTTP 500 findChat: new chat not found 8294@c.us
❌ Error enviando a 50241288294: HTTP 500 findChat: new chat not found 8294@c.us
📡 Enviando mensaje vía API local del bot...
❌ Error al enviar mensaje vía API local: HTTP 500 findChat: new chat not found 4297@c.us
❌ Error enviando a 50235954297: HTTP 500 findChat: new chat not found 4297@c.us
⚠️ 50230718631: sin contenido relevante → no se envía mensaje.
⚠️ 50254140866: sin contenido relevante → no se envía mensaje.
📡 Enviando mensaje vía API local del bot...
❌ Error al enviar mensaje vía API local: HTTP 500 findChat: new chat not found 5724@c.us
❌ Error enviando a 50247695724: HTTP 500 findChat: new chat not found 5724@c.us
📡 Enviando mensaje vía API local del bot...
❌ Error al enviar mensaje vía API local: HTTP 500 findChat: new chat not found 9247@c.us
⚠️ No se pudo enviar resumen al admin: HTTP 500 findChat: new chat not found 9247@c.us
🟢 Finalizado y DB cerrada.
[dotenv@17.2.3] injecting env (10) from ../.env -- tip: ⚙️  load multiple .env files with { path: ['.env.local', '.env'] }
[dotenv@17.2.3] injecting env (0) from .env -- tip: ⚙️  load multiple .env files with { path: ['.env.local', '.env'] }
[dotenv@17.2.3] injecting env (0) from ../.env -- tip: 🗂️ backup and recover secrets: https://dotenvx.com/ops
[dotenv@17.2.3] injecting env (0) from .env -- tip: 🔑 add access controls to secrets: https://dotenvx.com/ops
🕓 Iniciando envío automático de noticias diarias...

🗂️ Departamentos con notas hoy: [
  'Alta Verapaz',
  'Consejos de Desarrollo',
  'Noticias',
  'Portada',
  'Ambiente',
  'Guatemala'
]
📊 OjoAlDato cargado: {
  fecha: '17/3/2026',
  departamento: 'Jalapa',
  texto: 'la municipalidad de San Pedro Pinula, Jalapa pagó Q25 mil a Ricardo Belizario López Menéndez, por el servicio de atención y protocolo para conmemoración del Día Internacional de la Mujer.'
}
👥 Suscriptores activos: 101
⚠️ 50432745042: sin contenido relevante → no se envía mensaje.
📡 Enviando mensaje vía API local del bot...
❌ Error al enviar mensaje vía API local: HTTP 500 findChat: new chat not found 9247@c.us
❌ Error enviando a 50255629247: HTTP 500 findChat: new chat not found 9247@c.us
⚠️ 50254747827: sin contenido relevante → no se envía mensaje.
📡 Enviando mensaje vía API local del bot...
❌ Error al enviar mensaje vía API local: HTTP 500 findChat: new chat not found 7902@c.us
❌ Error enviando a 50254827902: HTTP 500 findChat: new chat not found 7902@c.us
📡 Enviando mensaje vía API local del bot...
❌ Error al enviar mensaje vía API local: HTTP 500 findChat: new chat not found 9220@c.us
❌ Error enviando a 50257049220: HTTP 500 findChat: new chat not found 9220@c.us
⚠️ 50230080060: sin contenido relevante → no se envía mensaje.
⚠️ 50247858363: sin contenido relevante → no se envía mensaje.
⚠️ 50232050537: sin contenido relevante → no se envía mensaje.
📡 Enviando mensaje vía API local del bot...
❌ Error al enviar mensaje vía API local: HTTP 500 findChat: new chat not found 0168@c.us
❌ Error enviando a 50253460168: HTTP 500 findChat: new chat not found 0168@c.us
⚠️ 50230465423: sin contenido relevante → no se envía mensaje.
📡 Enviando mensaje vía API local del bot...
❌ Error al enviar mensaje vía API local: HTTP 500 findChat: new chat not found 5146@c.us
❌ Error enviando a 50253065146: HTTP 500 findChat: new chat not found 5146@c.us
📡 Enviando mensaje vía API local del bot...
❌ Error al enviar mensaje vía API local: HTTP 500 findChat: new chat not found 4110@c.us
❌ Error enviando a 50255284110: HTTP 500 findChat: new chat not found 4110@c.us
⚠️ 50254210055: sin contenido relevante → no se envía mensaje.
⚠️ 50255294247: sin contenido relevante → no se envía mensaje.
📡 Enviando mensaje vía API local del bot...
❌ Error al enviar mensaje vía API local: HTTP 500 findChat: new chat not found 0000@c.us
❌ Error enviando a 50237330000: HTTP 500 findChat: new chat not found 0000@c.us
📡 Enviando mensaje vía API local del bot...
❌ Error al enviar mensaje vía API local: HTTP 500 findChat: new chat not found 1953@c.us
❌ Error enviando a 50245491953: HTTP 500 findChat: new chat not found 1953@c.us
📡 Enviando mensaje vía API local del bot...
❌ Error al enviar mensaje vía API local: HTTP 500 findChat: new chat not found 6094@c.us
❌ Error enviando a 50257186094: HTTP 500 findChat: new chat not found 6094@c.us
⚠️ 50257171707: sin contenido relevante → no se envía mensaje.
📡 Enviando mensaje vía API local del bot...
❌ Error al enviar mensaje vía API local: HTTP 500 findChat: new chat not found 0326@c.us
❌ Error enviando a 50233610326: HTTP 500 findChat: new chat not found 0326@c.us
📡 Enviando mensaje vía API local del bot...
❌ Error al enviar mensaje vía API local: HTTP 500 findChat: new chat not found 6516@c.us
❌ Error enviando a 50259906516: HTTP 500 findChat: new chat not found 6516@c.us
⚠️ 50250190948: sin contenido relevante → no se envía mensaje.
📡 Enviando mensaje vía API local del bot...
❌ Error al enviar mensaje vía API local: HTTP 500 findChat: new chat not found 3749@c.us
❌ Error enviando a 50254263749: HTTP 500 findChat: new chat not found 3749@c.us
📡 Enviando mensaje vía API local del bot...
❌ Error al enviar mensaje vía API local: HTTP 500 findChat: new chat not found 8550@c.us
❌ Error enviando a 50249728550: HTTP 500 findChat: new chat not found 8550@c.us
📡 Enviando mensaje vía API local del bot...
❌ Error al enviar mensaje vía API local: HTTP 500 findChat: new chat not found 5779@c.us
❌ Error enviando a 50235245779: HTTP 500 findChat: new chat not found 5779@c.us
📡 Enviando mensaje vía API local del bot...
❌ Error al enviar mensaje vía API local: HTTP 500 findChat: new chat not found 2572@c.us
❌ Error enviando a 50246532572: HTTP 500 findChat: new chat not found 2572@c.us
📡 Enviando mensaje vía API local del bot...
❌ Error al enviar mensaje vía API local: HTTP 500 findChat: new chat not found 3997@c.us
❌ Error enviando a 50249313997: HTTP 500 findChat: new chat not found 3997@c.us
📡 Enviando mensaje vía API local del bot...
❌ Error al enviar mensaje vía API local: HTTP 500 findChat: new chat not found 5876@c.us
❌ Error enviando a 50247685876: HTTP 500 findChat: new chat not found 5876@c.us
⚠️ 50246032841: sin contenido relevante → no se envía mensaje.
📡 Enviando mensaje vía API local del bot...
❌ Error al enviar mensaje vía API local: HTTP 500 findChat: new chat not found 5677@c.us
❌ Error enviando a 50255585677: HTTP 500 findChat: new chat not found 5677@c.us
⚠️ 50253556299: sin contenido relevante → no se envía mensaje.
📡 Enviando mensaje vía API local del bot...
❌ Error al enviar mensaje vía API local: HTTP 500 findChat: new chat not found 8098@c.us
❌ Error enviando a 50254608098: HTTP 500 findChat: new chat not found 8098@c.us
📡 Enviando mensaje vía API local del bot...
❌ Error al enviar mensaje vía API local: HTTP 500 findChat: new chat not found 5651@c.us
❌ Error enviando a 50236405651: HTTP 500 findChat: new chat not found 5651@c.us
⚠️ 50258261871: sin contenido relevante → no se envía mensaje.
⚠️ 50237829024: sin contenido relevante → no se envía mensaje.
📡 Enviando mensaje vía API local del bot...
❌ Error al enviar mensaje vía API local: HTTP 500 findChat: new chat not found 3437@c.us
❌ Error enviando a 50247543437: HTTP 500 findChat: new chat not found 3437@c.us
📡 Enviando mensaje vía API local del bot...
❌ Error al enviar mensaje vía API local: HTTP 500 findChat: new chat not found 2769@c.us
❌ Error enviando a 50240292769: HTTP 500 findChat: new chat not found 2769@c.us
⚠️ 50258955269: sin contenido relevante → no se envía mensaje.
📡 Enviando mensaje vía API local del bot...
❌ Error al enviar mensaje vía API local: HTTP 500 findChat: new chat not found 3297@c.us
❌ Error enviando a 50258053297: HTTP 500 findChat: new chat not found 3297@c.us
⚠️ 50255584478: sin contenido relevante → no se envía mensaje.
⚠️ 50244819697: sin contenido relevante → no se envía mensaje.
⚠️ 50230063598: sin contenido relevante → no se envía mensaje.
📡 Enviando mensaje vía API local del bot...
❌ Error al enviar mensaje vía API local: HTTP 500 findChat: new chat not found 6628@c.us
❌ Error enviando a 50253176628: HTTP 500 findChat: new chat not found 6628@c.us
📡 Enviando mensaje vía API local del bot...
❌ Error al enviar mensaje vía API local: HTTP 500 findChat: new chat not found 2912@c.us
❌ Error enviando a 50241262912: HTTP 500 findChat: new chat not found 2912@c.us
⚠️ 50256416965: sin contenido relevante → no se envía mensaje.
📡 Enviando mensaje vía API local del bot...
❌ Error al enviar mensaje vía API local: HTTP 500 findChat: new chat not found 6181@c.us
❌ Error enviando a 50247456181: HTTP 500 findChat: new chat not found 6181@c.us
📡 Enviando mensaje vía API local del bot...
❌ Error al enviar mensaje vía API local: HTTP 500 findChat: new chat not found 5600@c.us
❌ Error enviando a 50252715600: HTTP 500 findChat: new chat not found 5600@c.us
⚠️ 50238844123: sin contenido relevante → no se envía mensaje.
📡 Enviando mensaje vía API local del bot...
❌ Error al enviar mensaje vía API local: HTTP 500 findChat: new chat not found 6060@c.us
❌ Error enviando a 50252006060: HTTP 500 findChat: new chat not found 6060@c.us
📡 Enviando mensaje vía API local del bot...
❌ Error al enviar mensaje vía API local: HTTP 500 findChat: new chat not found 7797@c.us
❌ Error enviando a 50253127797: HTTP 500 findChat: new chat not found 7797@c.us
📡 Enviando mensaje vía API local del bot...
❌ Error al enviar mensaje vía API local: HTTP 500 findChat: new chat not found 5516@c.us
❌ Error enviando a 50232955516: HTTP 500 findChat: new chat not found 5516@c.us
⚠️ 50240101714: sin contenido relevante → no se envía mensaje.
📡 Enviando mensaje vía API local del bot...
❌ Error al enviar mensaje vía API local: HTTP 500 findChat: new chat not found 4421@c.us
❌ Error enviando a 50241494421: HTTP 500 findChat: new chat not found 4421@c.us
📡 Enviando mensaje vía API local del bot...
❌ Error al enviar mensaje vía API local: HTTP 500 findChat: new chat not found 7338@c.us
❌ Error enviando a 50253807338: HTTP 500 findChat: new chat not found 7338@c.us
📡 Enviando mensaje vía API local del bot...
❌ Error al enviar mensaje vía API local: HTTP 500 findChat: new chat not found 6300@c.us
❌ Error enviando a 50250166300: HTTP 500 findChat: new chat not found 6300@c.us
📡 Enviando mensaje vía API local del bot...
❌ Error al enviar mensaje vía API local: HTTP 500 findChat: new chat not found 3288@c.us
❌ Error enviando a 50232883288: HTTP 500 findChat: new chat not found 3288@c.us
📡 Enviando mensaje vía API local del bot...
❌ Error al enviar mensaje vía API local: HTTP 500 findChat: new chat not found 1825@c.us
❌ Error enviando a 50230131825: HTTP 500 findChat: new chat not found 1825@c.us
📡 Enviando mensaje vía API local del bot...
❌ Error al enviar mensaje vía API local: HTTP 500 findChat: new chat not found 9749@c.us
❌ Error enviando a 50255449749: HTTP 500 findChat: new chat not found 9749@c.us
⚠️ 50236680850: sin contenido relevante → no se envía mensaje.
📡 Enviando mensaje vía API local del bot...
❌ Error al enviar mensaje vía API local: HTTP 500 findChat: new chat not found 5029@c.us
❌ Error enviando a 50256805029: HTTP 500 findChat: new chat not found 5029@c.us
⚠️ 50259108219: sin contenido relevante → no se envía mensaje.
📡 Enviando mensaje vía API local del bot...
❌ Error al enviar mensaje vía API local: HTTP 500 findChat: new chat not found 2992@c.us
❌ Error enviando a 50257582992: HTTP 500 findChat: new chat not found 2992@c.us
📡 Enviando mensaje vía API local del bot...
❌ Error al enviar mensaje vía API local: HTTP 500 findChat: new chat not found 1047@c.us
❌ Error enviando a 50230281047: HTTP 500 findChat: new chat not found 1047@c.us
📡 Enviando mensaje vía API local del bot...
❌ Error al enviar mensaje vía API local: HTTP 500 findChat: new chat not found 1231@c.us
❌ Error enviando a 50233291231: HTTP 500 findChat: new chat not found 1231@c.us
⚠️ 50250542584: sin contenido relevante → no se envía mensaje.
📡 Enviando mensaje vía API local del bot...
❌ Error al enviar mensaje vía API local: HTTP 500 findChat: new chat not found 2862@c.us
❌ Error enviando a 50230782862: HTTP 500 findChat: new chat not found 2862@c.us
⚠️ 50236076447: sin contenido relevante → no se envía mensaje.
📡 Enviando mensaje vía API local del bot...
❌ Error al enviar mensaje vía API local: HTTP 500 findChat: new chat not found 4284@c.us
❌ Error enviando a 50236764284: HTTP 500 findChat: new chat not found 4284@c.us
📡 Enviando mensaje vía API local del bot...
❌ Error al enviar mensaje vía API local: HTTP 500 findChat: new chat not found 1853@c.us
❌ Error enviando a 50235151853: HTTP 500 findChat: new chat not found 1853@c.us
📡 Enviando mensaje vía API local del bot...
❌ Error al enviar mensaje vía API local: HTTP 500 findChat: new chat not found 2345@c.us
❌ Error enviando a 50230082345: HTTP 500 findChat: new chat not found 2345@c.us
📡 Enviando mensaje vía API local del bot...
❌ Error al enviar mensaje vía API local: HTTP 500 findChat: new chat not found 1188@c.us
❌ Error enviando a 50256371188: HTTP 500 findChat: new chat not found 1188@c.us
📡 Enviando mensaje vía API local del bot...
❌ Error al enviar mensaje vía API local: HTTP 500 findChat: new chat not found 3113@c.us
❌ Error enviando a 50230083113: HTTP 500 findChat: new chat not found 3113@c.us
📡 Enviando mensaje vía API local del bot...
❌ Error al enviar mensaje vía API local: HTTP 500 findChat: new chat not found 6417@c.us
❌ Error enviando a 50255376417: HTTP 500 findChat: new chat not found 6417@c.us
📡 Enviando mensaje vía API local del bot...
❌ Error al enviar mensaje vía API local: HTTP 500 findChat: new chat not found 5235@c.us
❌ Error enviando a 50237655235: HTTP 500 findChat: new chat not found 5235@c.us
📡 Enviando mensaje vía API local del bot...
❌ Error al enviar mensaje vía API local: HTTP 500 findChat: new chat not found 1508@c.us
❌ Error enviando a 50242221508: HTTP 500 findChat: new chat not found 1508@c.us
⚠️ 50246854703: sin contenido relevante → no se envía mensaje.
⚠️ 50256521588: sin contenido relevante → no se envía mensaje.
⚠️ 50687637085: sin contenido relevante → no se envía mensaje.
📡 Enviando mensaje vía API local del bot...
❌ Error al enviar mensaje vía API local: HTTP 500 findChat: new chat not found 6795@c.us
❌ Error enviando a 50240686795: HTTP 500 findChat: new chat not found 6795@c.us
📡 Enviando mensaje vía API local del bot...
❌ Error al enviar mensaje vía API local: HTTP 500 findChat: new chat not found 0287@c.us
❌ Error enviando a 50255130287: HTTP 500 findChat: new chat not found 0287@c.us
📡 Enviando mensaje vía API local del bot...
❌ Error al enviar mensaje vía API local: HTTP 500 findChat: new chat not found 0616@c.us
❌ Error enviando a 50259450616: HTTP 500 findChat: new chat not found 0616@c.us
⚠️ 50255541565: sin contenido relevante → no se envía mensaje.
📡 Enviando mensaje vía API local del bot...
❌ Error al enviar mensaje vía API local: HTTP 500 findChat: new chat not found 9297@c.us
❌ Error enviando a 50258349297: HTTP 500 findChat: new chat not found 9297@c.us
📡 Enviando mensaje vía API local del bot...
❌ Error al enviar mensaje vía API local: HTTP 500 findChat: new chat not found 9331@c.us
❌ Error enviando a 50249529331: HTTP 500 findChat: new chat not found 9331@c.us
⚠️ 50241139319: sin contenido relevante → no se envía mensaje.
📡 Enviando mensaje vía API local del bot...
❌ Error al enviar mensaje vía API local: HTTP 500 findChat: new chat not found 4268@c.us
❌ Error enviando a 50257184268: HTTP 500 findChat: new chat not found 4268@c.us
📡 Enviando mensaje vía API local del bot...
❌ Error al enviar mensaje vía API local: HTTP 500 findChat: new chat not found 0831@c.us
❌ Error enviando a 50242110831: HTTP 500 findChat: new chat not found 0831@c.us
📡 Enviando mensaje vía API local del bot...
❌ Error al enviar mensaje vía API local: HTTP 500 findChat: new chat not found 6473@c.us
❌ Error enviando a 50230086473: HTTP 500 findChat: new chat not found 6473@c.us
📡 Enviando mensaje vía API local del bot...
❌ Error al enviar mensaje vía API local: HTTP 500 findChat: new chat not found 2170@c.us
❌ Error enviando a 50255262170: HTTP 500 findChat: new chat not found 2170@c.us
📡 Enviando mensaje vía API local del bot...
❌ Error al enviar mensaje vía API local: HTTP 500 findChat: new chat not found 8130@c.us
❌ Error enviando a 50258748130: HTTP 500 findChat: new chat not found 8130@c.us
⚠️ 50242968481: sin contenido relevante → no se envía mensaje.
📡 Enviando mensaje vía API local del bot...
❌ Error al enviar mensaje vía API local: HTTP 500 findChat: new chat not found 3665@c.us
❌ Error enviando a 50241143665: HTTP 500 findChat: new chat not found 3665@c.us
📡 Enviando mensaje vía API local del bot...
❌ Error al enviar mensaje vía API local: HTTP 500 findChat: new chat not found 5152@c.us
❌ Error enviando a 50252025152: HTTP 500 findChat: new chat not found 5152@c.us
📡 Enviando mensaje vía API local del bot...
❌ Error al enviar mensaje vía API local: HTTP 500 findChat: new chat not found 8591@c.us
❌ Error enviando a 50240858591: HTTP 500 findChat: new chat not found 8591@c.us
📡 Enviando mensaje vía API local del bot...
❌ Error al enviar mensaje vía API local: HTTP 500 findChat: new chat not found 4879@c.us
❌ Error enviando a 50236134879: HTTP 500 findChat: new chat not found 4879@c.us
📡 Enviando mensaje vía API local del bot...
❌ Error al enviar mensaje vía API local: HTTP 500 findChat: new chat not found 4879@c.us
❌ Error enviando a 50236134879: HTTP 500 findChat: new chat not found 4879@c.us
📡 Enviando mensaje vía API local del bot...
❌ Error al enviar mensaje vía API local: HTTP 500 findChat: new chat not found 3476@c.us
❌ Error enviando a 50258253476: HTTP 500 findChat: new chat not found 3476@c.us
📡 Enviando mensaje vía API local del bot...
❌ Error al enviar mensaje vía API local: HTTP 500 findChat: new chat not found 8294@c.us
❌ Error enviando a 50241288294: HTTP 500 findChat: new chat not found 8294@c.us
📡 Enviando mensaje vía API local del bot...
❌ Error al enviar mensaje vía API local: HTTP 500 findChat: new chat not found 4297@c.us
❌ Error enviando a 50235954297: HTTP 500 findChat: new chat not found 4297@c.us
⚠️ 50230718631: sin contenido relevante → no se envía mensaje.
⚠️ 50254140866: sin contenido relevante → no se envía mensaje.
📡 Enviando mensaje vía API local del bot...
❌ Error al enviar mensaje vía API local: HTTP 500 findChat: new chat not found 5724@c.us
❌ Error enviando a 50247695724: HTTP 500 findChat: new chat not found 5724@c.us
📡 Enviando mensaje vía API local del bot...
❌ Error al enviar mensaje vía API local: HTTP 500 findChat: new chat not found 9247@c.us
⚠️ No se pudo enviar resumen al admin: HTTP 500 findChat: new chat not found 9247@c.us
🟢 Finalizado y DB cerrada.
[dotenv@17.2.3] injecting env (10) from ../.env -- tip: ⚙️  load multiple .env files with { path: ['.env.local', '.env'] }
[dotenv@17.2.3] injecting env (0) from .env -- tip: ✅ audit secrets and track compliance: https://dotenvx.com/ops
[dotenv@17.2.3] injecting env (0) from ../.env -- tip: 🔑 add access controls to secrets: https://dotenvx.com/ops
[dotenv@17.2.3] injecting env (0) from .env -- tip: 🛠️  run anywhere with `dotenvx run -- yourcommand`
🕓 Iniciando envío automático de noticias diarias...

🗂️ Departamentos con notas hoy: [ 'Escuintla', 'Guatemala', 'Movilidad', 'Portada' ]
📊 OjoAlDato cargado: {
  fecha: '18/3/2026',
  departamento: 'Alta Verapaz',
  texto: 'la municipalidad de Tamahú, Alta Verapaz pagó Q50 mil, en dos compras de baja cuantía, a Romelia Bin Xona por la adquisición de 400 paquetes de hilo suizo. Será utilizado para la elaboración de tejidos artesanales por mujeres emprendedoras de la aldea Panhorna, sector III.'
}
👥 Suscriptores activos: 101
⚠️ 50432745042: sin contenido relevante → no se envía mensaje.
📡 Enviando mensaje vía API local del bot...
❌ Error al enviar mensaje vía API local: HTTP 500 findChat: new chat not found 9247@c.us
❌ Error enviando a 50255629247: HTTP 500 findChat: new chat not found 9247@c.us
⚠️ 50254747827: sin contenido relevante → no se envía mensaje.
⚠️ 50254827902: sin contenido relevante → no se envía mensaje.
📡 Enviando mensaje vía API local del bot...
❌ Error al enviar mensaje vía API local: HTTP 500 findChat: new chat not found 9220@c.us
❌ Error enviando a 50257049220: HTTP 500 findChat: new chat not found 9220@c.us
⚠️ 50230080060: sin contenido relevante → no se envía mensaje.
📡 Enviando mensaje vía API local del bot...
❌ Error al enviar mensaje vía API local: HTTP 500 findChat: new chat not found 8363@c.us
❌ Error enviando a 50247858363: HTTP 500 findChat: new chat not found 8363@c.us
⚠️ 50232050537: sin contenido relevante → no se envía mensaje.
📡 Enviando mensaje vía API local del bot...
❌ Error al enviar mensaje vía API local: HTTP 500 findChat: new chat not found 0168@c.us
❌ Error enviando a 50253460168: HTTP 500 findChat: new chat not found 0168@c.us
⚠️ 50230465423: sin contenido relevante → no se envía mensaje.
📡 Enviando mensaje vía API local del bot...
❌ Error al enviar mensaje vía API local: HTTP 500 findChat: new chat not found 5146@c.us
❌ Error enviando a 50253065146: HTTP 500 findChat: new chat not found 5146@c.us
📡 Enviando mensaje vía API local del bot...
❌ Error al enviar mensaje vía API local: HTTP 500 findChat: new chat not found 4110@c.us
❌ Error enviando a 50255284110: HTTP 500 findChat: new chat not found 4110@c.us
⚠️ 50254210055: sin contenido relevante → no se envía mensaje.
⚠️ 50255294247: sin contenido relevante → no se envía mensaje.
📡 Enviando mensaje vía API local del bot...
❌ Error al enviar mensaje vía API local: HTTP 500 findChat: new chat not found 0000@c.us
❌ Error enviando a 50237330000: HTTP 500 findChat: new chat not found 0000@c.us
📡 Enviando mensaje vía API local del bot...
❌ Error al enviar mensaje vía API local: HTTP 500 findChat: new chat not found 1953@c.us
❌ Error enviando a 50245491953: HTTP 500 findChat: new chat not found 1953@c.us
📡 Enviando mensaje vía API local del bot...
❌ Error al enviar mensaje vía API local: HTTP 500 findChat: new chat not found 6094@c.us
❌ Error enviando a 50257186094: HTTP 500 findChat: new chat not found 6094@c.us
⚠️ 50257171707: sin contenido relevante → no se envía mensaje.
📡 Enviando mensaje vía API local del bot...
❌ Error al enviar mensaje vía API local: HTTP 500 findChat: new chat not found 0326@c.us
❌ Error enviando a 50233610326: HTTP 500 findChat: new chat not found 0326@c.us
📡 Enviando mensaje vía API local del bot...
❌ Error al enviar mensaje vía API local: HTTP 500 findChat: new chat not found 6516@c.us
❌ Error enviando a 50259906516: HTTP 500 findChat: new chat not found 6516@c.us
⚠️ 50250190948: sin contenido relevante → no se envía mensaje.
📡 Enviando mensaje vía API local del bot...
❌ Error al enviar mensaje vía API local: HTTP 500 findChat: new chat not found 3749@c.us
❌ Error enviando a 50254263749: HTTP 500 findChat: new chat not found 3749@c.us
📡 Enviando mensaje vía API local del bot...
❌ Error al enviar mensaje vía API local: HTTP 500 findChat: new chat not found 8550@c.us
❌ Error enviando a 50249728550: HTTP 500 findChat: new chat not found 8550@c.us
📡 Enviando mensaje vía API local del bot...
❌ Error al enviar mensaje vía API local: HTTP 500 findChat: new chat not found 5779@c.us
❌ Error enviando a 50235245779: HTTP 500 findChat: new chat not found 5779@c.us
📡 Enviando mensaje vía API local del bot...
❌ Error al enviar mensaje vía API local: HTTP 500 findChat: new chat not found 2572@c.us
❌ Error enviando a 50246532572: HTTP 500 findChat: new chat not found 2572@c.us
📡 Enviando mensaje vía API local del bot...
❌ Error al enviar mensaje vía API local: HTTP 500 findChat: new chat not found 3997@c.us
❌ Error enviando a 50249313997: HTTP 500 findChat: new chat not found 3997@c.us
📡 Enviando mensaje vía API local del bot...
❌ Error al enviar mensaje vía API local: HTTP 500 findChat: new chat not found 5876@c.us
❌ Error enviando a 50247685876: HTTP 500 findChat: new chat not found 5876@c.us
📡 Enviando mensaje vía API local del bot...
❌ Error al enviar mensaje vía API local: HTTP 500 findChat: new chat not found 2841@c.us
❌ Error enviando a 50246032841: HTTP 500 findChat: new chat not found 2841@c.us
📡 Enviando mensaje vía API local del bot...
❌ Error al enviar mensaje vía API local: HTTP 500 findChat: new chat not found 5677@c.us
❌ Error enviando a 50255585677: HTTP 500 findChat: new chat not found 5677@c.us
⚠️ 50253556299: sin contenido relevante → no se envía mensaje.
📡 Enviando mensaje vía API local del bot...
❌ Error al enviar mensaje vía API local: HTTP 500 findChat: new chat not found 8098@c.us
❌ Error enviando a 50254608098: HTTP 500 findChat: new chat not found 8098@c.us
📡 Enviando mensaje vía API local del bot...
❌ Error al enviar mensaje vía API local: HTTP 500 findChat: new chat not found 5651@c.us
❌ Error enviando a 50236405651: HTTP 500 findChat: new chat not found 5651@c.us
⚠️ 50258261871: sin contenido relevante → no se envía mensaje.
⚠️ 50237829024: sin contenido relevante → no se envía mensaje.
📡 Enviando mensaje vía API local del bot...
❌ Error al enviar mensaje vía API local: HTTP 500 findChat: new chat not found 3437@c.us
❌ Error enviando a 50247543437: HTTP 500 findChat: new chat not found 3437@c.us
📡 Enviando mensaje vía API local del bot...
❌ Error al enviar mensaje vía API local: HTTP 500 findChat: new chat not found 2769@c.us
❌ Error enviando a 50240292769: HTTP 500 findChat: new chat not found 2769@c.us
⚠️ 50258955269: sin contenido relevante → no se envía mensaje.
📡 Enviando mensaje vía API local del bot...
❌ Error al enviar mensaje vía API local: HTTP 500 findChat: new chat not found 3297@c.us
❌ Error enviando a 50258053297: HTTP 500 findChat: new chat not found 3297@c.us
⚠️ 50255584478: sin contenido relevante → no se envía mensaje.
⚠️ 50244819697: sin contenido relevante → no se envía mensaje.
⚠️ 50230063598: sin contenido relevante → no se envía mensaje.
📡 Enviando mensaje vía API local del bot...
❌ Error al enviar mensaje vía API local: HTTP 500 findChat: new chat not found 6628@c.us
❌ Error enviando a 50253176628: HTTP 500 findChat: new chat not found 6628@c.us
📡 Enviando mensaje vía API local del bot...
❌ Error al enviar mensaje vía API local: HTTP 500 findChat: new chat not found 2912@c.us
❌ Error enviando a 50241262912: HTTP 500 findChat: new chat not found 2912@c.us
⚠️ 50256416965: sin contenido relevante → no se envía mensaje.
📡 Enviando mensaje vía API local del bot...
❌ Error al enviar mensaje vía API local: HTTP 500 findChat: new chat not found 6181@c.us
❌ Error enviando a 50247456181: HTTP 500 findChat: new chat not found 6181@c.us
📡 Enviando mensaje vía API local del bot...
❌ Error al enviar mensaje vía API local: HTTP 500 findChat: new chat not found 5600@c.us
❌ Error enviando a 50252715600: HTTP 500 findChat: new chat not found 5600@c.us
⚠️ 50238844123: sin contenido relevante → no se envía mensaje.
📡 Enviando mensaje vía API local del bot...
❌ Error al enviar mensaje vía API local: HTTP 500 findChat: new chat not found 6060@c.us
❌ Error enviando a 50252006060: HTTP 500 findChat: new chat not found 6060@c.us
📡 Enviando mensaje vía API local del bot...
❌ Error al enviar mensaje vía API local: HTTP 500 findChat: new chat not found 7797@c.us
❌ Error enviando a 50253127797: HTTP 500 findChat: new chat not found 7797@c.us
📡 Enviando mensaje vía API local del bot...
❌ Error al enviar mensaje vía API local: HTTP 500 findChat: new chat not found 5516@c.us
❌ Error enviando a 50232955516: HTTP 500 findChat: new chat not found 5516@c.us
⚠️ 50240101714: sin contenido relevante → no se envía mensaje.
📡 Enviando mensaje vía API local del bot...
❌ Error al enviar mensaje vía API local: HTTP 500 findChat: new chat not found 4421@c.us
❌ Error enviando a 50241494421: HTTP 500 findChat: new chat not found 4421@c.us
📡 Enviando mensaje vía API local del bot...
❌ Error al enviar mensaje vía API local: HTTP 500 findChat: new chat not found 7338@c.us
❌ Error enviando a 50253807338: HTTP 500 findChat: new chat not found 7338@c.us
📡 Enviando mensaje vía API local del bot...
❌ Error al enviar mensaje vía API local: HTTP 500 findChat: new chat not found 6300@c.us
❌ Error enviando a 50250166300: HTTP 500 findChat: new chat not found 6300@c.us
📡 Enviando mensaje vía API local del bot...
❌ Error al enviar mensaje vía API local: HTTP 500 findChat: new chat not found 3288@c.us
❌ Error enviando a 50232883288: HTTP 500 findChat: new chat not found 3288@c.us
📡 Enviando mensaje vía API local del bot...
❌ Error al enviar mensaje vía API local: HTTP 500 findChat: new chat not found 1825@c.us
❌ Error enviando a 50230131825: HTTP 500 findChat: new chat not found 1825@c.us
📡 Enviando mensaje vía API local del bot...
❌ Error al enviar mensaje vía API local: HTTP 500 findChat: new chat not found 9749@c.us
❌ Error enviando a 50255449749: HTTP 500 findChat: new chat not found 9749@c.us
📡 Enviando mensaje vía API local del bot...
❌ Error al enviar mensaje vía API local: HTTP 500 findChat: new chat not found 0850@c.us
❌ Error enviando a 50236680850: HTTP 500 findChat: new chat not found 0850@c.us
📡 Enviando mensaje vía API local del bot...
❌ Error al enviar mensaje vía API local: HTTP 500 findChat: new chat not found 5029@c.us
❌ Error enviando a 50256805029: HTTP 500 findChat: new chat not found 5029@c.us
⚠️ 50259108219: sin contenido relevante → no se envía mensaje.
📡 Enviando mensaje vía API local del bot...
❌ Error al enviar mensaje vía API local: HTTP 500 findChat: new chat not found 2992@c.us
❌ Error enviando a 50257582992: HTTP 500 findChat: new chat not found 2992@c.us
📡 Enviando mensaje vía API local del bot...
❌ Error al enviar mensaje vía API local: HTTP 500 findChat: new chat not found 1047@c.us
❌ Error enviando a 50230281047: HTTP 500 findChat: new chat not found 1047@c.us
📡 Enviando mensaje vía API local del bot...
❌ Error al enviar mensaje vía API local: HTTP 500 findChat: new chat not found 1231@c.us
❌ Error enviando a 50233291231: HTTP 500 findChat: new chat not found 1231@c.us
⚠️ 50250542584: sin contenido relevante → no se envía mensaje.
📡 Enviando mensaje vía API local del bot...
❌ Error al enviar mensaje vía API local: HTTP 500 findChat: new chat not found 2862@c.us
❌ Error enviando a 50230782862: HTTP 500 findChat: new chat not found 2862@c.us
⚠️ 50236076447: sin contenido relevante → no se envía mensaje.
📡 Enviando mensaje vía API local del bot...
❌ Error al enviar mensaje vía API local: HTTP 500 findChat: new chat not found 4284@c.us
❌ Error enviando a 50236764284: HTTP 500 findChat: new chat not found 4284@c.us
📡 Enviando mensaje vía API local del bot...
❌ Error al enviar mensaje vía API local: HTTP 500 findChat: new chat not found 1853@c.us
❌ Error enviando a 50235151853: HTTP 500 findChat: new chat not found 1853@c.us
📡 Enviando mensaje vía API local del bot...
❌ Error al enviar mensaje vía API local: HTTP 500 findChat: new chat not found 2345@c.us
❌ Error enviando a 50230082345: HTTP 500 findChat: new chat not found 2345@c.us
📡 Enviando mensaje vía API local del bot...
❌ Error al enviar mensaje vía API local: HTTP 500 findChat: new chat not found 1188@c.us
❌ Error enviando a 50256371188: HTTP 500 findChat: new chat not found 1188@c.us
📡 Enviando mensaje vía API local del bot...
❌ Error al enviar mensaje vía API local: HTTP 500 findChat: new chat not found 3113@c.us
❌ Error enviando a 50230083113: HTTP 500 findChat: new chat not found 3113@c.us
📡 Enviando mensaje vía API local del bot...
❌ Error al enviar mensaje vía API local: HTTP 500 findChat: new chat not found 6417@c.us
❌ Error enviando a 50255376417: HTTP 500 findChat: new chat not found 6417@c.us
📡 Enviando mensaje vía API local del bot...
❌ Error al enviar mensaje vía API local: HTTP 500 findChat: new chat not found 5235@c.us
❌ Error enviando a 50237655235: HTTP 500 findChat: new chat not found 5235@c.us
📡 Enviando mensaje vía API local del bot...
❌ Error al enviar mensaje vía API local: HTTP 500 findChat: new chat not found 1508@c.us
❌ Error enviando a 50242221508: HTTP 500 findChat: new chat not found 1508@c.us
⚠️ 50246854703: sin contenido relevante → no se envía mensaje.
⚠️ 50256521588: sin contenido relevante → no se envía mensaje.
⚠️ 50687637085: sin contenido relevante → no se envía mensaje.
📡 Enviando mensaje vía API local del bot...
❌ Error al enviar mensaje vía API local: HTTP 500 findChat: new chat not found 6795@c.us
❌ Error enviando a 50240686795: HTTP 500 findChat: new chat not found 6795@c.us
📡 Enviando mensaje vía API local del bot...
❌ Error al enviar mensaje vía API local: HTTP 500 findChat: new chat not found 0287@c.us
❌ Error enviando a 50255130287: HTTP 500 findChat: new chat not found 0287@c.us
📡 Enviando mensaje vía API local del bot...
❌ Error al enviar mensaje vía API local: HTTP 500 findChat: new chat not found 0616@c.us
❌ Error enviando a 50259450616: HTTP 500 findChat: new chat not found 0616@c.us
⚠️ 50255541565: sin contenido relevante → no se envía mensaje.
📡 Enviando mensaje vía API local del bot...
❌ Error al enviar mensaje vía API local: HTTP 500 findChat: new chat not found 9297@c.us
❌ Error enviando a 50258349297: HTTP 500 findChat: new chat not found 9297@c.us
📡 Enviando mensaje vía API local del bot...
❌ Error al enviar mensaje vía API local: HTTP 500 findChat: new chat not found 9331@c.us
❌ Error enviando a 50249529331: HTTP 500 findChat: new chat not found 9331@c.us
⚠️ 50241139319: sin contenido relevante → no se envía mensaje.
📡 Enviando mensaje vía API local del bot...
❌ Error al enviar mensaje vía API local: HTTP 500 findChat: new chat not found 4268@c.us
❌ Error enviando a 50257184268: HTTP 500 findChat: new chat not found 4268@c.us
📡 Enviando mensaje vía API local del bot...
❌ Error al enviar mensaje vía API local: HTTP 500 findChat: new chat not found 0831@c.us
❌ Error enviando a 50242110831: HTTP 500 findChat: new chat not found 0831@c.us
📡 Enviando mensaje vía API local del bot...
❌ Error al enviar mensaje vía API local: HTTP 500 findChat: new chat not found 6473@c.us
❌ Error enviando a 50230086473: HTTP 500 findChat: new chat not found 6473@c.us
📡 Enviando mensaje vía API local del bot...
❌ Error al enviar mensaje vía API local: HTTP 500 findChat: new chat not found 2170@c.us
❌ Error enviando a 50255262170: HTTP 500 findChat: new chat not found 2170@c.us
📡 Enviando mensaje vía API local del bot...
❌ Error al enviar mensaje vía API local: HTTP 500 findChat: new chat not found 8130@c.us
❌ Error enviando a 50258748130: HTTP 500 findChat: new chat not found 8130@c.us
⚠️ 50242968481: sin contenido relevante → no se envía mensaje.
📡 Enviando mensaje vía API local del bot...
❌ Error al enviar mensaje vía API local: HTTP 500 findChat: new chat not found 3665@c.us
❌ Error enviando a 50241143665: HTTP 500 findChat: new chat not found 3665@c.us
📡 Enviando mensaje vía API local del bot...
❌ Error al enviar mensaje vía API local: HTTP 500 findChat: new chat not found 5152@c.us
❌ Error enviando a 50252025152: HTTP 500 findChat: new chat not found 5152@c.us
📡 Enviando mensaje vía API local del bot...
❌ Error al enviar mensaje vía API local: HTTP 500 findChat: new chat not found 8591@c.us
❌ Error enviando a 50240858591: HTTP 500 findChat: new chat not found 8591@c.us
📡 Enviando mensaje vía API local del bot...
❌ Error al enviar mensaje vía API local: HTTP 500 findChat: new chat not found 4879@c.us
❌ Error enviando a 50236134879: HTTP 500 findChat: new chat not found 4879@c.us
📡 Enviando mensaje vía API local del bot...
❌ Error al enviar mensaje vía API local: HTTP 500 findChat: new chat not found 4879@c.us
❌ Error enviando a 50236134879: HTTP 500 findChat: new chat not found 4879@c.us
📡 Enviando mensaje vía API local del bot...
❌ Error al enviar mensaje vía API local: HTTP 500 findChat: new chat not found 3476@c.us
❌ Error enviando a 50258253476: HTTP 500 findChat: new chat not found 3476@c.us
📡 Enviando mensaje vía API local del bot...
❌ Error al enviar mensaje vía API local: HTTP 500 findChat: new chat not found 8294@c.us
❌ Error enviando a 50241288294: HTTP 500 findChat: new chat not found 8294@c.us
📡 Enviando mensaje vía API local del bot...
❌ Error al enviar mensaje vía API local: HTTP 500 findChat: new chat not found 4297@c.us
❌ Error enviando a 50235954297: HTTP 500 findChat: new chat not found 4297@c.us
⚠️ 50230718631: sin contenido relevante → no se envía mensaje.
⚠️ 50254140866: sin contenido relevante → no se envía mensaje.
📡 Enviando mensaje vía API local del bot...
❌ Error al enviar mensaje vía API local: HTTP 500 findChat: new chat not found 5724@c.us
❌ Error enviando a 50247695724: HTTP 500 findChat: new chat not found 5724@c.us
📡 Enviando mensaje vía API local del bot...
❌ Error al enviar mensaje vía API local: HTTP 500 findChat: new chat not found 9247@c.us
⚠️ No se pudo enviar resumen al admin: HTTP 500 findChat: new chat not found 9247@c.us
🟢 Finalizado y DB cerrada.
[dotenv@17.2.3] injecting env (10) from ../.env -- tip: 🗂️ backup and recover secrets: https://dotenvx.com/ops
[dotenv@17.2.3] injecting env (0) from .env -- tip: 👥 sync secrets across teammates & machines: https://dotenvx.com/ops
[dotenv@17.2.3] injecting env (0) from ../.env -- tip: 🔑 add access controls to secrets: https://dotenvx.com/ops
[dotenv@17.2.3] injecting env (0) from .env -- tip: ⚙️  suppress all logs with { quiet: true }
🕓 Iniciando envío automático de noticias diarias...

🗂️ Departamentos con notas hoy: [ 'Guatemala', 'Noticias', 'Portada', 'Concejos municipales' ]
📊 OjoAlDato cargado: {
  fecha: '19/3/2026',
  departamento: 'Guatemala',
  texto: 'El 10 de marzo (2026) se reunió el Consejo Municipal de Desarrollo (Comude) de Siquinalá, Escuintla. La alcaldía compró 80 hamburguesas, 80 gaseosas y 80 botellas de agua para ofrecer a los asistentes. Por ello facturó Q2 mil.'
}
👥 Suscriptores activos: 101
⚠️ 50432745042: sin contenido relevante → no se envía mensaje.
📡 Enviando mensaje vía API local del bot...
❌ Error al enviar mensaje vía API local: HTTP 500 findChat: new chat not found 9247@c.us
❌ Error enviando a 50255629247: HTTP 500 findChat: new chat not found 9247@c.us
⚠️ 50254747827: sin contenido relevante → no se envía mensaje.
⚠️ 50254827902: sin contenido relevante → no se envía mensaje.
📡 Enviando mensaje vía API local del bot...
❌ Error al enviar mensaje vía API local: HTTP 500 findChat: new chat not found 9220@c.us
❌ Error enviando a 50257049220: HTTP 500 findChat: new chat not found 9220@c.us
⚠️ 50230080060: sin contenido relevante → no se envía mensaje.
⚠️ 50247858363: sin contenido relevante → no se envía mensaje.
⚠️ 50232050537: sin contenido relevante → no se envía mensaje.
📡 Enviando mensaje vía API local del bot...
❌ Error al enviar mensaje vía API local: HTTP 500 findChat: new chat not found 0168@c.us
❌ Error enviando a 50253460168: HTTP 500 findChat: new chat not found 0168@c.us
⚠️ 50230465423: sin contenido relevante → no se envía mensaje.
⚠️ 50253065146: sin contenido relevante → no se envía mensaje.
📡 Enviando mensaje vía API local del bot...
❌ Error al enviar mensaje vía API local: HTTP 500 findChat: new chat not found 4110@c.us
❌ Error enviando a 50255284110: HTTP 500 findChat: new chat not found 4110@c.us
⚠️ 50254210055: sin contenido relevante → no se envía mensaje.
⚠️ 50255294247: sin contenido relevante → no se envía mensaje.
📡 Enviando mensaje vía API local del bot...
❌ Error al enviar mensaje vía API local: HTTP 500 findChat: new chat not found 0000@c.us
❌ Error enviando a 50237330000: HTTP 500 findChat: new chat not found 0000@c.us
📡 Enviando mensaje vía API local del bot...
❌ Error al enviar mensaje vía API local: HTTP 500 findChat: new chat not found 1953@c.us
❌ Error enviando a 50245491953: HTTP 500 findChat: new chat not found 1953@c.us
📡 Enviando mensaje vía API local del bot...
❌ Error al enviar mensaje vía API local: HTTP 500 findChat: new chat not found 6094@c.us
❌ Error enviando a 50257186094: HTTP 500 findChat: new chat not found 6094@c.us
⚠️ 50257171707: sin contenido relevante → no se envía mensaje.
📡 Enviando mensaje vía API local del bot...
❌ Error al enviar mensaje vía API local: HTTP 500 findChat: new chat not found 0326@c.us
❌ Error enviando a 50233610326: HTTP 500 findChat: new chat not found 0326@c.us
📡 Enviando mensaje vía API local del bot...
❌ Error al enviar mensaje vía API local: HTTP 500 findChat: new chat not found 6516@c.us
❌ Error enviando a 50259906516: HTTP 500 findChat: new chat not found 6516@c.us
⚠️ 50250190948: sin contenido relevante → no se envía mensaje.
📡 Enviando mensaje vía API local del bot...
❌ Error al enviar mensaje vía API local: HTTP 500 findChat: new chat not found 3749@c.us
❌ Error enviando a 50254263749: HTTP 500 findChat: new chat not found 3749@c.us
📡 Enviando mensaje vía API local del bot...
❌ Error al enviar mensaje vía API local: HTTP 500 findChat: new chat not found 8550@c.us
❌ Error enviando a 50249728550: HTTP 500 findChat: new chat not found 8550@c.us
📡 Enviando mensaje vía API local del bot...
❌ Error al enviar mensaje vía API local: HTTP 500 findChat: new chat not found 5779@c.us
❌ Error enviando a 50235245779: HTTP 500 findChat: new chat not found 5779@c.us
📡 Enviando mensaje vía API local del bot...
❌ Error al enviar mensaje vía API local: HTTP 500 findChat: new chat not found 2572@c.us
❌ Error enviando a 50246532572: HTTP 500 findChat: new chat not found 2572@c.us
⚠️ 50249313997: sin contenido relevante → no se envía mensaje.
📡 Enviando mensaje vía API local del bot...
❌ Error al enviar mensaje vía API local: HTTP 500 findChat: new chat not found 5876@c.us
❌ Error enviando a 50247685876: HTTP 500 findChat: new chat not found 5876@c.us
⚠️ 50246032841: sin contenido relevante → no se envía mensaje.
📡 Enviando mensaje vía API local del bot...
❌ Error al enviar mensaje vía API local: HTTP 500 findChat: new chat not found 5677@c.us
❌ Error enviando a 50255585677: HTTP 500 findChat: new chat not found 5677@c.us
⚠️ 50253556299: sin contenido relevante → no se envía mensaje.
📡 Enviando mensaje vía API local del bot...
❌ Error al enviar mensaje vía API local: HTTP 500 findChat: new chat not found 8098@c.us
❌ Error enviando a 50254608098: HTTP 500 findChat: new chat not found 8098@c.us
📡 Enviando mensaje vía API local del bot...
❌ Error al enviar mensaje vía API local: HTTP 500 findChat: new chat not found 5651@c.us
❌ Error enviando a 50236405651: HTTP 500 findChat: new chat not found 5651@c.us
⚠️ 50258261871: sin contenido relevante → no se envía mensaje.
⚠️ 50237829024: sin contenido relevante → no se envía mensaje.
📡 Enviando mensaje vía API local del bot...
❌ Error al enviar mensaje vía API local: HTTP 500 findChat: new chat not found 3437@c.us
❌ Error enviando a 50247543437: HTTP 500 findChat: new chat not found 3437@c.us
📡 Enviando mensaje vía API local del bot...
❌ Error al enviar mensaje vía API local: HTTP 500 findChat: new chat not found 2769@c.us
❌ Error enviando a 50240292769: HTTP 500 findChat: new chat not found 2769@c.us
⚠️ 50258955269: sin contenido relevante → no se envía mensaje.
⚠️ 50258053297: sin contenido relevante → no se envía mensaje.
⚠️ 50255584478: sin contenido relevante → no se envía mensaje.
⚠️ 50244819697: sin contenido relevante → no se envía mensaje.
⚠️ 50230063598: sin contenido relevante → no se envía mensaje.
📡 Enviando mensaje vía API local del bot...
❌ Error al enviar mensaje vía API local: HTTP 500 findChat: new chat not found 6628@c.us
❌ Error enviando a 50253176628: HTTP 500 findChat: new chat not found 6628@c.us
📡 Enviando mensaje vía API local del bot...
❌ Error al enviar mensaje vía API local: HTTP 500 findChat: new chat not found 2912@c.us
❌ Error enviando a 50241262912: HTTP 500 findChat: new chat not found 2912@c.us
⚠️ 50256416965: sin contenido relevante → no se envía mensaje.
📡 Enviando mensaje vía API local del bot...
❌ Error al enviar mensaje vía API local: HTTP 500 findChat: new chat not found 6181@c.us
❌ Error enviando a 50247456181: HTTP 500 findChat: new chat not found 6181@c.us
📡 Enviando mensaje vía API local del bot...
❌ Error al enviar mensaje vía API local: HTTP 500 findChat: new chat not found 5600@c.us
❌ Error enviando a 50252715600: HTTP 500 findChat: new chat not found 5600@c.us
⚠️ 50238844123: sin contenido relevante → no se envía mensaje.
📡 Enviando mensaje vía API local del bot...
❌ Error al enviar mensaje vía API local: HTTP 500 findChat: new chat not found 6060@c.us
❌ Error enviando a 50252006060: HTTP 500 findChat: new chat not found 6060@c.us
📡 Enviando mensaje vía API local del bot...
❌ Error al enviar mensaje vía API local: HTTP 500 findChat: new chat not found 7797@c.us
❌ Error enviando a 50253127797: HTTP 500 findChat: new chat not found 7797@c.us
📡 Enviando mensaje vía API local del bot...
❌ Error al enviar mensaje vía API local: HTTP 500 findChat: new chat not found 5516@c.us
❌ Error enviando a 50232955516: HTTP 500 findChat: new chat not found 5516@c.us
⚠️ 50240101714: sin contenido relevante → no se envía mensaje.
📡 Enviando mensaje vía API local del bot...
❌ Error al enviar mensaje vía API local: HTTP 500 findChat: new chat not found 4421@c.us
❌ Error enviando a 50241494421: HTTP 500 findChat: new chat not found 4421@c.us
📡 Enviando mensaje vía API local del bot...
❌ Error al enviar mensaje vía API local: HTTP 500 findChat: new chat not found 7338@c.us
❌ Error enviando a 50253807338: HTTP 500 findChat: new chat not found 7338@c.us
📡 Enviando mensaje vía API local del bot...
❌ Error al enviar mensaje vía API local: HTTP 500 findChat: new chat not found 6300@c.us
❌ Error enviando a 50250166300: HTTP 500 findChat: new chat not found 6300@c.us
📡 Enviando mensaje vía API local del bot...
❌ Error al enviar mensaje vía API local: HTTP 500 findChat: new chat not found 3288@c.us
❌ Error enviando a 50232883288: HTTP 500 findChat: new chat not found 3288@c.us
📡 Enviando mensaje vía API local del bot...
❌ Error al enviar mensaje vía API local: HTTP 500 findChat: new chat not found 1825@c.us
❌ Error enviando a 50230131825: HTTP 500 findChat: new chat not found 1825@c.us
📡 Enviando mensaje vía API local del bot...
❌ Error al enviar mensaje vía API local: HTTP 500 findChat: new chat not found 9749@c.us
❌ Error enviando a 50255449749: HTTP 500 findChat: new chat not found 9749@c.us
⚠️ 50236680850: sin contenido relevante → no se envía mensaje.
📡 Enviando mensaje vía API local del bot...
❌ Error al enviar mensaje vía API local: HTTP 500 findChat: new chat not found 5029@c.us
❌ Error enviando a 50256805029: HTTP 500 findChat: new chat not found 5029@c.us
⚠️ 50259108219: sin contenido relevante → no se envía mensaje.
📡 Enviando mensaje vía API local del bot...
❌ Error al enviar mensaje vía API local: HTTP 500 findChat: new chat not found 2992@c.us
❌ Error enviando a 50257582992: HTTP 500 findChat: new chat not found 2992@c.us
📡 Enviando mensaje vía API local del bot...
❌ Error al enviar mensaje vía API local: HTTP 500 findChat: new chat not found 1047@c.us
❌ Error enviando a 50230281047: HTTP 500 findChat: new chat not found 1047@c.us
📡 Enviando mensaje vía API local del bot...
❌ Error al enviar mensaje vía API local: HTTP 500 findChat: new chat not found 1231@c.us
❌ Error enviando a 50233291231: HTTP 500 findChat: new chat not found 1231@c.us
⚠️ 50250542584: sin contenido relevante → no se envía mensaje.
📡 Enviando mensaje vía API local del bot...
❌ Error al enviar mensaje vía API local: HTTP 500 findChat: new chat not found 2862@c.us
❌ Error enviando a 50230782862: HTTP 500 findChat: new chat not found 2862@c.us
⚠️ 50236076447: sin contenido relevante → no se envía mensaje.
📡 Enviando mensaje vía API local del bot...
❌ Error al enviar mensaje vía API local: HTTP 500 findChat: new chat not found 4284@c.us
❌ Error enviando a 50236764284: HTTP 500 findChat: new chat not found 4284@c.us
📡 Enviando mensaje vía API local del bot...
❌ Error al enviar mensaje vía API local: HTTP 500 findChat: new chat not found 1853@c.us
❌ Error enviando a 50235151853: HTTP 500 findChat: new chat not found 1853@c.us
📡 Enviando mensaje vía API local del bot...
❌ Error al enviar mensaje vía API local: HTTP 500 findChat: new chat not found 2345@c.us
❌ Error enviando a 50230082345: HTTP 500 findChat: new chat not found 2345@c.us
📡 Enviando mensaje vía API local del bot...
❌ Error al enviar mensaje vía API local: HTTP 500 findChat: new chat not found 1188@c.us
❌ Error enviando a 50256371188: HTTP 500 findChat: new chat not found 1188@c.us
📡 Enviando mensaje vía API local del bot...
❌ Error al enviar mensaje vía API local: HTTP 500 findChat: new chat not found 3113@c.us
❌ Error enviando a 50230083113: HTTP 500 findChat: new chat not found 3113@c.us
📡 Enviando mensaje vía API local del bot...
❌ Error al enviar mensaje vía API local: HTTP 500 findChat: new chat not found 6417@c.us
❌ Error enviando a 50255376417: HTTP 500 findChat: new chat not found 6417@c.us
📡 Enviando mensaje vía API local del bot...
❌ Error al enviar mensaje vía API local: HTTP 500 findChat: new chat not found 5235@c.us
❌ Error enviando a 50237655235: HTTP 500 findChat: new chat not found 5235@c.us
📡 Enviando mensaje vía API local del bot...
❌ Error al enviar mensaje vía API local: HTTP 500 findChat: new chat not found 1508@c.us
❌ Error enviando a 50242221508: HTTP 500 findChat: new chat not found 1508@c.us
⚠️ 50246854703: sin contenido relevante → no se envía mensaje.
⚠️ 50256521588: sin contenido relevante → no se envía mensaje.
⚠️ 50687637085: sin contenido relevante → no se envía mensaje.
📡 Enviando mensaje vía API local del bot...
❌ Error al enviar mensaje vía API local: HTTP 500 findChat: new chat not found 6795@c.us
❌ Error enviando a 50240686795: HTTP 500 findChat: new chat not found 6795@c.us
📡 Enviando mensaje vía API local del bot...
❌ Error al enviar mensaje vía API local: HTTP 500 findChat: new chat not found 0287@c.us
❌ Error enviando a 50255130287: HTTP 500 findChat: new chat not found 0287@c.us
📡 Enviando mensaje vía API local del bot...
❌ Error al enviar mensaje vía API local: HTTP 500 findChat: new chat not found 0616@c.us
❌ Error enviando a 50259450616: HTTP 500 findChat: new chat not found 0616@c.us
⚠️ 50255541565: sin contenido relevante → no se envía mensaje.
📡 Enviando mensaje vía API local del bot...
❌ Error al enviar mensaje vía API local: HTTP 500 findChat: new chat not found 9297@c.us
❌ Error enviando a 50258349297: HTTP 500 findChat: new chat not found 9297@c.us
📡 Enviando mensaje vía API local del bot...
❌ Error al enviar mensaje vía API local: HTTP 500 findChat: new chat not found 9331@c.us
❌ Error enviando a 50249529331: HTTP 500 findChat: new chat not found 9331@c.us
⚠️ 50241139319: sin contenido relevante → no se envía mensaje.
📡 Enviando mensaje vía API local del bot...
❌ Error al enviar mensaje vía API local: HTTP 500 findChat: new chat not found 4268@c.us
❌ Error enviando a 50257184268: HTTP 500 findChat: new chat not found 4268@c.us
📡 Enviando mensaje vía API local del bot...
❌ Error al enviar mensaje vía API local: HTTP 500 findChat: new chat not found 0831@c.us
❌ Error enviando a 50242110831: HTTP 500 findChat: new chat not found 0831@c.us
📡 Enviando mensaje vía API local del bot...
❌ Error al enviar mensaje vía API local: HTTP 500 findChat: new chat not found 6473@c.us
❌ Error enviando a 50230086473: HTTP 500 findChat: new chat not found 6473@c.us
📡 Enviando mensaje vía API local del bot...
❌ Error al enviar mensaje vía API local: HTTP 500 findChat: new chat not found 2170@c.us
❌ Error enviando a 50255262170: HTTP 500 findChat: new chat not found 2170@c.us
📡 Enviando mensaje vía API local del bot...
❌ Error al enviar mensaje vía API local: HTTP 500 findChat: new chat not found 8130@c.us
❌ Error enviando a 50258748130: HTTP 500 findChat: new chat not found 8130@c.us
⚠️ 50242968481: sin contenido relevante → no se envía mensaje.
📡 Enviando mensaje vía API local del bot...
❌ Error al enviar mensaje vía API local: HTTP 500 findChat: new chat not found 3665@c.us
❌ Error enviando a 50241143665: HTTP 500 findChat: new chat not found 3665@c.us
📡 Enviando mensaje vía API local del bot...
❌ Error al enviar mensaje vía API local: HTTP 500 findChat: new chat not found 5152@c.us
❌ Error enviando a 50252025152: HTTP 500 findChat: new chat not found 5152@c.us
📡 Enviando mensaje vía API local del bot...
❌ Error al enviar mensaje vía API local: HTTP 500 findChat: new chat not found 8591@c.us
❌ Error enviando a 50240858591: HTTP 500 findChat: new chat not found 8591@c.us
📡 Enviando mensaje vía API local del bot...
❌ Error al enviar mensaje vía API local: HTTP 500 findChat: new chat not found 4879@c.us
❌ Error enviando a 50236134879: HTTP 500 findChat: new chat not found 4879@c.us
📡 Enviando mensaje vía API local del bot...
❌ Error al enviar mensaje vía API local: HTTP 500 findChat: new chat not found 4879@c.us
❌ Error enviando a 50236134879: HTTP 500 findChat: new chat not found 4879@c.us
📡 Enviando mensaje vía API local del bot...
❌ Error al enviar mensaje vía API local: HTTP 500 findChat: new chat not found 3476@c.us
❌ Error enviando a 50258253476: HTTP 500 findChat: new chat not found 3476@c.us
📡 Enviando mensaje vía API local del bot...
❌ Error al enviar mensaje vía API local: HTTP 500 findChat: new chat not found 8294@c.us
❌ Error enviando a 50241288294: HTTP 500 findChat: new chat not found 8294@c.us
📡 Enviando mensaje vía API local del bot...
❌ Error al enviar mensaje vía API local: HTTP 500 findChat: new chat not found 4297@c.us
❌ Error enviando a 50235954297: HTTP 500 findChat: new chat not found 4297@c.us
⚠️ 50230718631: sin contenido relevante → no se envía mensaje.
⚠️ 50254140866: sin contenido relevante → no se envía mensaje.
📡 Enviando mensaje vía API local del bot...
❌ Error al enviar mensaje vía API local: HTTP 500 findChat: new chat not found 5724@c.us
❌ Error enviando a 50247695724: HTTP 500 findChat: new chat not found 5724@c.us
📡 Enviando mensaje vía API local del bot...
❌ Error al enviar mensaje vía API local: HTTP 500 findChat: new chat not found 9247@c.us
⚠️ No se pudo enviar resumen al admin: HTTP 500 findChat: new chat not found 9247@c.us
🟢 Finalizado y DB cerrada.
[dotenv@17.2.3] injecting env (10) from ../.env -- tip: 📡 add observability to secrets: https://dotenvx.com/ops
[dotenv@17.2.3] injecting env (0) from .env -- tip: 📡 add observability to secrets: https://dotenvx.com/ops
[dotenv@17.2.3] injecting env (0) from .env -- tip: 🔐 prevent building .env in docker: https://dotenvx.com/prebuild
🗓️ Iniciando envío semanal consolidado...

🗂️ Temas esta semana: [
  'acceso a la información',
  'ambiente',
  'congreso',
  'concejos municipales',
  'movilidad',
  'consejos de desarrollo'
]
📡 Enviando mensaje vía API local del bot...
❌ Error al enviar mensaje vía API local: HTTP 500 WPP is not defined
❌ Error enviando a 50255629247: HTTP 500 WPP is not defined
📡 Enviando mensaje vía API local del bot...
❌ Error al enviar mensaje vía API local: HTTP 500 WPP is not defined
❌ Error enviando a 50254747827: HTTP 500 WPP is not defined
📡 Enviando mensaje vía API local del bot...
❌ Error al enviar mensaje vía API local: HTTP 500 WPP is not defined
❌ Error enviando a 50254827902: HTTP 500 WPP is not defined
📡 Enviando mensaje vía API local del bot...
❌ Error al enviar mensaje vía API local: HTTP 500 Cannot read properties of undefined (reading 'm')
❌ Error enviando a 50257049220: HTTP 500 Cannot read properties of undefined (reading 'm')
📡 Enviando mensaje vía API local del bot...
❌ Error al enviar mensaje vía API local: HTTP 500 Cannot read properties of undefined (reading 'm')
❌ Error enviando a 50230080060: HTTP 500 Cannot read properties of undefined (reading 'm')
📡 Enviando mensaje vía API local del bot...
❌ Error al enviar mensaje vía API local: HTTP 500 Cannot read properties of undefined (reading 'm')
❌ Error enviando a 50247858363: HTTP 500 Cannot read properties of undefined (reading 'm')
📡 Enviando mensaje vía API local del bot...
❌ Error al enviar mensaje vía API local: HTTP 500 Cannot read properties of undefined (reading 'm')
❌ Error enviando a 50232050537: HTTP 500 Cannot read properties of undefined (reading 'm')
📡 Enviando mensaje vía API local del bot...
❌ Error al enviar mensaje vía API local: HTTP 500 Cannot read properties of undefined (reading 'm')
❌ Error enviando a 50253460168: HTTP 500 Cannot read properties of undefined (reading 'm')
⚠️ 50230465423: sin contenido → no se envía.
📡 Enviando mensaje vía API local del bot...
❌ Error al enviar mensaje vía API local: HTTP 500 Cannot read properties of undefined (reading 'm')
❌ Error enviando a 50253065146: HTTP 500 Cannot read properties of undefined (reading 'm')
📡 Enviando mensaje vía API local del bot...
❌ Error al enviar mensaje vía API local: HTTP 500 Cannot read properties of undefined (reading 'm')
❌ Error enviando a 50255284110: HTTP 500 Cannot read properties of undefined (reading 'm')
📡 Enviando mensaje vía API local del bot...
❌ Error al enviar mensaje vía API local: HTTP 500 Cannot read properties of undefined (reading 'm')
❌ Error enviando a 50254210055: HTTP 500 Cannot read properties of undefined (reading 'm')
📡 Enviando mensaje vía API local del bot...
❌ Error al enviar mensaje vía API local: HTTP 500 Cannot read properties of undefined (reading 'm')
❌ Error enviando a 50255294247: HTTP 500 Cannot read properties of undefined (reading 'm')
📡 Enviando mensaje vía API local del bot...
❌ Error al enviar mensaje vía API local: HTTP 500 {"name":"NotInitializedError"}
❌ Error enviando a 50237330000: HTTP 500 {"name":"NotInitializedError"}
📡 Enviando mensaje vía API local del bot...
❌ Error al enviar mensaje vía API local: HTTP 500 {"name":"NotInitializedError"}
❌ Error enviando a 50245491953: HTTP 500 {"name":"NotInitializedError"}
📡 Enviando mensaje vía API local del bot...
❌ Error al enviar mensaje vía API local: HTTP 500 {"name":"NotInitializedError"}
❌ Error enviando a 50257186094: HTTP 500 {"name":"NotInitializedError"}
📡 Enviando mensaje vía API local del bot...
❌ Error al enviar mensaje vía API local: HTTP 500 {"name":"NotInitializedError"}
❌ Error enviando a 50257171707: HTTP 500 {"name":"NotInitializedError"}
📡 Enviando mensaje vía API local del bot...
❌ Error al enviar mensaje vía API local: HTTP 500 {"name":"NotInitializedError"}
❌ Error enviando a 50233610326: HTTP 500 {"name":"NotInitializedError"}
📡 Enviando mensaje vía API local del bot...
❌ Error al enviar mensaje vía API local: HTTP 500 {"name":"NotInitializedError"}
❌ Error enviando a 50259906516: HTTP 500 {"name":"NotInitializedError"}
📡 Enviando mensaje vía API local del bot...
❌ Error al enviar mensaje vía API local: HTTP 500 {"name":"NotInitializedError"}
❌ Error enviando a 50250190948: HTTP 500 {"name":"NotInitializedError"}
📡 Enviando mensaje vía API local del bot...
❌ Error al enviar mensaje vía API local: HTTP 500 {"name":"NotInitializedError"}
❌ Error enviando a 50254263749: HTTP 500 {"name":"NotInitializedError"}
📡 Enviando mensaje vía API local del bot...
❌ Error al enviar mensaje vía API local: HTTP 500 {"name":"NotInitializedError"}
❌ Error enviando a 50249728550: HTTP 500 {"name":"NotInitializedError"}
📡 Enviando mensaje vía API local del bot...
❌ Error al enviar mensaje vía API local: HTTP 500 {"name":"NotInitializedError"}
❌ Error enviando a 50235245779: HTTP 500 {"name":"NotInitializedError"}
📡 Enviando mensaje vía API local del bot...
❌ Error al enviar mensaje vía API local: HTTP 500 {"name":"NotInitializedError"}
❌ Error enviando a 50246532572: HTTP 500 {"name":"NotInitializedError"}
📡 Enviando mensaje vía API local del bot...
❌ Error al enviar mensaje vía API local: HTTP 500 {"name":"NotInitializedError"}
❌ Error enviando a 50249313997: HTTP 500 {"name":"NotInitializedError"}
📡 Enviando mensaje vía API local del bot...
❌ Error al enviar mensaje vía API local: HTTP 500 {"name":"NotInitializedError"}
❌ Error enviando a 50247685876: HTTP 500 {"name":"NotInitializedError"}
📡 Enviando mensaje vía API local del bot...
❌ Error al enviar mensaje vía API local: HTTP 500 {"name":"NotInitializedError"}
❌ Error enviando a 50246032841: HTTP 500 {"name":"NotInitializedError"}
📡 Enviando mensaje vía API local del bot...
❌ Error al enviar mensaje vía API local: HTTP 500 {"name":"NotInitializedError"}
❌ Error enviando a 50255585677: HTTP 500 {"name":"NotInitializedError"}
📡 Enviando mensaje vía API local del bot...
❌ Error al enviar mensaje vía API local: HTTP 500 {"name":"NotInitializedError"}
❌ Error enviando a 50253556299: HTTP 500 {"name":"NotInitializedError"}
📡 Enviando mensaje vía API local del bot...
❌ Error al enviar mensaje vía API local: HTTP 500 {"name":"NotInitializedError"}
❌ Error enviando a 50254608098: HTTP 500 {"name":"NotInitializedError"}
📡 Enviando mensaje vía API local del bot...
❌ Error al enviar mensaje vía API local: HTTP 500 {"name":"NotInitializedError"}
❌ Error enviando a 50236405651: HTTP 500 {"name":"NotInitializedError"}
📡 Enviando mensaje vía API local del bot...
❌ Error al enviar mensaje vía API local: HTTP 500 {"name":"NotInitializedError"}
❌ Error enviando a 50258261871: HTTP 500 {"name":"NotInitializedError"}
📡 Enviando mensaje vía API local del bot...
❌ Error al enviar mensaje vía API local: HTTP 500 {"name":"NotInitializedError"}
❌ Error enviando a 50237829024: HTTP 500 {"name":"NotInitializedError"}
📡 Enviando mensaje vía API local del bot...
❌ Error al enviar mensaje vía API local: HTTP 500 findChat: new chat not found 3437@c.us
❌ Error enviando a 50247543437: HTTP 500 findChat: new chat not found 3437@c.us
📡 Enviando mensaje vía API local del bot...
❌ Error al enviar mensaje vía API local: HTTP 500 findChat: new chat not found 2769@c.us
❌ Error enviando a 50240292769: HTTP 500 findChat: new chat not found 2769@c.us
📡 Enviando mensaje vía API local del bot...
❌ Error al enviar mensaje vía API local: HTTP 500 findChat: new chat not found 5269@c.us
❌ Error enviando a 50258955269: HTTP 500 findChat: new chat not found 5269@c.us
📡 Enviando mensaje vía API local del bot...
❌ Error al enviar mensaje vía API local: HTTP 500 findChat: new chat not found 3297@c.us
❌ Error enviando a 50258053297: HTTP 500 findChat: new chat not found 3297@c.us
📡 Enviando mensaje vía API local del bot...
❌ Error al enviar mensaje vía API local: HTTP 500 findChat: new chat not found 4478@c.us
❌ Error enviando a 50255584478: HTTP 500 findChat: new chat not found 4478@c.us
📡 Enviando mensaje vía API local del bot...
❌ Error al enviar mensaje vía API local: HTTP 500 findChat: new chat not found 9697@c.us
❌ Error enviando a 50244819697: HTTP 500 findChat: new chat not found 9697@c.us
📡 Enviando mensaje vía API local del bot...
❌ Error al enviar mensaje vía API local: HTTP 500 findChat: new chat not found 3598@c.us
❌ Error enviando a 50230063598: HTTP 500 findChat: new chat not found 3598@c.us
📡 Enviando mensaje vía API local del bot...
❌ Error al enviar mensaje vía API local: HTTP 500 findChat: new chat not found 6628@c.us
❌ Error enviando a 50253176628: HTTP 500 findChat: new chat not found 6628@c.us
📡 Enviando mensaje vía API local del bot...
❌ Error al enviar mensaje vía API local: HTTP 500 findChat: new chat not found 2912@c.us
❌ Error enviando a 50241262912: HTTP 500 findChat: new chat not found 2912@c.us
📡 Enviando mensaje vía API local del bot...
❌ Error al enviar mensaje vía API local: HTTP 500 findChat: new chat not found 6965@c.us
❌ Error enviando a 50256416965: HTTP 500 findChat: new chat not found 6965@c.us
📡 Enviando mensaje vía API local del bot...
❌ Error al enviar mensaje vía API local: HTTP 500 findChat: new chat not found 6181@c.us
❌ Error enviando a 50247456181: HTTP 500 findChat: new chat not found 6181@c.us
📡 Enviando mensaje vía API local del bot...
❌ Error al enviar mensaje vía API local: HTTP 500 findChat: new chat not found 5600@c.us
❌ Error enviando a 50252715600: HTTP 500 findChat: new chat not found 5600@c.us
📡 Enviando mensaje vía API local del bot...
❌ Error al enviar mensaje vía API local: HTTP 500 findChat: new chat not found 4123@c.us
❌ Error enviando a 50238844123: HTTP 500 findChat: new chat not found 4123@c.us
📡 Enviando mensaje vía API local del bot...
❌ Error al enviar mensaje vía API local: HTTP 500 findChat: new chat not found 6060@c.us
❌ Error enviando a 50252006060: HTTP 500 findChat: new chat not found 6060@c.us
📡 Enviando mensaje vía API local del bot...
❌ Error al enviar mensaje vía API local: HTTP 500 findChat: new chat not found 7797@c.us
❌ Error enviando a 50253127797: HTTP 500 findChat: new chat not found 7797@c.us
📡 Enviando mensaje vía API local del bot...
❌ Error al enviar mensaje vía API local: HTTP 500 findChat: new chat not found 5516@c.us
❌ Error enviando a 50232955516: HTTP 500 findChat: new chat not found 5516@c.us
📡 Enviando mensaje vía API local del bot...
❌ Error al enviar mensaje vía API local: HTTP 500 findChat: new chat not found 1714@c.us
❌ Error enviando a 50240101714: HTTP 500 findChat: new chat not found 1714@c.us
📡 Enviando mensaje vía API local del bot...
❌ Error al enviar mensaje vía API local: HTTP 500 findChat: new chat not found 4421@c.us
❌ Error enviando a 50241494421: HTTP 500 findChat: new chat not found 4421@c.us
📡 Enviando mensaje vía API local del bot...
❌ Error al enviar mensaje vía API local: HTTP 500 findChat: new chat not found 7338@c.us
❌ Error enviando a 50253807338: HTTP 500 findChat: new chat not found 7338@c.us
📡 Enviando mensaje vía API local del bot...
❌ Error al enviar mensaje vía API local: HTTP 500 findChat: new chat not found 6300@c.us
❌ Error enviando a 50250166300: HTTP 500 findChat: new chat not found 6300@c.us
📡 Enviando mensaje vía API local del bot...
❌ Error al enviar mensaje vía API local: HTTP 500 findChat: new chat not found 3288@c.us
❌ Error enviando a 50232883288: HTTP 500 findChat: new chat not found 3288@c.us
📡 Enviando mensaje vía API local del bot...
❌ Error al enviar mensaje vía API local: HTTP 500 findChat: new chat not found 1825@c.us
❌ Error enviando a 50230131825: HTTP 500 findChat: new chat not found 1825@c.us
📡 Enviando mensaje vía API local del bot...
❌ Error al enviar mensaje vía API local: HTTP 500 findChat: new chat not found 9749@c.us
❌ Error enviando a 50255449749: HTTP 500 findChat: new chat not found 9749@c.us
📡 Enviando mensaje vía API local del bot...
❌ Error al enviar mensaje vía API local: HTTP 500 findChat: new chat not found 0850@c.us
❌ Error enviando a 50236680850: HTTP 500 findChat: new chat not found 0850@c.us
📡 Enviando mensaje vía API local del bot...
❌ Error al enviar mensaje vía API local: HTTP 500 findChat: new chat not found 5029@c.us
❌ Error enviando a 50256805029: HTTP 500 findChat: new chat not found 5029@c.us
📡 Enviando mensaje vía API local del bot...
❌ Error al enviar mensaje vía API local: HTTP 500 findChat: new chat not found 8219@c.us
❌ Error enviando a 50259108219: HTTP 500 findChat: new chat not found 8219@c.us
📡 Enviando mensaje vía API local del bot...
❌ Error al enviar mensaje vía API local: HTTP 500 findChat: new chat not found 2992@c.us
❌ Error enviando a 50257582992: HTTP 500 findChat: new chat not found 2992@c.us
📡 Enviando mensaje vía API local del bot...
❌ Error al enviar mensaje vía API local: HTTP 500 findChat: new chat not found 1047@c.us
❌ Error enviando a 50230281047: HTTP 500 findChat: new chat not found 1047@c.us
📡 Enviando mensaje vía API local del bot...
❌ Error al enviar mensaje vía API local: HTTP 500 findChat: new chat not found 1231@c.us
❌ Error enviando a 50233291231: HTTP 500 findChat: new chat not found 1231@c.us
📡 Enviando mensaje vía API local del bot...
❌ Error al enviar mensaje vía API local: HTTP 500 findChat: new chat not found 2584@c.us
❌ Error enviando a 50250542584: HTTP 500 findChat: new chat not found 2584@c.us
📡 Enviando mensaje vía API local del bot...
❌ Error al enviar mensaje vía API local: HTTP 500 findChat: new chat not found 2862@c.us
❌ Error enviando a 50230782862: HTTP 500 findChat: new chat not found 2862@c.us
📡 Enviando mensaje vía API local del bot...
❌ Error al enviar mensaje vía API local: HTTP 500 findChat: new chat not found 6447@c.us
❌ Error enviando a 50236076447: HTTP 500 findChat: new chat not found 6447@c.us
📡 Enviando mensaje vía API local del bot...
❌ Error al enviar mensaje vía API local: HTTP 500 findChat: new chat not found 4284@c.us
❌ Error enviando a 50236764284: HTTP 500 findChat: new chat not found 4284@c.us
📡 Enviando mensaje vía API local del bot...
❌ Error al enviar mensaje vía API local: HTTP 500 findChat: new chat not found 1853@c.us
❌ Error enviando a 50235151853: HTTP 500 findChat: new chat not found 1853@c.us
📡 Enviando mensaje vía API local del bot...
❌ Error al enviar mensaje vía API local: HTTP 500 findChat: new chat not found 2345@c.us
❌ Error enviando a 50230082345: HTTP 500 findChat: new chat not found 2345@c.us
📡 Enviando mensaje vía API local del bot...
❌ Error al enviar mensaje vía API local: HTTP 500 findChat: new chat not found 1188@c.us
❌ Error enviando a 50256371188: HTTP 500 findChat: new chat not found 1188@c.us
📡 Enviando mensaje vía API local del bot...
❌ Error al enviar mensaje vía API local: HTTP 500 findChat: new chat not found 3113@c.us
❌ Error enviando a 50230083113: HTTP 500 findChat: new chat not found 3113@c.us
📡 Enviando mensaje vía API local del bot...
❌ Error al enviar mensaje vía API local: HTTP 500 findChat: new chat not found 6417@c.us
❌ Error enviando a 50255376417: HTTP 500 findChat: new chat not found 6417@c.us
📡 Enviando mensaje vía API local del bot...
❌ Error al enviar mensaje vía API local: HTTP 500 findChat: new chat not found 5235@c.us
❌ Error enviando a 50237655235: HTTP 500 findChat: new chat not found 5235@c.us
📡 Enviando mensaje vía API local del bot...
❌ Error al enviar mensaje vía API local: HTTP 500 findChat: new chat not found 1508@c.us
❌ Error enviando a 50242221508: HTTP 500 findChat: new chat not found 1508@c.us
📡 Enviando mensaje vía API local del bot...
❌ Error al enviar mensaje vía API local: HTTP 500 findChat: new chat not found 4703@c.us
❌ Error enviando a 50246854703: HTTP 500 findChat: new chat not found 4703@c.us
📡 Enviando mensaje vía API local del bot...
❌ Error al enviar mensaje vía API local: HTTP 500 findChat: new chat not found 1588@c.us
❌ Error enviando a 50256521588: HTTP 500 findChat: new chat not found 1588@c.us
📡 Enviando mensaje vía API local del bot...
❌ Error al enviar mensaje vía API local: HTTP 500 findChat: new chat not found 7085@c.us
❌ Error enviando a 50687637085: HTTP 500 findChat: new chat not found 7085@c.us
📡 Enviando mensaje vía API local del bot...
❌ Error al enviar mensaje vía API local: HTTP 500 findChat: new chat not found 6795@c.us
❌ Error enviando a 50240686795: HTTP 500 findChat: new chat not found 6795@c.us
📡 Enviando mensaje vía API local del bot...
❌ Error al enviar mensaje vía API local: HTTP 500 findChat: new chat not found 0287@c.us
❌ Error enviando a 50255130287: HTTP 500 findChat: new chat not found 0287@c.us
📡 Enviando mensaje vía API local del bot...
❌ Error al enviar mensaje vía API local: HTTP 500 findChat: new chat not found 0616@c.us
❌ Error enviando a 50259450616: HTTP 500 findChat: new chat not found 0616@c.us
📡 Enviando mensaje vía API local del bot...
❌ Error al enviar mensaje vía API local: HTTP 500 findChat: new chat not found 1565@c.us
❌ Error enviando a 50255541565: HTTP 500 findChat: new chat not found 1565@c.us
📡 Enviando mensaje vía API local del bot...
❌ Error al enviar mensaje vía API local: HTTP 500 findChat: new chat not found 9297@c.us
❌ Error enviando a 50258349297: HTTP 500 findChat: new chat not found 9297@c.us
📡 Enviando mensaje vía API local del bot...
❌ Error al enviar mensaje vía API local: HTTP 500 findChat: new chat not found 9331@c.us
❌ Error enviando a 50249529331: HTTP 500 findChat: new chat not found 9331@c.us
📡 Enviando mensaje vía API local del bot...
❌ Error al enviar mensaje vía API local: HTTP 500 findChat: new chat not found 9319@c.us
❌ Error enviando a 50241139319: HTTP 500 findChat: new chat not found 9319@c.us
📡 Enviando mensaje vía API local del bot...
❌ Error al enviar mensaje vía API local: HTTP 500 findChat: new chat not found 4268@c.us
❌ Error enviando a 50257184268: HTTP 500 findChat: new chat not found 4268@c.us
📡 Enviando mensaje vía API local del bot...
❌ Error al enviar mensaje vía API local: HTTP 500 findChat: new chat not found 0831@c.us
❌ Error enviando a 50242110831: HTTP 500 findChat: new chat not found 0831@c.us
📡 Enviando mensaje vía API local del bot...
❌ Error al enviar mensaje vía API local: HTTP 500 findChat: new chat not found 6473@c.us
❌ Error enviando a 50230086473: HTTP 500 findChat: new chat not found 6473@c.us
📡 Enviando mensaje vía API local del bot...
❌ Error al enviar mensaje vía API local: HTTP 500 findChat: new chat not found 2170@c.us
❌ Error enviando a 50255262170: HTTP 500 findChat: new chat not found 2170@c.us
📡 Enviando mensaje vía API local del bot...
❌ Error al enviar mensaje vía API local: HTTP 500 findChat: new chat not found 8130@c.us
❌ Error enviando a 50258748130: HTTP 500 findChat: new chat not found 8130@c.us
📡 Enviando mensaje vía API local del bot...
❌ Error al enviar mensaje vía API local: HTTP 500 findChat: new chat not found 8481@c.us
❌ Error enviando a 50242968481: HTTP 500 findChat: new chat not found 8481@c.us
📡 Enviando mensaje vía API local del bot...
❌ Error al enviar mensaje vía API local: HTTP 500 findChat: new chat not found 3665@c.us
❌ Error enviando a 50241143665: HTTP 500 findChat: new chat not found 3665@c.us
📡 Enviando mensaje vía API local del bot...
❌ Error al enviar mensaje vía API local: HTTP 500 findChat: new chat not found 5152@c.us
❌ Error enviando a 50252025152: HTTP 500 findChat: new chat not found 5152@c.us
📡 Enviando mensaje vía API local del bot...
❌ Error al enviar mensaje vía API local: HTTP 500 findChat: new chat not found 8591@c.us
❌ Error enviando a 50240858591: HTTP 500 findChat: new chat not found 8591@c.us
📡 Enviando mensaje vía API local del bot...
❌ Error al enviar mensaje vía API local: HTTP 500 findChat: new chat not found 4879@c.us
❌ Error enviando a 50236134879: HTTP 500 findChat: new chat not found 4879@c.us
📡 Enviando mensaje vía API local del bot...
❌ Error al enviar mensaje vía API local: HTTP 500 findChat: new chat not found 4879@c.us
❌ Error enviando a 50236134879: HTTP 500 findChat: new chat not found 4879@c.us
📡 Enviando mensaje vía API local del bot...
❌ Error al enviar mensaje vía API local: HTTP 500 findChat: new chat not found 3476@c.us
❌ Error enviando a 50258253476: HTTP 500 findChat: new chat not found 3476@c.us
📡 Enviando mensaje vía API local del bot...
❌ Error al enviar mensaje vía API local: HTTP 500 findChat: new chat not found 8294@c.us
❌ Error enviando a 50241288294: HTTP 500 findChat: new chat not found 8294@c.us
📡 Enviando mensaje vía API local del bot...
❌ Error al enviar mensaje vía API local: HTTP 500 findChat: new chat not found 4297@c.us
❌ Error enviando a 50235954297: HTTP 500 findChat: new chat not found 4297@c.us
📡 Enviando mensaje vía API local del bot...
❌ Error al enviar mensaje vía API local: HTTP 500 findChat: new chat not found 8631@c.us
❌ Error enviando a 50230718631: HTTP 500 findChat: new chat not found 8631@c.us
📡 Enviando mensaje vía API local del bot...
❌ Error al enviar mensaje vía API local: HTTP 500 findChat: new chat not found 0866@c.us
❌ Error enviando a 50254140866: HTTP 500 findChat: new chat not found 0866@c.us
📡 Enviando mensaje vía API local del bot...
❌ Error al enviar mensaje vía API local: HTTP 500 findChat: new chat not found 5724@c.us
❌ Error enviando a 50247695724: HTTP 500 findChat: new chat not found 5724@c.us
📡 Enviando mensaje vía API local del bot...
❌ Error al enviar mensaje vía API local: HTTP 500 findChat: new chat not found 9247@c.us
⚠️ No se pudo enviar resumen al admin: HTTP 500 findChat: new chat not found 9247@c.us

🟢 Finalizado.
[dotenv@17.2.3] injecting env (10) from ../.env -- tip: 🔑 add access controls to secrets: https://dotenvx.com/ops
[dotenv@17.2.3] injecting env (0) from .env -- tip: 🛠️  run anywhere with `dotenvx run -- yourcommand`
[dotenv@17.2.3] injecting env (0) from ../.env -- tip: 🔐 encrypt with Dotenvx: https://dotenvx.com
[dotenv@17.2.3] injecting env (0) from .env -- tip: 👥 sync secrets across teammates & machines: https://dotenvx.com/ops
🕓 Iniciando envío automático de noticias diarias...

🗂️ Departamentos con notas hoy: [ 'Noticias', 'Portada', 'Guatemala' ]
📊 OjoAlDato cargado: {
  fecha: '23/3/2026',
  departamento: 'Jutiapa',
  texto: 'El director de planificación de Soloma, Huehuetenango, solicitó comprar de tiempos de alimentos para servir en reuniones de cocode, actividades culturales, deportivas en recreativas en 2026. Estará a cargo del Caterin El Buen Sabor, por Q89 mil 876.'
}
👥 Suscriptores activos: 101
⚠️ 50432745042: sin contenido relevante → no se envía mensaje.
📡 Enviando mensaje vía API local del bot...
❌ Error al enviar mensaje vía API local: HTTP 500 Cannot read properties of undefined (reading 'm')
❌ Error enviando a 50255629247: HTTP 500 Cannot read properties of undefined (reading 'm')
⚠️ 50254747827: sin contenido relevante → no se envía mensaje.
⚠️ 50254827902: sin contenido relevante → no se envía mensaje.
📡 Enviando mensaje vía API local del bot...
❌ Error al enviar mensaje vía API local: HTTP 500 findChat: new chat not found 9220@c.us
❌ Error enviando a 50257049220: HTTP 500 findChat: new chat not found 9220@c.us
⚠️ 50230080060: sin contenido relevante → no se envía mensaje.
⚠️ 50247858363: sin contenido relevante → no se envía mensaje.
⚠️ 50232050537: sin contenido relevante → no se envía mensaje.
📡 Enviando mensaje vía API local del bot...
❌ Error al enviar mensaje vía API local: HTTP 500 findChat: new chat not found 0168@c.us
❌ Error enviando a 50253460168: HTTP 500 findChat: new chat not found 0168@c.us
⚠️ 50230465423: sin contenido relevante → no se envía mensaje.
⚠️ 50253065146: sin contenido relevante → no se envía mensaje.
📡 Enviando mensaje vía API local del bot...
❌ Error al enviar mensaje vía API local: HTTP 500 findChat: new chat not found 4110@c.us
❌ Error enviando a 50255284110: HTTP 500 findChat: new chat not found 4110@c.us
⚠️ 50254210055: sin contenido relevante → no se envía mensaje.
⚠️ 50255294247: sin contenido relevante → no se envía mensaje.
📡 Enviando mensaje vía API local del bot...
❌ Error al enviar mensaje vía API local: HTTP 500 findChat: new chat not found 0000@c.us
❌ Error enviando a 50237330000: HTTP 500 findChat: new chat not found 0000@c.us
📡 Enviando mensaje vía API local del bot...
❌ Error al enviar mensaje vía API local: HTTP 500 findChat: new chat not found 1953@c.us
❌ Error enviando a 50245491953: HTTP 500 findChat: new chat not found 1953@c.us
📡 Enviando mensaje vía API local del bot...
❌ Error al enviar mensaje vía API local: HTTP 500 findChat: new chat not found 6094@c.us
❌ Error enviando a 50257186094: HTTP 500 findChat: new chat not found 6094@c.us
⚠️ 50257171707: sin contenido relevante → no se envía mensaje.
📡 Enviando mensaje vía API local del bot...
❌ Error al enviar mensaje vía API local: HTTP 500 findChat: new chat not found 0326@c.us
❌ Error enviando a 50233610326: HTTP 500 findChat: new chat not found 0326@c.us
📡 Enviando mensaje vía API local del bot...
❌ Error al enviar mensaje vía API local: HTTP 500 findChat: new chat not found 6516@c.us
❌ Error enviando a 50259906516: HTTP 500 findChat: new chat not found 6516@c.us
⚠️ 50250190948: sin contenido relevante → no se envía mensaje.
📡 Enviando mensaje vía API local del bot...
❌ Error al enviar mensaje vía API local: HTTP 500 findChat: new chat not found 3749@c.us
❌ Error enviando a 50254263749: HTTP 500 findChat: new chat not found 3749@c.us
📡 Enviando mensaje vía API local del bot...
❌ Error al enviar mensaje vía API local: HTTP 500 findChat: new chat not found 8550@c.us
❌ Error enviando a 50249728550: HTTP 500 findChat: new chat not found 8550@c.us
📡 Enviando mensaje vía API local del bot...
❌ Error al enviar mensaje vía API local: HTTP 500 findChat: new chat not found 5779@c.us
❌ Error enviando a 50235245779: HTTP 500 findChat: new chat not found 5779@c.us
📡 Enviando mensaje vía API local del bot...
❌ Error al enviar mensaje vía API local: HTTP 500 findChat: new chat not found 2572@c.us
❌ Error enviando a 50246532572: HTTP 500 findChat: new chat not found 2572@c.us
📡 Enviando mensaje vía API local del bot...
❌ Error al enviar mensaje vía API local: HTTP 500 findChat: new chat not found 3997@c.us
❌ Error enviando a 50249313997: HTTP 500 findChat: new chat not found 3997@c.us
📡 Enviando mensaje vía API local del bot...
❌ Error al enviar mensaje vía API local: HTTP 500 findChat: new chat not found 5876@c.us
❌ Error enviando a 50247685876: HTTP 500 findChat: new chat not found 5876@c.us
⚠️ 50246032841: sin contenido relevante → no se envía mensaje.
📡 Enviando mensaje vía API local del bot...
❌ Error al enviar mensaje vía API local: HTTP 500 findChat: new chat not found 5677@c.us
❌ Error enviando a 50255585677: HTTP 500 findChat: new chat not found 5677@c.us
⚠️ 50253556299: sin contenido relevante → no se envía mensaje.
📡 Enviando mensaje vía API local del bot...
❌ Error al enviar mensaje vía API local: HTTP 500 findChat: new chat not found 8098@c.us
❌ Error enviando a 50254608098: HTTP 500 findChat: new chat not found 8098@c.us
📡 Enviando mensaje vía API local del bot...
❌ Error al enviar mensaje vía API local: HTTP 500 findChat: new chat not found 5651@c.us
❌ Error enviando a 50236405651: HTTP 500 findChat: new chat not found 5651@c.us
⚠️ 50258261871: sin contenido relevante → no se envía mensaje.
📡 Enviando mensaje vía API local del bot...
❌ Error al enviar mensaje vía API local: HTTP 500 findChat: new chat not found 9024@c.us
❌ Error enviando a 50237829024: HTTP 500 findChat: new chat not found 9024@c.us
📡 Enviando mensaje vía API local del bot...
❌ Error al enviar mensaje vía API local: HTTP 500 findChat: new chat not found 3437@c.us
❌ Error enviando a 50247543437: HTTP 500 findChat: new chat not found 3437@c.us
📡 Enviando mensaje vía API local del bot...
❌ Error al enviar mensaje vía API local: HTTP 500 findChat: new chat not found 2769@c.us
❌ Error enviando a 50240292769: HTTP 500 findChat: new chat not found 2769@c.us
📡 Enviando mensaje vía API local del bot...
❌ Error al enviar mensaje vía API local: HTTP 500 findChat: new chat not found 5269@c.us
❌ Error enviando a 50258955269: HTTP 500 findChat: new chat not found 5269@c.us
⚠️ 50258053297: sin contenido relevante → no se envía mensaje.
⚠️ 50255584478: sin contenido relevante → no se envía mensaje.
⚠️ 50244819697: sin contenido relevante → no se envía mensaje.
⚠️ 50230063598: sin contenido relevante → no se envía mensaje.
📡 Enviando mensaje vía API local del bot...
❌ Error al enviar mensaje vía API local: HTTP 500 findChat: new chat not found 6628@c.us
❌ Error enviando a 50253176628: HTTP 500 findChat: new chat not found 6628@c.us
📡 Enviando mensaje vía API local del bot...
❌ Error al enviar mensaje vía API local: HTTP 500 findChat: new chat not found 2912@c.us
❌ Error enviando a 50241262912: HTTP 500 findChat: new chat not found 2912@c.us
⚠️ 50256416965: sin contenido relevante → no se envía mensaje.
📡 Enviando mensaje vía API local del bot...
❌ Error al enviar mensaje vía API local: HTTP 500 findChat: new chat not found 6181@c.us
❌ Error enviando a 50247456181: HTTP 500 findChat: new chat not found 6181@c.us
📡 Enviando mensaje vía API local del bot...
❌ Error al enviar mensaje vía API local: HTTP 500 findChat: new chat not found 5600@c.us
❌ Error enviando a 50252715600: HTTP 500 findChat: new chat not found 5600@c.us
⚠️ 50238844123: sin contenido relevante → no se envía mensaje.
📡 Enviando mensaje vía API local del bot...
❌ Error al enviar mensaje vía API local: HTTP 500 findChat: new chat not found 6060@c.us
❌ Error enviando a 50252006060: HTTP 500 findChat: new chat not found 6060@c.us
📡 Enviando mensaje vía API local del bot...
❌ Error al enviar mensaje vía API local: HTTP 500 findChat: new chat not found 7797@c.us
❌ Error enviando a 50253127797: HTTP 500 findChat: new chat not found 7797@c.us
📡 Enviando mensaje vía API local del bot...
❌ Error al enviar mensaje vía API local: HTTP 500 findChat: new chat not found 5516@c.us
❌ Error enviando a 50232955516: HTTP 500 findChat: new chat not found 5516@c.us
⚠️ 50240101714: sin contenido relevante → no se envía mensaje.
📡 Enviando mensaje vía API local del bot...
❌ Error al enviar mensaje vía API local: HTTP 500 findChat: new chat not found 4421@c.us
❌ Error enviando a 50241494421: HTTP 500 findChat: new chat not found 4421@c.us
📡 Enviando mensaje vía API local del bot...
❌ Error al enviar mensaje vía API local: HTTP 500 findChat: new chat not found 7338@c.us
❌ Error enviando a 50253807338: HTTP 500 findChat: new chat not found 7338@c.us
📡 Enviando mensaje vía API local del bot...
❌ Error al enviar mensaje vía API local: HTTP 500 findChat: new chat not found 6300@c.us
❌ Error enviando a 50250166300: HTTP 500 findChat: new chat not found 6300@c.us
📡 Enviando mensaje vía API local del bot...
❌ Error al enviar mensaje vía API local: HTTP 500 findChat: new chat not found 3288@c.us
❌ Error enviando a 50232883288: HTTP 500 findChat: new chat not found 3288@c.us
📡 Enviando mensaje vía API local del bot...
❌ Error al enviar mensaje vía API local: HTTP 500 findChat: new chat not found 1825@c.us
❌ Error enviando a 50230131825: HTTP 500 findChat: new chat not found 1825@c.us
📡 Enviando mensaje vía API local del bot...
❌ Error al enviar mensaje vía API local: HTTP 500 findChat: new chat not found 9749@c.us
❌ Error enviando a 50255449749: HTTP 500 findChat: new chat not found 9749@c.us
⚠️ 50236680850: sin contenido relevante → no se envía mensaje.
📡 Enviando mensaje vía API local del bot...
❌ Error al enviar mensaje vía API local: HTTP 500 findChat: new chat not found 5029@c.us
❌ Error enviando a 50256805029: HTTP 500 findChat: new chat not found 5029@c.us
⚠️ 50259108219: sin contenido relevante → no se envía mensaje.
📡 Enviando mensaje vía API local del bot...
❌ Error al enviar mensaje vía API local: HTTP 500 findChat: new chat not found 2992@c.us
❌ Error enviando a 50257582992: HTTP 500 findChat: new chat not found 2992@c.us
📡 Enviando mensaje vía API local del bot...
❌ Error al enviar mensaje vía API local: HTTP 500 findChat: new chat not found 1047@c.us
❌ Error enviando a 50230281047: HTTP 500 findChat: new chat not found 1047@c.us
📡 Enviando mensaje vía API local del bot...
❌ Error al enviar mensaje vía API local: HTTP 500 findChat: new chat not found 1231@c.us
❌ Error enviando a 50233291231: HTTP 500 findChat: new chat not found 1231@c.us
⚠️ 50250542584: sin contenido relevante → no se envía mensaje.
📡 Enviando mensaje vía API local del bot...
❌ Error al enviar mensaje vía API local: HTTP 500 findChat: new chat not found 2862@c.us
❌ Error enviando a 50230782862: HTTP 500 findChat: new chat not found 2862@c.us
⚠️ 50236076447: sin contenido relevante → no se envía mensaje.
📡 Enviando mensaje vía API local del bot...
❌ Error al enviar mensaje vía API local: HTTP 500 findChat: new chat not found 4284@c.us
❌ Error enviando a 50236764284: HTTP 500 findChat: new chat not found 4284@c.us
📡 Enviando mensaje vía API local del bot...
❌ Error al enviar mensaje vía API local: HTTP 500 findChat: new chat not found 1853@c.us
❌ Error enviando a 50235151853: HTTP 500 findChat: new chat not found 1853@c.us
📡 Enviando mensaje vía API local del bot...
❌ Error al enviar mensaje vía API local: HTTP 500 findChat: new chat not found 2345@c.us
❌ Error enviando a 50230082345: HTTP 500 findChat: new chat not found 2345@c.us
📡 Enviando mensaje vía API local del bot...
❌ Error al enviar mensaje vía API local: HTTP 500 findChat: new chat not found 1188@c.us
❌ Error enviando a 50256371188: HTTP 500 findChat: new chat not found 1188@c.us
📡 Enviando mensaje vía API local del bot...
❌ Error al enviar mensaje vía API local: HTTP 500 findChat: new chat not found 3113@c.us
❌ Error enviando a 50230083113: HTTP 500 findChat: new chat not found 3113@c.us
📡 Enviando mensaje vía API local del bot...
❌ Error al enviar mensaje vía API local: HTTP 500 findChat: new chat not found 6417@c.us
❌ Error enviando a 50255376417: HTTP 500 findChat: new chat not found 6417@c.us
📡 Enviando mensaje vía API local del bot...
❌ Error al enviar mensaje vía API local: HTTP 500 findChat: new chat not found 5235@c.us
❌ Error enviando a 50237655235: HTTP 500 findChat: new chat not found 5235@c.us
📡 Enviando mensaje vía API local del bot...
❌ Error al enviar mensaje vía API local: HTTP 500 findChat: new chat not found 1508@c.us
❌ Error enviando a 50242221508: HTTP 500 findChat: new chat not found 1508@c.us
⚠️ 50246854703: sin contenido relevante → no se envía mensaje.
⚠️ 50256521588: sin contenido relevante → no se envía mensaje.
⚠️ 50687637085: sin contenido relevante → no se envía mensaje.
📡 Enviando mensaje vía API local del bot...
❌ Error al enviar mensaje vía API local: HTTP 500 findChat: new chat not found 6795@c.us
❌ Error enviando a 50240686795: HTTP 500 findChat: new chat not found 6795@c.us
📡 Enviando mensaje vía API local del bot...
❌ Error al enviar mensaje vía API local: HTTP 500 findChat: new chat not found 0287@c.us
❌ Error enviando a 50255130287: HTTP 500 findChat: new chat not found 0287@c.us
📡 Enviando mensaje vía API local del bot...
❌ Error al enviar mensaje vía API local: HTTP 500 findChat: new chat not found 0616@c.us
❌ Error enviando a 50259450616: HTTP 500 findChat: new chat not found 0616@c.us
⚠️ 50255541565: sin contenido relevante → no se envía mensaje.
📡 Enviando mensaje vía API local del bot...
❌ Error al enviar mensaje vía API local: HTTP 500 findChat: new chat not found 9297@c.us
❌ Error enviando a 50258349297: HTTP 500 findChat: new chat not found 9297@c.us
📡 Enviando mensaje vía API local del bot...
❌ Error al enviar mensaje vía API local: HTTP 500 findChat: new chat not found 9331@c.us
❌ Error enviando a 50249529331: HTTP 500 findChat: new chat not found 9331@c.us
⚠️ 50241139319: sin contenido relevante → no se envía mensaje.
📡 Enviando mensaje vía API local del bot...
❌ Error al enviar mensaje vía API local: HTTP 500 findChat: new chat not found 4268@c.us
❌ Error enviando a 50257184268: HTTP 500 findChat: new chat not found 4268@c.us
📡 Enviando mensaje vía API local del bot...
❌ Error al enviar mensaje vía API local: HTTP 500 findChat: new chat not found 0831@c.us
❌ Error enviando a 50242110831: HTTP 500 findChat: new chat not found 0831@c.us
📡 Enviando mensaje vía API local del bot...
❌ Error al enviar mensaje vía API local: HTTP 500 findChat: new chat not found 6473@c.us
❌ Error enviando a 50230086473: HTTP 500 findChat: new chat not found 6473@c.us
📡 Enviando mensaje vía API local del bot...
❌ Error al enviar mensaje vía API local: HTTP 500 findChat: new chat not found 2170@c.us
❌ Error enviando a 50255262170: HTTP 500 findChat: new chat not found 2170@c.us
📡 Enviando mensaje vía API local del bot...
❌ Error al enviar mensaje vía API local: HTTP 500 findChat: new chat not found 8130@c.us
❌ Error enviando a 50258748130: HTTP 500 findChat: new chat not found 8130@c.us
⚠️ 50242968481: sin contenido relevante → no se envía mensaje.
📡 Enviando mensaje vía API local del bot...
❌ Error al enviar mensaje vía API local: HTTP 500 findChat: new chat not found 3665@c.us
❌ Error enviando a 50241143665: HTTP 500 findChat: new chat not found 3665@c.us
📡 Enviando mensaje vía API local del bot...
❌ Error al enviar mensaje vía API local: HTTP 500 findChat: new chat not found 5152@c.us
❌ Error enviando a 50252025152: HTTP 500 findChat: new chat not found 5152@c.us
📡 Enviando mensaje vía API local del bot...
❌ Error al enviar mensaje vía API local: HTTP 500 findChat: new chat not found 8591@c.us
❌ Error enviando a 50240858591: HTTP 500 findChat: new chat not found 8591@c.us
📡 Enviando mensaje vía API local del bot...
❌ Error al enviar mensaje vía API local: HTTP 500 findChat: new chat not found 4879@c.us
❌ Error enviando a 50236134879: HTTP 500 findChat: new chat not found 4879@c.us
📡 Enviando mensaje vía API local del bot...
❌ Error al enviar mensaje vía API local: HTTP 500 findChat: new chat not found 4879@c.us
❌ Error enviando a 50236134879: HTTP 500 findChat: new chat not found 4879@c.us
📡 Enviando mensaje vía API local del bot...
❌ Error al enviar mensaje vía API local: HTTP 500 findChat: new chat not found 3476@c.us
❌ Error enviando a 50258253476: HTTP 500 findChat: new chat not found 3476@c.us
📡 Enviando mensaje vía API local del bot...
❌ Error al enviar mensaje vía API local: HTTP 500 findChat: new chat not found 8294@c.us
❌ Error enviando a 50241288294: HTTP 500 findChat: new chat not found 8294@c.us
📡 Enviando mensaje vía API local del bot...
❌ Error al enviar mensaje vía API local: HTTP 500 findChat: new chat not found 4297@c.us
❌ Error enviando a 50235954297: HTTP 500 findChat: new chat not found 4297@c.us
⚠️ 50230718631: sin contenido relevante → no se envía mensaje.
⚠️ 50254140866: sin contenido relevante → no se envía mensaje.
📡 Enviando mensaje vía API local del bot...
❌ Error al enviar mensaje vía API local: HTTP 500 findChat: new chat not found 5724@c.us
❌ Error enviando a 50247695724: HTTP 500 findChat: new chat not found 5724@c.us
📡 Enviando mensaje vía API local del bot...
❌ Error al enviar mensaje vía API local: HTTP 500 findChat: new chat not found 9247@c.us
⚠️ No se pudo enviar resumen al admin: HTTP 500 findChat: new chat not found 9247@c.us
🟢 Finalizado y DB cerrada.
[dotenv@17.2.3] injecting env (10) from ../.env -- tip: 🔄 add secrets lifecycle management: https://dotenvx.com/ops
[dotenv@17.2.3] injecting env (0) from .env -- tip: 🔑 add access controls to secrets: https://dotenvx.com/ops
[dotenv@17.2.3] injecting env (0) from ../.env -- tip: 🔐 encrypt with Dotenvx: https://dotenvx.com
[dotenv@17.2.3] injecting env (0) from .env -- tip: ⚙️  specify custom .env file path with { path: '/custom/path/.env' }
🕓 Iniciando envío automático de noticias diarias...

🗂️ Departamentos con notas hoy: [ 'Guatemala', 'Movilidad', 'Noticias', 'Portada' ]
📊 OjoAlDato cargado: {
  fecha: '24/3/2026',
  departamento: 'Jalapa',
  texto: '¿Navidad 2025 o 2026? La municipalidad de San Jorge, Zacapa, no lo especifica, pero adquirió juguetes y mochilas escolares para su actividad recreativa “Carta a Santa Claus”. El provedor fue Hiper Asia, por Q3 mil 469.'
}
👥 Suscriptores activos: 101
⚠️ 50432745042: sin contenido relevante → no se envía mensaje.
📡 Enviando mensaje vía API local del bot...
❌ Error al enviar mensaje vía API local: HTTP 500 Minified invariant #56367; %s
❌ Error enviando a 50255629247: HTTP 500 Minified invariant #56367; %s
⚠️ 50254747827: sin contenido relevante → no se envía mensaje.
📡 Enviando mensaje vía API local del bot...
❌ Error al enviar mensaje vía API local: HTTP 500 Minified invariant #56367; %s
❌ Error enviando a 50254827902: HTTP 500 Minified invariant #56367; %s
📡 Enviando mensaje vía API local del bot...
❌ Error al enviar mensaje vía API local: HTTP 500 Minified invariant #56367; %s
❌ Error enviando a 50257049220: HTTP 500 Minified invariant #56367; %s
⚠️ 50230080060: sin contenido relevante → no se envía mensaje.
⚠️ 50247858363: sin contenido relevante → no se envía mensaje.
⚠️ 50232050537: sin contenido relevante → no se envía mensaje.
📡 Enviando mensaje vía API local del bot...
❌ Error al enviar mensaje vía API local: HTTP 500 Minified invariant #56367; %s
❌ Error enviando a 50253460168: HTTP 500 Minified invariant #56367; %s
⚠️ 50230465423: sin contenido relevante → no se envía mensaje.
⚠️ 50253065146: sin contenido relevante → no se envía mensaje.
📡 Enviando mensaje vía API local del bot...
❌ Error al enviar mensaje vía API local: HTTP 500 {"name":"NotInitializedError"}
❌ Error enviando a 50255284110: HTTP 500 {"name":"NotInitializedError"}
⚠️ 50254210055: sin contenido relevante → no se envía mensaje.
⚠️ 50255294247: sin contenido relevante → no se envía mensaje.
📡 Enviando mensaje vía API local del bot...
❌ Error al enviar mensaje vía API local: HTTP 500 {"name":"NotInitializedError"}
❌ Error enviando a 50237330000: HTTP 500 {"name":"NotInitializedError"}
📡 Enviando mensaje vía API local del bot...
❌ Error al enviar mensaje vía API local: HTTP 500 {"name":"NotInitializedError"}
❌ Error enviando a 50245491953: HTTP 500 {"name":"NotInitializedError"}
📡 Enviando mensaje vía API local del bot...
❌ Error al enviar mensaje vía API local: HTTP 500 {"name":"NotInitializedError"}
❌ Error enviando a 50257186094: HTTP 500 {"name":"NotInitializedError"}
⚠️ 50257171707: sin contenido relevante → no se envía mensaje.
📡 Enviando mensaje vía API local del bot...
❌ Error al enviar mensaje vía API local: HTTP 500 findChat: new chat not found 0326@c.us
❌ Error enviando a 50233610326: HTTP 500 findChat: new chat not found 0326@c.us
📡 Enviando mensaje vía API local del bot...
❌ Error al enviar mensaje vía API local: HTTP 500 findChat: new chat not found 6516@c.us
❌ Error enviando a 50259906516: HTTP 500 findChat: new chat not found 6516@c.us
⚠️ 50250190948: sin contenido relevante → no se envía mensaje.
📡 Enviando mensaje vía API local del bot...
❌ Error al enviar mensaje vía API local: HTTP 500 findChat: new chat not found 3749@c.us
❌ Error enviando a 50254263749: HTTP 500 findChat: new chat not found 3749@c.us
📡 Enviando mensaje vía API local del bot...
❌ Error al enviar mensaje vía API local: HTTP 500 findChat: new chat not found 8550@c.us
❌ Error enviando a 50249728550: HTTP 500 findChat: new chat not found 8550@c.us
📡 Enviando mensaje vía API local del bot...
❌ Error al enviar mensaje vía API local: HTTP 500 findChat: new chat not found 5779@c.us
❌ Error enviando a 50235245779: HTTP 500 findChat: new chat not found 5779@c.us
📡 Enviando mensaje vía API local del bot...
❌ Error al enviar mensaje vía API local: HTTP 500 findChat: new chat not found 2572@c.us
❌ Error enviando a 50246532572: HTTP 500 findChat: new chat not found 2572@c.us
⚠️ 50249313997: sin contenido relevante → no se envía mensaje.
📡 Enviando mensaje vía API local del bot...
❌ Error al enviar mensaje vía API local: HTTP 500 findChat: new chat not found 5876@c.us
❌ Error enviando a 50247685876: HTTP 500 findChat: new chat not found 5876@c.us
⚠️ 50246032841: sin contenido relevante → no se envía mensaje.
📡 Enviando mensaje vía API local del bot...
❌ Error al enviar mensaje vía API local: HTTP 500 findChat: new chat not found 5677@c.us
❌ Error enviando a 50255585677: HTTP 500 findChat: new chat not found 5677@c.us
⚠️ 50253556299: sin contenido relevante → no se envía mensaje.
📡 Enviando mensaje vía API local del bot...
❌ Error al enviar mensaje vía API local: HTTP 500 findChat: new chat not found 8098@c.us
❌ Error enviando a 50254608098: HTTP 500 findChat: new chat not found 8098@c.us
📡 Enviando mensaje vía API local del bot...
❌ Error al enviar mensaje vía API local: HTTP 500 findChat: new chat not found 5651@c.us
❌ Error enviando a 50236405651: HTTP 500 findChat: new chat not found 5651@c.us
⚠️ 50258261871: sin contenido relevante → no se envía mensaje.
⚠️ 50237829024: sin contenido relevante → no se envía mensaje.
📡 Enviando mensaje vía API local del bot...
❌ Error al enviar mensaje vía API local: HTTP 500 findChat: new chat not found 3437@c.us
❌ Error enviando a 50247543437: HTTP 500 findChat: new chat not found 3437@c.us
📡 Enviando mensaje vía API local del bot...
❌ Error al enviar mensaje vía API local: HTTP 500 findChat: new chat not found 2769@c.us
❌ Error enviando a 50240292769: HTTP 500 findChat: new chat not found 2769@c.us
⚠️ 50258955269: sin contenido relevante → no se envía mensaje.
⚠️ 50258053297: sin contenido relevante → no se envía mensaje.
⚠️ 50255584478: sin contenido relevante → no se envía mensaje.
⚠️ 50244819697: sin contenido relevante → no se envía mensaje.
⚠️ 50230063598: sin contenido relevante → no se envía mensaje.
📡 Enviando mensaje vía API local del bot...
❌ Error al enviar mensaje vía API local: HTTP 500 findChat: new chat not found 6628@c.us
❌ Error enviando a 50253176628: HTTP 500 findChat: new chat not found 6628@c.us
📡 Enviando mensaje vía API local del bot...
❌ Error al enviar mensaje vía API local: HTTP 500 findChat: new chat not found 2912@c.us
❌ Error enviando a 50241262912: HTTP 500 findChat: new chat not found 2912@c.us
⚠️ 50256416965: sin contenido relevante → no se envía mensaje.
📡 Enviando mensaje vía API local del bot...
❌ Error al enviar mensaje vía API local: HTTP 500 findChat: new chat not found 6181@c.us
❌ Error enviando a 50247456181: HTTP 500 findChat: new chat not found 6181@c.us
📡 Enviando mensaje vía API local del bot...
❌ Error al enviar mensaje vía API local: HTTP 500 findChat: new chat not found 5600@c.us
❌ Error enviando a 50252715600: HTTP 500 findChat: new chat not found 5600@c.us
⚠️ 50238844123: sin contenido relevante → no se envía mensaje.
📡 Enviando mensaje vía API local del bot...
❌ Error al enviar mensaje vía API local: HTTP 500 findChat: new chat not found 6060@c.us
❌ Error enviando a 50252006060: HTTP 500 findChat: new chat not found 6060@c.us
📡 Enviando mensaje vía API local del bot...
❌ Error al enviar mensaje vía API local: HTTP 500 findChat: new chat not found 7797@c.us
❌ Error enviando a 50253127797: HTTP 500 findChat: new chat not found 7797@c.us
📡 Enviando mensaje vía API local del bot...
❌ Error al enviar mensaje vía API local: HTTP 500 findChat: new chat not found 5516@c.us
❌ Error enviando a 50232955516: HTTP 500 findChat: new chat not found 5516@c.us
⚠️ 50240101714: sin contenido relevante → no se envía mensaje.
📡 Enviando mensaje vía API local del bot...
❌ Error al enviar mensaje vía API local: HTTP 500 findChat: new chat not found 4421@c.us
❌ Error enviando a 50241494421: HTTP 500 findChat: new chat not found 4421@c.us
📡 Enviando mensaje vía API local del bot...
❌ Error al enviar mensaje vía API local: HTTP 500 findChat: new chat not found 7338@c.us
❌ Error enviando a 50253807338: HTTP 500 findChat: new chat not found 7338@c.us
📡 Enviando mensaje vía API local del bot...
❌ Error al enviar mensaje vía API local: HTTP 500 findChat: new chat not found 6300@c.us
❌ Error enviando a 50250166300: HTTP 500 findChat: new chat not found 6300@c.us
📡 Enviando mensaje vía API local del bot...
❌ Error al enviar mensaje vía API local: HTTP 500 findChat: new chat not found 3288@c.us
❌ Error enviando a 50232883288: HTTP 500 findChat: new chat not found 3288@c.us
📡 Enviando mensaje vía API local del bot...
❌ Error al enviar mensaje vía API local: HTTP 500 findChat: new chat not found 1825@c.us
❌ Error enviando a 50230131825: HTTP 500 findChat: new chat not found 1825@c.us
📡 Enviando mensaje vía API local del bot...
❌ Error al enviar mensaje vía API local: HTTP 500 findChat: new chat not found 9749@c.us
❌ Error enviando a 50255449749: HTTP 500 findChat: new chat not found 9749@c.us
⚠️ 50236680850: sin contenido relevante → no se envía mensaje.
📡 Enviando mensaje vía API local del bot...
❌ Error al enviar mensaje vía API local: HTTP 500 findChat: new chat not found 5029@c.us
❌ Error enviando a 50256805029: HTTP 500 findChat: new chat not found 5029@c.us
⚠️ 50259108219: sin contenido relevante → no se envía mensaje.
📡 Enviando mensaje vía API local del bot...
❌ Error al enviar mensaje vía API local: HTTP 500 findChat: new chat not found 2992@c.us
❌ Error enviando a 50257582992: HTTP 500 findChat: new chat not found 2992@c.us
📡 Enviando mensaje vía API local del bot...
❌ Error al enviar mensaje vía API local: HTTP 500 findChat: new chat not found 1047@c.us
❌ Error enviando a 50230281047: HTTP 500 findChat: new chat not found 1047@c.us
📡 Enviando mensaje vía API local del bot...
❌ Error al enviar mensaje vía API local: HTTP 500 findChat: new chat not found 1231@c.us
❌ Error enviando a 50233291231: HTTP 500 findChat: new chat not found 1231@c.us
⚠️ 50250542584: sin contenido relevante → no se envía mensaje.
📡 Enviando mensaje vía API local del bot...
❌ Error al enviar mensaje vía API local: HTTP 500 findChat: new chat not found 2862@c.us
❌ Error enviando a 50230782862: HTTP 500 findChat: new chat not found 2862@c.us
⚠️ 50236076447: sin contenido relevante → no se envía mensaje.
📡 Enviando mensaje vía API local del bot...
❌ Error al enviar mensaje vía API local: HTTP 500 findChat: new chat not found 4284@c.us
❌ Error enviando a 50236764284: HTTP 500 findChat: new chat not found 4284@c.us
📡 Enviando mensaje vía API local del bot...
❌ Error al enviar mensaje vía API local: HTTP 500 findChat: new chat not found 1853@c.us
❌ Error enviando a 50235151853: HTTP 500 findChat: new chat not found 1853@c.us
📡 Enviando mensaje vía API local del bot...
❌ Error al enviar mensaje vía API local: HTTP 500 findChat: new chat not found 2345@c.us
❌ Error enviando a 50230082345: HTTP 500 findChat: new chat not found 2345@c.us
📡 Enviando mensaje vía API local del bot...
❌ Error al enviar mensaje vía API local: HTTP 500 findChat: new chat not found 1188@c.us
❌ Error enviando a 50256371188: HTTP 500 findChat: new chat not found 1188@c.us
📡 Enviando mensaje vía API local del bot...
❌ Error al enviar mensaje vía API local: HTTP 500 findChat: new chat not found 3113@c.us
❌ Error enviando a 50230083113: HTTP 500 findChat: new chat not found 3113@c.us
📡 Enviando mensaje vía API local del bot...
❌ Error al enviar mensaje vía API local: HTTP 500 findChat: new chat not found 6417@c.us
❌ Error enviando a 50255376417: HTTP 500 findChat: new chat not found 6417@c.us
📡 Enviando mensaje vía API local del bot...
❌ Error al enviar mensaje vía API local: HTTP 500 findChat: new chat not found 5235@c.us
❌ Error enviando a 50237655235: HTTP 500 findChat: new chat not found 5235@c.us
📡 Enviando mensaje vía API local del bot...
❌ Error al enviar mensaje vía API local: HTTP 500 findChat: new chat not found 1508@c.us
❌ Error enviando a 50242221508: HTTP 500 findChat: new chat not found 1508@c.us
⚠️ 50246854703: sin contenido relevante → no se envía mensaje.
⚠️ 50256521588: sin contenido relevante → no se envía mensaje.
⚠️ 50687637085: sin contenido relevante → no se envía mensaje.
📡 Enviando mensaje vía API local del bot...
❌ Error al enviar mensaje vía API local: HTTP 500 findChat: new chat not found 6795@c.us
❌ Error enviando a 50240686795: HTTP 500 findChat: new chat not found 6795@c.us
📡 Enviando mensaje vía API local del bot...
❌ Error al enviar mensaje vía API local: HTTP 500 findChat: new chat not found 0287@c.us
❌ Error enviando a 50255130287: HTTP 500 findChat: new chat not found 0287@c.us
📡 Enviando mensaje vía API local del bot...
❌ Error al enviar mensaje vía API local: HTTP 500 findChat: new chat not found 0616@c.us
❌ Error enviando a 50259450616: HTTP 500 findChat: new chat not found 0616@c.us
⚠️ 50255541565: sin contenido relevante → no se envía mensaje.
📡 Enviando mensaje vía API local del bot...
❌ Error al enviar mensaje vía API local: HTTP 500 findChat: new chat not found 9297@c.us
❌ Error enviando a 50258349297: HTTP 500 findChat: new chat not found 9297@c.us
📡 Enviando mensaje vía API local del bot...
❌ Error al enviar mensaje vía API local: HTTP 500 findChat: new chat not found 9331@c.us
❌ Error enviando a 50249529331: HTTP 500 findChat: new chat not found 9331@c.us
⚠️ 50241139319: sin contenido relevante → no se envía mensaje.
📡 Enviando mensaje vía API local del bot...
❌ Error al enviar mensaje vía API local: HTTP 500 findChat: new chat not found 4268@c.us
❌ Error enviando a 50257184268: HTTP 500 findChat: new chat not found 4268@c.us
📡 Enviando mensaje vía API local del bot...
❌ Error al enviar mensaje vía API local: HTTP 500 findChat: new chat not found 0831@c.us
❌ Error enviando a 50242110831: HTTP 500 findChat: new chat not found 0831@c.us
📡 Enviando mensaje vía API local del bot...
❌ Error al enviar mensaje vía API local: HTTP 500 findChat: new chat not found 6473@c.us
❌ Error enviando a 50230086473: HTTP 500 findChat: new chat not found 6473@c.us
📡 Enviando mensaje vía API local del bot...
❌ Error al enviar mensaje vía API local: HTTP 500 findChat: new chat not found 2170@c.us
❌ Error enviando a 50255262170: HTTP 500 findChat: new chat not found 2170@c.us
📡 Enviando mensaje vía API local del bot...
❌ Error al enviar mensaje vía API local: HTTP 500 findChat: new chat not found 8130@c.us
❌ Error enviando a 50258748130: HTTP 500 findChat: new chat not found 8130@c.us
⚠️ 50242968481: sin contenido relevante → no se envía mensaje.
📡 Enviando mensaje vía API local del bot...
❌ Error al enviar mensaje vía API local: HTTP 500 findChat: new chat not found 3665@c.us
❌ Error enviando a 50241143665: HTTP 500 findChat: new chat not found 3665@c.us
📡 Enviando mensaje vía API local del bot...
❌ Error al enviar mensaje vía API local: HTTP 500 findChat: new chat not found 5152@c.us
❌ Error enviando a 50252025152: HTTP 500 findChat: new chat not found 5152@c.us
📡 Enviando mensaje vía API local del bot...
❌ Error al enviar mensaje vía API local: HTTP 500 findChat: new chat not found 8591@c.us
❌ Error enviando a 50240858591: HTTP 500 findChat: new chat not found 8591@c.us
📡 Enviando mensaje vía API local del bot...
❌ Error al enviar mensaje vía API local: HTTP 500 findChat: new chat not found 4879@c.us
❌ Error enviando a 50236134879: HTTP 500 findChat: new chat not found 4879@c.us
📡 Enviando mensaje vía API local del bot...
❌ Error al enviar mensaje vía API local: HTTP 500 findChat: new chat not found 4879@c.us
❌ Error enviando a 50236134879: HTTP 500 findChat: new chat not found 4879@c.us
📡 Enviando mensaje vía API local del bot...
❌ Error al enviar mensaje vía API local: HTTP 500 findChat: new chat not found 3476@c.us
❌ Error enviando a 50258253476: HTTP 500 findChat: new chat not found 3476@c.us
📡 Enviando mensaje vía API local del bot...
❌ Error al enviar mensaje vía API local: HTTP 500 findChat: new chat not found 8294@c.us
❌ Error enviando a 50241288294: HTTP 500 findChat: new chat not found 8294@c.us
📡 Enviando mensaje vía API local del bot...
❌ Error al enviar mensaje vía API local: HTTP 500 findChat: new chat not found 4297@c.us
❌ Error enviando a 50235954297: HTTP 500 findChat: new chat not found 4297@c.us
⚠️ 50230718631: sin contenido relevante → no se envía mensaje.
⚠️ 50254140866: sin contenido relevante → no se envía mensaje.
📡 Enviando mensaje vía API local del bot...
❌ Error al enviar mensaje vía API local: HTTP 500 findChat: new chat not found 5724@c.us
❌ Error enviando a 50247695724: HTTP 500 findChat: new chat not found 5724@c.us
📡 Enviando mensaje vía API local del bot...
❌ Error al enviar mensaje vía API local: HTTP 500 findChat: new chat not found 9247@c.us
⚠️ No se pudo enviar resumen al admin: HTTP 500 findChat: new chat not found 9247@c.us
🟢 Finalizado y DB cerrada.
[dotenv@17.2.3] injecting env (10) from ../.env -- tip: 🛠️  run anywhere with `dotenvx run -- yourcommand`
[dotenv@17.2.3] injecting env (0) from .env -- tip: 🛠️  run anywhere with `dotenvx run -- yourcommand`
[dotenv@17.2.3] injecting env (0) from ../.env -- tip: 🔐 encrypt with Dotenvx: https://dotenvx.com
[dotenv@17.2.3] injecting env (0) from .env -- tip: ⚙️  override existing env vars with { override: true }
🕓 Iniciando envío automático de noticias diarias...

🗂️ Departamentos con notas hoy: [ 'Noticias', 'Portada', 'Ambiente', 'Guatemala' ]
📊 OjoAlDato cargado: {
  fecha: '25/3/2026',
  departamento: 'Sololá',
  texto: 'La escuela de la cabecera municipal de San Diego, Zacapa, le realizarán mejoras por Q2 millones 23 mil. Incluye construcción de la cocina, y techado de cancha entre otros.'
}
👥 Suscriptores activos: 101
⚠️ 50432745042: sin contenido relevante → no se envía mensaje.
📡 Enviando mensaje vía API local del bot...
❌ Error al enviar mensaje vía API local: HTTP 500 {"name":"NotInitializedError"}
❌ Error enviando a 50255629247: HTTP 500 {"name":"NotInitializedError"}
⚠️ 50254747827: sin contenido relevante → no se envía mensaje.
⚠️ 50254827902: sin contenido relevante → no se envía mensaje.
📡 Enviando mensaje vía API local del bot...
❌ Error al enviar mensaje vía API local: HTTP 500 {"name":"NotInitializedError"}
❌ Error enviando a 50257049220: HTTP 500 {"name":"NotInitializedError"}
⚠️ 50230080060: sin contenido relevante → no se envía mensaje.
⚠️ 50247858363: sin contenido relevante → no se envía mensaje.
⚠️ 50232050537: sin contenido relevante → no se envía mensaje.
📡 Enviando mensaje vía API local del bot...
❌ Error al enviar mensaje vía API local: HTTP 500 findChat: new chat not found 0168@c.us
❌ Error enviando a 50253460168: HTTP 500 findChat: new chat not found 0168@c.us
⚠️ 50230465423: sin contenido relevante → no se envía mensaje.
⚠️ 50253065146: sin contenido relevante → no se envía mensaje.
📡 Enviando mensaje vía API local del bot...
❌ Error al enviar mensaje vía API local: HTTP 500 findChat: new chat not found 4110@c.us
❌ Error enviando a 50255284110: HTTP 500 findChat: new chat not found 4110@c.us
⚠️ 50254210055: sin contenido relevante → no se envía mensaje.
⚠️ 50255294247: sin contenido relevante → no se envía mensaje.
📡 Enviando mensaje vía API local del bot...
❌ Error al enviar mensaje vía API local: HTTP 500 findChat: new chat not found 0000@c.us
❌ Error enviando a 50237330000: HTTP 500 findChat: new chat not found 0000@c.us
📡 Enviando mensaje vía API local del bot...
❌ Error al enviar mensaje vía API local: HTTP 500 findChat: new chat not found 1953@c.us
❌ Error enviando a 50245491953: HTTP 500 findChat: new chat not found 1953@c.us
📡 Enviando mensaje vía API local del bot...
❌ Error al enviar mensaje vía API local: HTTP 500 findChat: new chat not found 6094@c.us
❌ Error enviando a 50257186094: HTTP 500 findChat: new chat not found 6094@c.us
⚠️ 50257171707: sin contenido relevante → no se envía mensaje.
📡 Enviando mensaje vía API local del bot...
❌ Error al enviar mensaje vía API local: HTTP 500 findChat: new chat not found 0326@c.us
❌ Error enviando a 50233610326: HTTP 500 findChat: new chat not found 0326@c.us
📡 Enviando mensaje vía API local del bot...
❌ Error al enviar mensaje vía API local: HTTP 500 findChat: new chat not found 6516@c.us
❌ Error enviando a 50259906516: HTTP 500 findChat: new chat not found 6516@c.us
📡 Enviando mensaje vía API local del bot...
❌ Error al enviar mensaje vía API local: HTTP 500 findChat: new chat not found 0948@c.us
❌ Error enviando a 50250190948: HTTP 500 findChat: new chat not found 0948@c.us
📡 Enviando mensaje vía API local del bot...
❌ Error al enviar mensaje vía API local: HTTP 500 findChat: new chat not found 3749@c.us
❌ Error enviando a 50254263749: HTTP 500 findChat: new chat not found 3749@c.us
📡 Enviando mensaje vía API local del bot...
❌ Error al enviar mensaje vía API local: HTTP 500 findChat: new chat not found 8550@c.us
❌ Error enviando a 50249728550: HTTP 500 findChat: new chat not found 8550@c.us
📡 Enviando mensaje vía API local del bot...
❌ Error al enviar mensaje vía API local: HTTP 500 findChat: new chat not found 5779@c.us
❌ Error enviando a 50235245779: HTTP 500 findChat: new chat not found 5779@c.us
📡 Enviando mensaje vía API local del bot...
❌ Error al enviar mensaje vía API local: HTTP 500 findChat: new chat not found 2572@c.us
❌ Error enviando a 50246532572: HTTP 500 findChat: new chat not found 2572@c.us
⚠️ 50249313997: sin contenido relevante → no se envía mensaje.
📡 Enviando mensaje vía API local del bot...
❌ Error al enviar mensaje vía API local: HTTP 500 findChat: new chat not found 5876@c.us
❌ Error enviando a 50247685876: HTTP 500 findChat: new chat not found 5876@c.us
⚠️ 50246032841: sin contenido relevante → no se envía mensaje.
📡 Enviando mensaje vía API local del bot...
❌ Error al enviar mensaje vía API local: HTTP 500 findChat: new chat not found 5677@c.us
❌ Error enviando a 50255585677: HTTP 500 findChat: new chat not found 5677@c.us
⚠️ 50253556299: sin contenido relevante → no se envía mensaje.
📡 Enviando mensaje vía API local del bot...
❌ Error al enviar mensaje vía API local: HTTP 500 findChat: new chat not found 8098@c.us
❌ Error enviando a 50254608098: HTTP 500 findChat: new chat not found 8098@c.us
📡 Enviando mensaje vía API local del bot...
❌ Error al enviar mensaje vía API local: HTTP 500 findChat: new chat not found 5651@c.us
❌ Error enviando a 50236405651: HTTP 500 findChat: new chat not found 5651@c.us
⚠️ 50258261871: sin contenido relevante → no se envía mensaje.
⚠️ 50237829024: sin contenido relevante → no se envía mensaje.
📡 Enviando mensaje vía API local del bot...
❌ Error al enviar mensaje vía API local: HTTP 500 findChat: new chat not found 3437@c.us
❌ Error enviando a 50247543437: HTTP 500 findChat: new chat not found 3437@c.us
📡 Enviando mensaje vía API local del bot...
❌ Error al enviar mensaje vía API local: HTTP 500 findChat: new chat not found 2769@c.us
❌ Error enviando a 50240292769: HTTP 500 findChat: new chat not found 2769@c.us
⚠️ 50258955269: sin contenido relevante → no se envía mensaje.
⚠️ 50258053297: sin contenido relevante → no se envía mensaje.
📡 Enviando mensaje vía API local del bot...
❌ Error al enviar mensaje vía API local: HTTP 500 findChat: new chat not found 4478@c.us
❌ Error enviando a 50255584478: HTTP 500 findChat: new chat not found 4478@c.us
⚠️ 50244819697: sin contenido relevante → no se envía mensaje.
⚠️ 50230063598: sin contenido relevante → no se envía mensaje.
📡 Enviando mensaje vía API local del bot...
❌ Error al enviar mensaje vía API local: HTTP 500 findChat: new chat not found 6628@c.us
❌ Error enviando a 50253176628: HTTP 500 findChat: new chat not found 6628@c.us
📡 Enviando mensaje vía API local del bot...
❌ Error al enviar mensaje vía API local: HTTP 500 findChat: new chat not found 2912@c.us
❌ Error enviando a 50241262912: HTTP 500 findChat: new chat not found 2912@c.us
⚠️ 50256416965: sin contenido relevante → no se envía mensaje.
📡 Enviando mensaje vía API local del bot...
❌ Error al enviar mensaje vía API local: HTTP 500 findChat: new chat not found 6181@c.us
❌ Error enviando a 50247456181: HTTP 500 findChat: new chat not found 6181@c.us
📡 Enviando mensaje vía API local del bot...
❌ Error al enviar mensaje vía API local: HTTP 500 findChat: new chat not found 5600@c.us
❌ Error enviando a 50252715600: HTTP 500 findChat: new chat not found 5600@c.us
⚠️ 50238844123: sin contenido relevante → no se envía mensaje.
📡 Enviando mensaje vía API local del bot...
❌ Error al enviar mensaje vía API local: HTTP 500 findChat: new chat not found 6060@c.us
❌ Error enviando a 50252006060: HTTP 500 findChat: new chat not found 6060@c.us
📡 Enviando mensaje vía API local del bot...
❌ Error al enviar mensaje vía API local: HTTP 500 findChat: new chat not found 7797@c.us
❌ Error enviando a 50253127797: HTTP 500 findChat: new chat not found 7797@c.us
📡 Enviando mensaje vía API local del bot...
❌ Error al enviar mensaje vía API local: HTTP 500 findChat: new chat not found 5516@c.us
❌ Error enviando a 50232955516: HTTP 500 findChat: new chat not found 5516@c.us
📡 Enviando mensaje vía API local del bot...
❌ Error al enviar mensaje vía API local: HTTP 500 findChat: new chat not found 1714@c.us
❌ Error enviando a 50240101714: HTTP 500 findChat: new chat not found 1714@c.us
📡 Enviando mensaje vía API local del bot...
❌ Error al enviar mensaje vía API local: HTTP 500 findChat: new chat not found 4421@c.us
❌ Error enviando a 50241494421: HTTP 500 findChat: new chat not found 4421@c.us
📡 Enviando mensaje vía API local del bot...
❌ Error al enviar mensaje vía API local: HTTP 500 findChat: new chat not found 7338@c.us
❌ Error enviando a 50253807338: HTTP 500 findChat: new chat not found 7338@c.us
📡 Enviando mensaje vía API local del bot...
❌ Error al enviar mensaje vía API local: HTTP 500 findChat: new chat not found 6300@c.us
❌ Error enviando a 50250166300: HTTP 500 findChat: new chat not found 6300@c.us
📡 Enviando mensaje vía API local del bot...
❌ Error al enviar mensaje vía API local: HTTP 500 findChat: new chat not found 3288@c.us
❌ Error enviando a 50232883288: HTTP 500 findChat: new chat not found 3288@c.us
📡 Enviando mensaje vía API local del bot...
❌ Error al enviar mensaje vía API local: HTTP 500 findChat: new chat not found 1825@c.us
❌ Error enviando a 50230131825: HTTP 500 findChat: new chat not found 1825@c.us
📡 Enviando mensaje vía API local del bot...
❌ Error al enviar mensaje vía API local: HTTP 500 findChat: new chat not found 9749@c.us
❌ Error enviando a 50255449749: HTTP 500 findChat: new chat not found 9749@c.us
⚠️ 50236680850: sin contenido relevante → no se envía mensaje.
📡 Enviando mensaje vía API local del bot...
❌ Error al enviar mensaje vía API local: HTTP 500 findChat: new chat not found 5029@c.us
❌ Error enviando a 50256805029: HTTP 500 findChat: new chat not found 5029@c.us
⚠️ 50259108219: sin contenido relevante → no se envía mensaje.
📡 Enviando mensaje vía API local del bot...
❌ Error al enviar mensaje vía API local: HTTP 500 findChat: new chat not found 2992@c.us
❌ Error enviando a 50257582992: HTTP 500 findChat: new chat not found 2992@c.us
📡 Enviando mensaje vía API local del bot...
❌ Error al enviar mensaje vía API local: HTTP 500 findChat: new chat not found 1047@c.us
❌ Error enviando a 50230281047: HTTP 500 findChat: new chat not found 1047@c.us
📡 Enviando mensaje vía API local del bot...
❌ Error al enviar mensaje vía API local: HTTP 500 findChat: new chat not found 1231@c.us
❌ Error enviando a 50233291231: HTTP 500 findChat: new chat not found 1231@c.us
⚠️ 50250542584: sin contenido relevante → no se envía mensaje.
📡 Enviando mensaje vía API local del bot...
❌ Error al enviar mensaje vía API local: HTTP 500 findChat: new chat not found 2862@c.us
❌ Error enviando a 50230782862: HTTP 500 findChat: new chat not found 2862@c.us
⚠️ 50236076447: sin contenido relevante → no se envía mensaje.
📡 Enviando mensaje vía API local del bot...
❌ Error al enviar mensaje vía API local: HTTP 500 findChat: new chat not found 4284@c.us
❌ Error enviando a 50236764284: HTTP 500 findChat: new chat not found 4284@c.us
📡 Enviando mensaje vía API local del bot...
❌ Error al enviar mensaje vía API local: HTTP 500 findChat: new chat not found 1853@c.us
❌ Error enviando a 50235151853: HTTP 500 findChat: new chat not found 1853@c.us
📡 Enviando mensaje vía API local del bot...
❌ Error al enviar mensaje vía API local: HTTP 500 findChat: new chat not found 2345@c.us
❌ Error enviando a 50230082345: HTTP 500 findChat: new chat not found 2345@c.us
📡 Enviando mensaje vía API local del bot...
❌ Error al enviar mensaje vía API local: HTTP 500 findChat: new chat not found 1188@c.us
❌ Error enviando a 50256371188: HTTP 500 findChat: new chat not found 1188@c.us
📡 Enviando mensaje vía API local del bot...
❌ Error al enviar mensaje vía API local: HTTP 500 findChat: new chat not found 3113@c.us
❌ Error enviando a 50230083113: HTTP 500 findChat: new chat not found 3113@c.us
📡 Enviando mensaje vía API local del bot...
❌ Error al enviar mensaje vía API local: HTTP 500 findChat: new chat not found 6417@c.us
❌ Error enviando a 50255376417: HTTP 500 findChat: new chat not found 6417@c.us
📡 Enviando mensaje vía API local del bot...
❌ Error al enviar mensaje vía API local: HTTP 500 findChat: new chat not found 5235@c.us
❌ Error enviando a 50237655235: HTTP 500 findChat: new chat not found 5235@c.us
📡 Enviando mensaje vía API local del bot...
❌ Error al enviar mensaje vía API local: HTTP 500 findChat: new chat not found 1508@c.us
❌ Error enviando a 50242221508: HTTP 500 findChat: new chat not found 1508@c.us
⚠️ 50246854703: sin contenido relevante → no se envía mensaje.
⚠️ 50256521588: sin contenido relevante → no se envía mensaje.
⚠️ 50687637085: sin contenido relevante → no se envía mensaje.
📡 Enviando mensaje vía API local del bot...
❌ Error al enviar mensaje vía API local: HTTP 500 findChat: new chat not found 6795@c.us
❌ Error enviando a 50240686795: HTTP 500 findChat: new chat not found 6795@c.us
📡 Enviando mensaje vía API local del bot...
❌ Error al enviar mensaje vía API local: HTTP 500 findChat: new chat not found 0287@c.us
❌ Error enviando a 50255130287: HTTP 500 findChat: new chat not found 0287@c.us
📡 Enviando mensaje vía API local del bot...
❌ Error al enviar mensaje vía API local: HTTP 500 findChat: new chat not found 0616@c.us
❌ Error enviando a 50259450616: HTTP 500 findChat: new chat not found 0616@c.us
⚠️ 50255541565: sin contenido relevante → no se envía mensaje.
📡 Enviando mensaje vía API local del bot...
❌ Error al enviar mensaje vía API local: HTTP 500 findChat: new chat not found 9297@c.us
❌ Error enviando a 50258349297: HTTP 500 findChat: new chat not found 9297@c.us
📡 Enviando mensaje vía API local del bot...
❌ Error al enviar mensaje vía API local: HTTP 500 findChat: new chat not found 9331@c.us
❌ Error enviando a 50249529331: HTTP 500 findChat: new chat not found 9331@c.us
⚠️ 50241139319: sin contenido relevante → no se envía mensaje.
📡 Enviando mensaje vía API local del bot...
❌ Error al enviar mensaje vía API local: HTTP 500 findChat: new chat not found 4268@c.us
❌ Error enviando a 50257184268: HTTP 500 findChat: new chat not found 4268@c.us
📡 Enviando mensaje vía API local del bot...
❌ Error al enviar mensaje vía API local: HTTP 500 findChat: new chat not found 0831@c.us
❌ Error enviando a 50242110831: HTTP 500 findChat: new chat not found 0831@c.us
📡 Enviando mensaje vía API local del bot...
❌ Error al enviar mensaje vía API local: HTTP 500 findChat: new chat not found 6473@c.us
❌ Error enviando a 50230086473: HTTP 500 findChat: new chat not found 6473@c.us
📡 Enviando mensaje vía API local del bot...
❌ Error al enviar mensaje vía API local: HTTP 500 findChat: new chat not found 2170@c.us
❌ Error enviando a 50255262170: HTTP 500 findChat: new chat not found 2170@c.us
📡 Enviando mensaje vía API local del bot...
❌ Error al enviar mensaje vía API local: HTTP 500 findChat: new chat not found 8130@c.us
❌ Error enviando a 50258748130: HTTP 500 findChat: new chat not found 8130@c.us
📡 Enviando mensaje vía API local del bot...
❌ Error al enviar mensaje vía API local: HTTP 500 findChat: new chat not found 8481@c.us
❌ Error enviando a 50242968481: HTTP 500 findChat: new chat not found 8481@c.us
📡 Enviando mensaje vía API local del bot...
❌ Error al enviar mensaje vía API local: HTTP 500 findChat: new chat not found 3665@c.us
❌ Error enviando a 50241143665: HTTP 500 findChat: new chat not found 3665@c.us
📡 Enviando mensaje vía API local del bot...
❌ Error al enviar mensaje vía API local: HTTP 500 findChat: new chat not found 5152@c.us
❌ Error enviando a 50252025152: HTTP 500 findChat: new chat not found 5152@c.us
📡 Enviando mensaje vía API local del bot...
❌ Error al enviar mensaje vía API local: HTTP 500 findChat: new chat not found 8591@c.us
❌ Error enviando a 50240858591: HTTP 500 findChat: new chat not found 8591@c.us
📡 Enviando mensaje vía API local del bot...
❌ Error al enviar mensaje vía API local: HTTP 500 findChat: new chat not found 4879@c.us
❌ Error enviando a 50236134879: HTTP 500 findChat: new chat not found 4879@c.us
📡 Enviando mensaje vía API local del bot...
❌ Error al enviar mensaje vía API local: HTTP 500 findChat: new chat not found 4879@c.us
❌ Error enviando a 50236134879: HTTP 500 findChat: new chat not found 4879@c.us
📡 Enviando mensaje vía API local del bot...
❌ Error al enviar mensaje vía API local: HTTP 500 Execution context was destroyed, most likely because of a navigation.
❌ Error enviando a 50258253476: HTTP 500 Execution context was destroyed, most likely because of a navigation.
📡 Enviando mensaje vía API local del bot...
❌ Error al enviar mensaje vía API local: HTTP 500 WPP is not defined
❌ Error enviando a 50241288294: HTTP 500 WPP is not defined
📡 Enviando mensaje vía API local del bot...
❌ Error al enviar mensaje vía API local: HTTP 500 WPP is not defined
❌ Error enviando a 50235954297: HTTP 500 WPP is not defined
⚠️ 50230718631: sin contenido relevante → no se envía mensaje.
⚠️ 50254140866: sin contenido relevante → no se envía mensaje.
📡 Enviando mensaje vía API local del bot...
❌ Error al enviar mensaje vía API local: HTTP 500 WPP is not defined
❌ Error enviando a 50247695724: HTTP 500 WPP is not defined
📡 Enviando mensaje vía API local del bot...
❌ Error al enviar mensaje vía API local: HTTP 500 WPP is not defined
⚠️ No se pudo enviar resumen al admin: HTTP 500 WPP is not defined
🟢 Finalizado y DB cerrada.
[dotenv@17.2.3] injecting env (10) from ../.env -- tip: 🗂️ backup and recover secrets: https://dotenvx.com/ops
[dotenv@17.2.3] injecting env (0) from .env -- tip: 🔐 prevent committing .env to code: https://dotenvx.com/precommit
[dotenv@17.2.3] injecting env (0) from ../.env -- tip: ⚙️  load multiple .env files with { path: ['.env.local', '.env'] }
[dotenv@17.2.3] injecting env (0) from .env -- tip: 👥 sync secrets across teammates & machines: https://dotenvx.com/ops
🕓 Iniciando envío automático de noticias diarias...

🗂️ Departamentos con notas hoy: [ 'Escuintla', 'Guatemala', 'Noticias', 'Portada' ]
📊 OjoAlDato cargado: {
  fecha: '26/3/2026',
  departamento: 'Guatemala',
  texto: 'En lo que va de 2026, las únicas compras arriba de Q20 mil que la municipalidad de Cuyotenango, Sacatepéquez, reporta son huevos. En marzo adquirió 1 mil 90 cartones “puestos en el gimansio municipal” por Q24 mil 500.'
}
👥 Suscriptores activos: 101
⚠️ 50432745042: sin contenido relevante → no se envía mensaje.
📡 Enviando mensaje vía API local del bot...
❌ Error al enviar mensaje vía API local: HTTP 500 {"name":"NotInitializedError"}
❌ Error enviando a 50255629247: HTTP 500 {"name":"NotInitializedError"}
⚠️ 50254747827: sin contenido relevante → no se envía mensaje.
⚠️ 50254827902: sin contenido relevante → no se envía mensaje.
📡 Enviando mensaje vía API local del bot...
❌ Error al enviar mensaje vía API local: HTTP 500 {"name":"NotInitializedError"}
❌ Error enviando a 50257049220: HTTP 500 {"name":"NotInitializedError"}
⚠️ 50230080060: sin contenido relevante → no se envía mensaje.
📡 Enviando mensaje vía API local del bot...
❌ Error al enviar mensaje vía API local: HTTP 500 {"name":"NotInitializedError"}
❌ Error enviando a 50247858363: HTTP 500 {"name":"NotInitializedError"}
⚠️ 50232050537: sin contenido relevante → no se envía mensaje.
📡 Enviando mensaje vía API local del bot...
❌ Error al enviar mensaje vía API local: HTTP 500 {"name":"NotInitializedError"}
❌ Error enviando a 50253460168: HTTP 500 {"name":"NotInitializedError"}
⚠️ 50230465423: sin contenido relevante → no se envía mensaje.
⚠️ 50253065146: sin contenido relevante → no se envía mensaje.
📡 Enviando mensaje vía API local del bot...
❌ Error al enviar mensaje vía API local: HTTP 500 findChat: new chat not found 4110@c.us
❌ Error enviando a 50255284110: HTTP 500 findChat: new chat not found 4110@c.us
⚠️ 50254210055: sin contenido relevante → no se envía mensaje.
⚠️ 50255294247: sin contenido relevante → no se envía mensaje.
📡 Enviando mensaje vía API local del bot...
❌ Error al enviar mensaje vía API local: HTTP 500 findChat: new chat not found 0000@c.us
❌ Error enviando a 50237330000: HTTP 500 findChat: new chat not found 0000@c.us
📡 Enviando mensaje vía API local del bot...
❌ Error al enviar mensaje vía API local: HTTP 500 findChat: new chat not found 1953@c.us
❌ Error enviando a 50245491953: HTTP 500 findChat: new chat not found 1953@c.us
📡 Enviando mensaje vía API local del bot...
❌ Error al enviar mensaje vía API local: HTTP 500 findChat: new chat not found 6094@c.us
❌ Error enviando a 50257186094: HTTP 500 findChat: new chat not found 6094@c.us
⚠️ 50257171707: sin contenido relevante → no se envía mensaje.
📡 Enviando mensaje vía API local del bot...
❌ Error al enviar mensaje vía API local: HTTP 500 findChat: new chat not found 0326@c.us
❌ Error enviando a 50233610326: HTTP 500 findChat: new chat not found 0326@c.us
📡 Enviando mensaje vía API local del bot...
❌ Error al enviar mensaje vía API local: HTTP 500 findChat: new chat not found 6516@c.us
❌ Error enviando a 50259906516: HTTP 500 findChat: new chat not found 6516@c.us
⚠️ 50250190948: sin contenido relevante → no se envía mensaje.
📡 Enviando mensaje vía API local del bot...
❌ Error al enviar mensaje vía API local: HTTP 500 findChat: new chat not found 3749@c.us
❌ Error enviando a 50254263749: HTTP 500 findChat: new chat not found 3749@c.us
📡 Enviando mensaje vía API local del bot...
❌ Error al enviar mensaje vía API local: HTTP 500 findChat: new chat not found 8550@c.us
❌ Error enviando a 50249728550: HTTP 500 findChat: new chat not found 8550@c.us
📡 Enviando mensaje vía API local del bot...
❌ Error al enviar mensaje vía API local: HTTP 500 findChat: new chat not found 5779@c.us
❌ Error enviando a 50235245779: HTTP 500 findChat: new chat not found 5779@c.us
📡 Enviando mensaje vía API local del bot...
❌ Error al enviar mensaje vía API local: HTTP 500 findChat: new chat not found 2572@c.us
❌ Error enviando a 50246532572: HTTP 500 findChat: new chat not found 2572@c.us
⚠️ 50249313997: sin contenido relevante → no se envía mensaje.
📡 Enviando mensaje vía API local del bot...
❌ Error al enviar mensaje vía API local: HTTP 500 findChat: new chat not found 5876@c.us
❌ Error enviando a 50247685876: HTTP 500 findChat: new chat not found 5876@c.us
📡 Enviando mensaje vía API local del bot...
❌ Error al enviar mensaje vía API local: HTTP 500 findChat: new chat not found 2841@c.us
❌ Error enviando a 50246032841: HTTP 500 findChat: new chat not found 2841@c.us
📡 Enviando mensaje vía API local del bot...
❌ Error al enviar mensaje vía API local: HTTP 500 findChat: new chat not found 5677@c.us
❌ Error enviando a 50255585677: HTTP 500 findChat: new chat not found 5677@c.us
⚠️ 50253556299: sin contenido relevante → no se envía mensaje.
📡 Enviando mensaje vía API local del bot...
❌ Error al enviar mensaje vía API local: HTTP 500 findChat: new chat not found 8098@c.us
❌ Error enviando a 50254608098: HTTP 500 findChat: new chat not found 8098@c.us
📡 Enviando mensaje vía API local del bot...
❌ Error al enviar mensaje vía API local: HTTP 500 findChat: new chat not found 5651@c.us
❌ Error enviando a 50236405651: HTTP 500 findChat: new chat not found 5651@c.us
⚠️ 50258261871: sin contenido relevante → no se envía mensaje.
⚠️ 50237829024: sin contenido relevante → no se envía mensaje.
📡 Enviando mensaje vía API local del bot...
❌ Error al enviar mensaje vía API local: HTTP 500 findChat: new chat not found 3437@c.us
❌ Error enviando a 50247543437: HTTP 500 findChat: new chat not found 3437@c.us
📡 Enviando mensaje vía API local del bot...
❌ Error al enviar mensaje vía API local: HTTP 500 findChat: new chat not found 2769@c.us
❌ Error enviando a 50240292769: HTTP 500 findChat: new chat not found 2769@c.us
⚠️ 50258955269: sin contenido relevante → no se envía mensaje.
⚠️ 50258053297: sin contenido relevante → no se envía mensaje.
⚠️ 50255584478: sin contenido relevante → no se envía mensaje.
⚠️ 50244819697: sin contenido relevante → no se envía mensaje.
⚠️ 50230063598: sin contenido relevante → no se envía mensaje.
📡 Enviando mensaje vía API local del bot...
❌ Error al enviar mensaje vía API local: HTTP 500 findChat: new chat not found 6628@c.us
❌ Error enviando a 50253176628: HTTP 500 findChat: new chat not found 6628@c.us
📡 Enviando mensaje vía API local del bot...
❌ Error al enviar mensaje vía API local: HTTP 500 findChat: new chat not found 2912@c.us
❌ Error enviando a 50241262912: HTTP 500 findChat: new chat not found 2912@c.us
⚠️ 50256416965: sin contenido relevante → no se envía mensaje.
📡 Enviando mensaje vía API local del bot...
❌ Error al enviar mensaje vía API local: HTTP 500 findChat: new chat not found 6181@c.us
❌ Error enviando a 50247456181: HTTP 500 findChat: new chat not found 6181@c.us
📡 Enviando mensaje vía API local del bot...
❌ Error al enviar mensaje vía API local: HTTP 500 findChat: new chat not found 5600@c.us
❌ Error enviando a 50252715600: HTTP 500 findChat: new chat not found 5600@c.us
⚠️ 50238844123: sin contenido relevante → no se envía mensaje.
📡 Enviando mensaje vía API local del bot...
❌ Error al enviar mensaje vía API local: HTTP 500 findChat: new chat not found 6060@c.us
❌ Error enviando a 50252006060: HTTP 500 findChat: new chat not found 6060@c.us
📡 Enviando mensaje vía API local del bot...
❌ Error al enviar mensaje vía API local: HTTP 500 findChat: new chat not found 7797@c.us
❌ Error enviando a 50253127797: HTTP 500 findChat: new chat not found 7797@c.us
📡 Enviando mensaje vía API local del bot...
❌ Error al enviar mensaje vía API local: HTTP 500 findChat: new chat not found 5516@c.us
❌ Error enviando a 50232955516: HTTP 500 findChat: new chat not found 5516@c.us
⚠️ 50240101714: sin contenido relevante → no se envía mensaje.
📡 Enviando mensaje vía API local del bot...
❌ Error al enviar mensaje vía API local: HTTP 500 findChat: new chat not found 4421@c.us
❌ Error enviando a 50241494421: HTTP 500 findChat: new chat not found 4421@c.us
📡 Enviando mensaje vía API local del bot...
❌ Error al enviar mensaje vía API local: HTTP 500 findChat: new chat not found 7338@c.us
❌ Error enviando a 50253807338: HTTP 500 findChat: new chat not found 7338@c.us
📡 Enviando mensaje vía API local del bot...
❌ Error al enviar mensaje vía API local: HTTP 500 findChat: new chat not found 6300@c.us
❌ Error enviando a 50250166300: HTTP 500 findChat: new chat not found 6300@c.us
📡 Enviando mensaje vía API local del bot...
❌ Error al enviar mensaje vía API local: HTTP 500 findChat: new chat not found 3288@c.us
❌ Error enviando a 50232883288: HTTP 500 findChat: new chat not found 3288@c.us
📡 Enviando mensaje vía API local del bot...
❌ Error al enviar mensaje vía API local: HTTP 500 findChat: new chat not found 1825@c.us
❌ Error enviando a 50230131825: HTTP 500 findChat: new chat not found 1825@c.us
📡 Enviando mensaje vía API local del bot...
❌ Error al enviar mensaje vía API local: HTTP 500 findChat: new chat not found 9749@c.us
❌ Error enviando a 50255449749: HTTP 500 findChat: new chat not found 9749@c.us
📡 Enviando mensaje vía API local del bot...
❌ Error al enviar mensaje vía API local: HTTP 500 findChat: new chat not found 0850@c.us
❌ Error enviando a 50236680850: HTTP 500 findChat: new chat not found 0850@c.us
📡 Enviando mensaje vía API local del bot...
❌ Error al enviar mensaje vía API local: HTTP 500 findChat: new chat not found 5029@c.us
❌ Error enviando a 50256805029: HTTP 500 findChat: new chat not found 5029@c.us
⚠️ 50259108219: sin contenido relevante → no se envía mensaje.
📡 Enviando mensaje vía API local del bot...
❌ Error al enviar mensaje vía API local: HTTP 500 findChat: new chat not found 2992@c.us
❌ Error enviando a 50257582992: HTTP 500 findChat: new chat not found 2992@c.us
📡 Enviando mensaje vía API local del bot...
❌ Error al enviar mensaje vía API local: HTTP 500 findChat: new chat not found 1047@c.us
❌ Error enviando a 50230281047: HTTP 500 findChat: new chat not found 1047@c.us
📡 Enviando mensaje vía API local del bot...
❌ Error al enviar mensaje vía API local: HTTP 500 findChat: new chat not found 1231@c.us
❌ Error enviando a 50233291231: HTTP 500 findChat: new chat not found 1231@c.us
⚠️ 50250542584: sin contenido relevante → no se envía mensaje.
📡 Enviando mensaje vía API local del bot...
❌ Error al enviar mensaje vía API local: HTTP 500 findChat: new chat not found 2862@c.us
❌ Error enviando a 50230782862: HTTP 500 findChat: new chat not found 2862@c.us
⚠️ 50236076447: sin contenido relevante → no se envía mensaje.
📡 Enviando mensaje vía API local del bot...
❌ Error al enviar mensaje vía API local: HTTP 500 findChat: new chat not found 4284@c.us
❌ Error enviando a 50236764284: HTTP 500 findChat: new chat not found 4284@c.us
📡 Enviando mensaje vía API local del bot...
❌ Error al enviar mensaje vía API local: HTTP 500 findChat: new chat not found 1853@c.us
❌ Error enviando a 50235151853: HTTP 500 findChat: new chat not found 1853@c.us
📡 Enviando mensaje vía API local del bot...
❌ Error al enviar mensaje vía API local: HTTP 500 findChat: new chat not found 2345@c.us
❌ Error enviando a 50230082345: HTTP 500 findChat: new chat not found 2345@c.us
📡 Enviando mensaje vía API local del bot...
❌ Error al enviar mensaje vía API local: HTTP 500 findChat: new chat not found 1188@c.us
❌ Error enviando a 50256371188: HTTP 500 findChat: new chat not found 1188@c.us
📡 Enviando mensaje vía API local del bot...
❌ Error al enviar mensaje vía API local: HTTP 500 findChat: new chat not found 3113@c.us
❌ Error enviando a 50230083113: HTTP 500 findChat: new chat not found 3113@c.us
📡 Enviando mensaje vía API local del bot...
❌ Error al enviar mensaje vía API local: HTTP 500 findChat: new chat not found 6417@c.us
❌ Error enviando a 50255376417: HTTP 500 findChat: new chat not found 6417@c.us
📡 Enviando mensaje vía API local del bot...
❌ Error al enviar mensaje vía API local: HTTP 500 findChat: new chat not found 5235@c.us
❌ Error enviando a 50237655235: HTTP 500 findChat: new chat not found 5235@c.us
📡 Enviando mensaje vía API local del bot...
❌ Error al enviar mensaje vía API local: HTTP 500 findChat: new chat not found 1508@c.us
❌ Error enviando a 50242221508: HTTP 500 findChat: new chat not found 1508@c.us
⚠️ 50246854703: sin contenido relevante → no se envía mensaje.
⚠️ 50256521588: sin contenido relevante → no se envía mensaje.
⚠️ 50687637085: sin contenido relevante → no se envía mensaje.
📡 Enviando mensaje vía API local del bot...
❌ Error al enviar mensaje vía API local: HTTP 500 findChat: new chat not found 6795@c.us
❌ Error enviando a 50240686795: HTTP 500 findChat: new chat not found 6795@c.us
📡 Enviando mensaje vía API local del bot...
❌ Error al enviar mensaje vía API local: HTTP 500 findChat: new chat not found 0287@c.us
❌ Error enviando a 50255130287: HTTP 500 findChat: new chat not found 0287@c.us
📡 Enviando mensaje vía API local del bot...
❌ Error al enviar mensaje vía API local: HTTP 500 findChat: new chat not found 0616@c.us
❌ Error enviando a 50259450616: HTTP 500 findChat: new chat not found 0616@c.us
⚠️ 50255541565: sin contenido relevante → no se envía mensaje.
📡 Enviando mensaje vía API local del bot...
❌ Error al enviar mensaje vía API local: HTTP 500 findChat: new chat not found 9297@c.us
❌ Error enviando a 50258349297: HTTP 500 findChat: new chat not found 9297@c.us
📡 Enviando mensaje vía API local del bot...
❌ Error al enviar mensaje vía API local: HTTP 500 findChat: new chat not found 9331@c.us
❌ Error enviando a 50249529331: HTTP 500 findChat: new chat not found 9331@c.us
⚠️ 50241139319: sin contenido relevante → no se envía mensaje.
📡 Enviando mensaje vía API local del bot...
❌ Error al enviar mensaje vía API local: HTTP 500 findChat: new chat not found 4268@c.us
❌ Error enviando a 50257184268: HTTP 500 findChat: new chat not found 4268@c.us
📡 Enviando mensaje vía API local del bot...
❌ Error al enviar mensaje vía API local: HTTP 500 findChat: new chat not found 0831@c.us
❌ Error enviando a 50242110831: HTTP 500 findChat: new chat not found 0831@c.us
📡 Enviando mensaje vía API local del bot...
❌ Error al enviar mensaje vía API local: HTTP 500 findChat: new chat not found 6473@c.us
❌ Error enviando a 50230086473: HTTP 500 findChat: new chat not found 6473@c.us
📡 Enviando mensaje vía API local del bot...
❌ Error al enviar mensaje vía API local: HTTP 500 findChat: new chat not found 2170@c.us
❌ Error enviando a 50255262170: HTTP 500 findChat: new chat not found 2170@c.us
📡 Enviando mensaje vía API local del bot...
❌ Error al enviar mensaje vía API local: HTTP 500 findChat: new chat not found 8130@c.us
❌ Error enviando a 50258748130: HTTP 500 findChat: new chat not found 8130@c.us
⚠️ 50242968481: sin contenido relevante → no se envía mensaje.
📡 Enviando mensaje vía API local del bot...
❌ Error al enviar mensaje vía API local: HTTP 500 findChat: new chat not found 3665@c.us
❌ Error enviando a 50241143665: HTTP 500 findChat: new chat not found 3665@c.us
📡 Enviando mensaje vía API local del bot...
❌ Error al enviar mensaje vía API local: HTTP 500 findChat: new chat not found 5152@c.us
❌ Error enviando a 50252025152: HTTP 500 findChat: new chat not found 5152@c.us
📡 Enviando mensaje vía API local del bot...
❌ Error al enviar mensaje vía API local: HTTP 500 findChat: new chat not found 8591@c.us
❌ Error enviando a 50240858591: HTTP 500 findChat: new chat not found 8591@c.us
📡 Enviando mensaje vía API local del bot...
❌ Error al enviar mensaje vía API local: HTTP 500 findChat: new chat not found 4879@c.us
❌ Error enviando a 50236134879: HTTP 500 findChat: new chat not found 4879@c.us
📡 Enviando mensaje vía API local del bot...
❌ Error al enviar mensaje vía API local: HTTP 500 findChat: new chat not found 4879@c.us
❌ Error enviando a 50236134879: HTTP 500 findChat: new chat not found 4879@c.us
📡 Enviando mensaje vía API local del bot...
❌ Error al enviar mensaje vía API local: HTTP 500 findChat: new chat not found 3476@c.us
❌ Error enviando a 50258253476: HTTP 500 findChat: new chat not found 3476@c.us
📡 Enviando mensaje vía API local del bot...
❌ Error al enviar mensaje vía API local: HTTP 500 findChat: new chat not found 8294@c.us
❌ Error enviando a 50241288294: HTTP 500 findChat: new chat not found 8294@c.us
📡 Enviando mensaje vía API local del bot...
❌ Error al enviar mensaje vía API local: HTTP 500 findChat: new chat not found 4297@c.us
❌ Error enviando a 50235954297: HTTP 500 findChat: new chat not found 4297@c.us
⚠️ 50230718631: sin contenido relevante → no se envía mensaje.
⚠️ 50254140866: sin contenido relevante → no se envía mensaje.
📡 Enviando mensaje vía API local del bot...
❌ Error al enviar mensaje vía API local: HTTP 500 findChat: new chat not found 5724@c.us
❌ Error enviando a 50247695724: HTTP 500 findChat: new chat not found 5724@c.us
📡 Enviando mensaje vía API local del bot...
❌ Error al enviar mensaje vía API local: HTTP 500 findChat: new chat not found 9247@c.us
⚠️ No se pudo enviar resumen al admin: HTTP 500 findChat: new chat not found 9247@c.us
🟢 Finalizado y DB cerrada.
[dotenv@17.2.3] injecting env (10) from ../.env -- tip: 📡 add observability to secrets: https://dotenvx.com/ops
[dotenv@17.2.3] injecting env (0) from .env -- tip: ⚙️  load multiple .env files with { path: ['.env.local', '.env'] }
[dotenv@17.2.3] injecting env (0) from .env -- tip: 🛠️  run anywhere with `dotenvx run -- yourcommand`
🗓️ Iniciando envío semanal consolidado...

🗂️ Temas esta semana: [ 'movilidad', 'ambiente', 'acceso a la información', 'congreso' ]
📡 Enviando mensaje vía API local del bot...
❌ Error al enviar mensaje vía API local: HTTP 500 WPP is not defined
❌ Error enviando a 50255629247: HTTP 500 WPP is not defined
📡 Enviando mensaje vía API local del bot...
❌ Error al enviar mensaje vía API local: HTTP 500 Cannot read properties of undefined (reading 'm')
❌ Error enviando a 50254747827: HTTP 500 Cannot read properties of undefined (reading 'm')
📡 Enviando mensaje vía API local del bot...
❌ Error al enviar mensaje vía API local: HTTP 500 Cannot read properties of undefined (reading 'm')
❌ Error enviando a 50254827902: HTTP 500 Cannot read properties of undefined (reading 'm')
📡 Enviando mensaje vía API local del bot...
❌ Error al enviar mensaje vía API local: HTTP 500 Cannot read properties of undefined (reading 'm')
❌ Error enviando a 50257049220: HTTP 500 Cannot read properties of undefined (reading 'm')
📡 Enviando mensaje vía API local del bot...
❌ Error al enviar mensaje vía API local: HTTP 500 Cannot read properties of undefined (reading 'm')
❌ Error enviando a 50230080060: HTTP 500 Cannot read properties of undefined (reading 'm')
📡 Enviando mensaje vía API local del bot...
❌ Error al enviar mensaje vía API local: HTTP 500 Cannot read properties of undefined (reading 'm')
❌ Error enviando a 50247858363: HTTP 500 Cannot read properties of undefined (reading 'm')
📡 Enviando mensaje vía API local del bot...
❌ Error al enviar mensaje vía API local: HTTP 500 Cannot read properties of undefined (reading 'm')
❌ Error enviando a 50232050537: HTTP 500 Cannot read properties of undefined (reading 'm')
📡 Enviando mensaje vía API local del bot...
❌ Error al enviar mensaje vía API local: HTTP 500 findChat: new chat not found 0168@c.us
❌ Error enviando a 50253460168: HTTP 500 findChat: new chat not found 0168@c.us
⚠️ 50230465423: sin contenido → no se envía.
📡 Enviando mensaje vía API local del bot...
❌ Error al enviar mensaje vía API local: HTTP 500 findChat: new chat not found 5146@c.us
❌ Error enviando a 50253065146: HTTP 500 findChat: new chat not found 5146@c.us
📡 Enviando mensaje vía API local del bot...
❌ Error al enviar mensaje vía API local: HTTP 500 Execution context was destroyed, most likely because of a navigation.
❌ Error enviando a 50255284110: HTTP 500 Execution context was destroyed, most likely because of a navigation.
📡 Enviando mensaje vía API local del bot...
❌ Error al enviar mensaje vía API local: HTTP 500 WPP is not defined
❌ Error enviando a 50254210055: HTTP 500 WPP is not defined
📡 Enviando mensaje vía API local del bot...
❌ Error al enviar mensaje vía API local: HTTP 500 WPP is not defined
❌ Error enviando a 50255294247: HTTP 500 WPP is not defined
📡 Enviando mensaje vía API local del bot...
❌ Error al enviar mensaje vía API local: HTTP 500 WPP is not defined
❌ Error enviando a 50237330000: HTTP 500 WPP is not defined
📡 Enviando mensaje vía API local del bot...
❌ Error al enviar mensaje vía API local: HTTP 500 WPP is not defined
❌ Error enviando a 50245491953: HTTP 500 WPP is not defined
📡 Enviando mensaje vía API local del bot...
❌ Error al enviar mensaje vía API local: HTTP 500 Cannot read properties of undefined (reading 'm')
❌ Error enviando a 50257186094: HTTP 500 Cannot read properties of undefined (reading 'm')
📡 Enviando mensaje vía API local del bot...
❌ Error al enviar mensaje vía API local: HTTP 500 Cannot read properties of undefined (reading 'm')
❌ Error enviando a 50257171707: HTTP 500 Cannot read properties of undefined (reading 'm')
📡 Enviando mensaje vía API local del bot...
❌ Error al enviar mensaje vía API local: HTTP 500 findChat: new chat not found 0326@c.us
❌ Error enviando a 50233610326: HTTP 500 findChat: new chat not found 0326@c.us
📡 Enviando mensaje vía API local del bot...
❌ Error al enviar mensaje vía API local: HTTP 500 findChat: new chat not found 6516@c.us
❌ Error enviando a 50259906516: HTTP 500 findChat: new chat not found 6516@c.us
📡 Enviando mensaje vía API local del bot...
❌ Error al enviar mensaje vía API local: HTTP 500 findChat: new chat not found 0948@c.us
❌ Error enviando a 50250190948: HTTP 500 findChat: new chat not found 0948@c.us
📡 Enviando mensaje vía API local del bot...
❌ Error al enviar mensaje vía API local: HTTP 500 findChat: new chat not found 3749@c.us
❌ Error enviando a 50254263749: HTTP 500 findChat: new chat not found 3749@c.us
📡 Enviando mensaje vía API local del bot...
❌ Error al enviar mensaje vía API local: HTTP 500 findChat: new chat not found 8550@c.us
❌ Error enviando a 50249728550: HTTP 500 findChat: new chat not found 8550@c.us
📡 Enviando mensaje vía API local del bot...
❌ Error al enviar mensaje vía API local: HTTP 500 findChat: new chat not found 5779@c.us
❌ Error enviando a 50235245779: HTTP 500 findChat: new chat not found 5779@c.us
📡 Enviando mensaje vía API local del bot...
❌ Error al enviar mensaje vía API local: HTTP 500 findChat: new chat not found 2572@c.us
❌ Error enviando a 50246532572: HTTP 500 findChat: new chat not found 2572@c.us
📡 Enviando mensaje vía API local del bot...
❌ Error al enviar mensaje vía API local: HTTP 500 findChat: new chat not found 3997@c.us
❌ Error enviando a 50249313997: HTTP 500 findChat: new chat not found 3997@c.us
📡 Enviando mensaje vía API local del bot...
❌ Error al enviar mensaje vía API local: HTTP 500 findChat: new chat not found 5876@c.us
❌ Error enviando a 50247685876: HTTP 500 findChat: new chat not found 5876@c.us
📡 Enviando mensaje vía API local del bot...
❌ Error al enviar mensaje vía API local: HTTP 500 findChat: new chat not found 2841@c.us
❌ Error enviando a 50246032841: HTTP 500 findChat: new chat not found 2841@c.us
📡 Enviando mensaje vía API local del bot...
❌ Error al enviar mensaje vía API local: HTTP 500 findChat: new chat not found 5677@c.us
❌ Error enviando a 50255585677: HTTP 500 findChat: new chat not found 5677@c.us
📡 Enviando mensaje vía API local del bot...
❌ Error al enviar mensaje vía API local: HTTP 500 findChat: new chat not found 6299@c.us
❌ Error enviando a 50253556299: HTTP 500 findChat: new chat not found 6299@c.us
📡 Enviando mensaje vía API local del bot...
❌ Error al enviar mensaje vía API local: HTTP 500 findChat: new chat not found 8098@c.us
❌ Error enviando a 50254608098: HTTP 500 findChat: new chat not found 8098@c.us
📡 Enviando mensaje vía API local del bot...
❌ Error al enviar mensaje vía API local: HTTP 500 findChat: new chat not found 5651@c.us
❌ Error enviando a 50236405651: HTTP 500 findChat: new chat not found 5651@c.us
📡 Enviando mensaje vía API local del bot...
❌ Error al enviar mensaje vía API local: HTTP 500 findChat: new chat not found 1871@c.us
❌ Error enviando a 50258261871: HTTP 500 findChat: new chat not found 1871@c.us
📡 Enviando mensaje vía API local del bot...
❌ Error al enviar mensaje vía API local: HTTP 500 findChat: new chat not found 9024@c.us
❌ Error enviando a 50237829024: HTTP 500 findChat: new chat not found 9024@c.us
📡 Enviando mensaje vía API local del bot...
❌ Error al enviar mensaje vía API local: HTTP 500 findChat: new chat not found 3437@c.us
❌ Error enviando a 50247543437: HTTP 500 findChat: new chat not found 3437@c.us
📡 Enviando mensaje vía API local del bot...
❌ Error al enviar mensaje vía API local: HTTP 500 findChat: new chat not found 2769@c.us
❌ Error enviando a 50240292769: HTTP 500 findChat: new chat not found 2769@c.us
📡 Enviando mensaje vía API local del bot...
❌ Error al enviar mensaje vía API local: HTTP 500 findChat: new chat not found 5269@c.us
❌ Error enviando a 50258955269: HTTP 500 findChat: new chat not found 5269@c.us
📡 Enviando mensaje vía API local del bot...
❌ Error al enviar mensaje vía API local: HTTP 500 findChat: new chat not found 3297@c.us
❌ Error enviando a 50258053297: HTTP 500 findChat: new chat not found 3297@c.us
📡 Enviando mensaje vía API local del bot...
❌ Error al enviar mensaje vía API local: HTTP 500 findChat: new chat not found 4478@c.us
❌ Error enviando a 50255584478: HTTP 500 findChat: new chat not found 4478@c.us
📡 Enviando mensaje vía API local del bot...
❌ Error al enviar mensaje vía API local: HTTP 500 findChat: new chat not found 9697@c.us
❌ Error enviando a 50244819697: HTTP 500 findChat: new chat not found 9697@c.us
📡 Enviando mensaje vía API local del bot...
❌ Error al enviar mensaje vía API local: HTTP 500 findChat: new chat not found 3598@c.us
❌ Error enviando a 50230063598: HTTP 500 findChat: new chat not found 3598@c.us
📡 Enviando mensaje vía API local del bot...
❌ Error al enviar mensaje vía API local: HTTP 500 findChat: new chat not found 6628@c.us
❌ Error enviando a 50253176628: HTTP 500 findChat: new chat not found 6628@c.us
📡 Enviando mensaje vía API local del bot...
❌ Error al enviar mensaje vía API local: HTTP 500 findChat: new chat not found 2912@c.us
❌ Error enviando a 50241262912: HTTP 500 findChat: new chat not found 2912@c.us
📡 Enviando mensaje vía API local del bot...
❌ Error al enviar mensaje vía API local: HTTP 500 findChat: new chat not found 6965@c.us
❌ Error enviando a 50256416965: HTTP 500 findChat: new chat not found 6965@c.us
📡 Enviando mensaje vía API local del bot...
❌ Error al enviar mensaje vía API local: HTTP 500 findChat: new chat not found 6181@c.us
❌ Error enviando a 50247456181: HTTP 500 findChat: new chat not found 6181@c.us
📡 Enviando mensaje vía API local del bot...
❌ Error al enviar mensaje vía API local: HTTP 500 findChat: new chat not found 5600@c.us
❌ Error enviando a 50252715600: HTTP 500 findChat: new chat not found 5600@c.us
📡 Enviando mensaje vía API local del bot...
❌ Error al enviar mensaje vía API local: HTTP 500 findChat: new chat not found 4123@c.us
❌ Error enviando a 50238844123: HTTP 500 findChat: new chat not found 4123@c.us
📡 Enviando mensaje vía API local del bot...
❌ Error al enviar mensaje vía API local: HTTP 500 findChat: new chat not found 6060@c.us
❌ Error enviando a 50252006060: HTTP 500 findChat: new chat not found 6060@c.us
📡 Enviando mensaje vía API local del bot...
❌ Error al enviar mensaje vía API local: HTTP 500 findChat: new chat not found 7797@c.us
❌ Error enviando a 50253127797: HTTP 500 findChat: new chat not found 7797@c.us
📡 Enviando mensaje vía API local del bot...
❌ Error al enviar mensaje vía API local: HTTP 500 findChat: new chat not found 5516@c.us
❌ Error enviando a 50232955516: HTTP 500 findChat: new chat not found 5516@c.us
📡 Enviando mensaje vía API local del bot...
❌ Error al enviar mensaje vía API local: HTTP 500 findChat: new chat not found 1714@c.us
❌ Error enviando a 50240101714: HTTP 500 findChat: new chat not found 1714@c.us
📡 Enviando mensaje vía API local del bot...
❌ Error al enviar mensaje vía API local: HTTP 500 findChat: new chat not found 4421@c.us
❌ Error enviando a 50241494421: HTTP 500 findChat: new chat not found 4421@c.us
📡 Enviando mensaje vía API local del bot...
❌ Error al enviar mensaje vía API local: HTTP 500 findChat: new chat not found 7338@c.us
❌ Error enviando a 50253807338: HTTP 500 findChat: new chat not found 7338@c.us
📡 Enviando mensaje vía API local del bot...
❌ Error al enviar mensaje vía API local: HTTP 500 findChat: new chat not found 6300@c.us
❌ Error enviando a 50250166300: HTTP 500 findChat: new chat not found 6300@c.us
📡 Enviando mensaje vía API local del bot...
❌ Error al enviar mensaje vía API local: HTTP 500 findChat: new chat not found 3288@c.us
❌ Error enviando a 50232883288: HTTP 500 findChat: new chat not found 3288@c.us
📡 Enviando mensaje vía API local del bot...
❌ Error al enviar mensaje vía API local: HTTP 500 findChat: new chat not found 1825@c.us
❌ Error enviando a 50230131825: HTTP 500 findChat: new chat not found 1825@c.us
📡 Enviando mensaje vía API local del bot...
❌ Error al enviar mensaje vía API local: HTTP 500 findChat: new chat not found 9749@c.us
❌ Error enviando a 50255449749: HTTP 500 findChat: new chat not found 9749@c.us
📡 Enviando mensaje vía API local del bot...
❌ Error al enviar mensaje vía API local: HTTP 500 findChat: new chat not found 0850@c.us
❌ Error enviando a 50236680850: HTTP 500 findChat: new chat not found 0850@c.us
📡 Enviando mensaje vía API local del bot...
❌ Error al enviar mensaje vía API local: HTTP 500 findChat: new chat not found 5029@c.us
❌ Error enviando a 50256805029: HTTP 500 findChat: new chat not found 5029@c.us
📡 Enviando mensaje vía API local del bot...
❌ Error al enviar mensaje vía API local: HTTP 500 findChat: new chat not found 8219@c.us
❌ Error enviando a 50259108219: HTTP 500 findChat: new chat not found 8219@c.us
📡 Enviando mensaje vía API local del bot...
❌ Error al enviar mensaje vía API local: HTTP 500 findChat: new chat not found 2992@c.us
❌ Error enviando a 50257582992: HTTP 500 findChat: new chat not found 2992@c.us
📡 Enviando mensaje vía API local del bot...
❌ Error al enviar mensaje vía API local: HTTP 500 findChat: new chat not found 1047@c.us
❌ Error enviando a 50230281047: HTTP 500 findChat: new chat not found 1047@c.us
📡 Enviando mensaje vía API local del bot...
❌ Error al enviar mensaje vía API local: HTTP 500 findChat: new chat not found 1231@c.us
❌ Error enviando a 50233291231: HTTP 500 findChat: new chat not found 1231@c.us
📡 Enviando mensaje vía API local del bot...
❌ Error al enviar mensaje vía API local: HTTP 500 findChat: new chat not found 2584@c.us
❌ Error enviando a 50250542584: HTTP 500 findChat: new chat not found 2584@c.us
📡 Enviando mensaje vía API local del bot...
❌ Error al enviar mensaje vía API local: HTTP 500 findChat: new chat not found 2862@c.us
❌ Error enviando a 50230782862: HTTP 500 findChat: new chat not found 2862@c.us
📡 Enviando mensaje vía API local del bot...
❌ Error al enviar mensaje vía API local: HTTP 500 findChat: new chat not found 6447@c.us
❌ Error enviando a 50236076447: HTTP 500 findChat: new chat not found 6447@c.us
📡 Enviando mensaje vía API local del bot...
❌ Error al enviar mensaje vía API local: HTTP 500 findChat: new chat not found 4284@c.us
❌ Error enviando a 50236764284: HTTP 500 findChat: new chat not found 4284@c.us
📡 Enviando mensaje vía API local del bot...
❌ Error al enviar mensaje vía API local: HTTP 500 findChat: new chat not found 1853@c.us
❌ Error enviando a 50235151853: HTTP 500 findChat: new chat not found 1853@c.us
📡 Enviando mensaje vía API local del bot...
❌ Error al enviar mensaje vía API local: HTTP 500 findChat: new chat not found 2345@c.us
❌ Error enviando a 50230082345: HTTP 500 findChat: new chat not found 2345@c.us
📡 Enviando mensaje vía API local del bot...
❌ Error al enviar mensaje vía API local: HTTP 500 findChat: new chat not found 1188@c.us
❌ Error enviando a 50256371188: HTTP 500 findChat: new chat not found 1188@c.us
📡 Enviando mensaje vía API local del bot...
❌ Error al enviar mensaje vía API local: HTTP 500 findChat: new chat not found 3113@c.us
❌ Error enviando a 50230083113: HTTP 500 findChat: new chat not found 3113@c.us
📡 Enviando mensaje vía API local del bot...
❌ Error al enviar mensaje vía API local: HTTP 500 findChat: new chat not found 6417@c.us
❌ Error enviando a 50255376417: HTTP 500 findChat: new chat not found 6417@c.us
📡 Enviando mensaje vía API local del bot...
❌ Error al enviar mensaje vía API local: HTTP 500 findChat: new chat not found 5235@c.us
❌ Error enviando a 50237655235: HTTP 500 findChat: new chat not found 5235@c.us
📡 Enviando mensaje vía API local del bot...
❌ Error al enviar mensaje vía API local: HTTP 500 findChat: new chat not found 1508@c.us
❌ Error enviando a 50242221508: HTTP 500 findChat: new chat not found 1508@c.us
📡 Enviando mensaje vía API local del bot...
❌ Error al enviar mensaje vía API local: HTTP 500 findChat: new chat not found 4703@c.us
❌ Error enviando a 50246854703: HTTP 500 findChat: new chat not found 4703@c.us
📡 Enviando mensaje vía API local del bot...
❌ Error al enviar mensaje vía API local: HTTP 500 findChat: new chat not found 1588@c.us
❌ Error enviando a 50256521588: HTTP 500 findChat: new chat not found 1588@c.us
📡 Enviando mensaje vía API local del bot...
❌ Error al enviar mensaje vía API local: HTTP 500 findChat: new chat not found 7085@c.us
❌ Error enviando a 50687637085: HTTP 500 findChat: new chat not found 7085@c.us
📡 Enviando mensaje vía API local del bot...
❌ Error al enviar mensaje vía API local: HTTP 500 findChat: new chat not found 6795@c.us
❌ Error enviando a 50240686795: HTTP 500 findChat: new chat not found 6795@c.us
📡 Enviando mensaje vía API local del bot...
❌ Error al enviar mensaje vía API local: HTTP 500 findChat: new chat not found 0287@c.us
❌ Error enviando a 50255130287: HTTP 500 findChat: new chat not found 0287@c.us
📡 Enviando mensaje vía API local del bot...
❌ Error al enviar mensaje vía API local: HTTP 500 findChat: new chat not found 0616@c.us
❌ Error enviando a 50259450616: HTTP 500 findChat: new chat not found 0616@c.us
📡 Enviando mensaje vía API local del bot...
❌ Error al enviar mensaje vía API local: HTTP 500 findChat: new chat not found 1565@c.us
❌ Error enviando a 50255541565: HTTP 500 findChat: new chat not found 1565@c.us
📡 Enviando mensaje vía API local del bot...
❌ Error al enviar mensaje vía API local: HTTP 500 findChat: new chat not found 9297@c.us
❌ Error enviando a 50258349297: HTTP 500 findChat: new chat not found 9297@c.us
📡 Enviando mensaje vía API local del bot...
❌ Error al enviar mensaje vía API local: HTTP 500 findChat: new chat not found 9331@c.us
❌ Error enviando a 50249529331: HTTP 500 findChat: new chat not found 9331@c.us
📡 Enviando mensaje vía API local del bot...
❌ Error al enviar mensaje vía API local: HTTP 500 findChat: new chat not found 9319@c.us
❌ Error enviando a 50241139319: HTTP 500 findChat: new chat not found 9319@c.us
📡 Enviando mensaje vía API local del bot...
❌ Error al enviar mensaje vía API local: HTTP 500 findChat: new chat not found 4268@c.us
❌ Error enviando a 50257184268: HTTP 500 findChat: new chat not found 4268@c.us
📡 Enviando mensaje vía API local del bot...
❌ Error al enviar mensaje vía API local: HTTP 500 findChat: new chat not found 0831@c.us
❌ Error enviando a 50242110831: HTTP 500 findChat: new chat not found 0831@c.us
📡 Enviando mensaje vía API local del bot...
❌ Error al enviar mensaje vía API local: HTTP 500 findChat: new chat not found 6473@c.us
❌ Error enviando a 50230086473: HTTP 500 findChat: new chat not found 6473@c.us
📡 Enviando mensaje vía API local del bot...
❌ Error al enviar mensaje vía API local: HTTP 500 findChat: new chat not found 2170@c.us
❌ Error enviando a 50255262170: HTTP 500 findChat: new chat not found 2170@c.us
📡 Enviando mensaje vía API local del bot...
❌ Error al enviar mensaje vía API local: HTTP 500 findChat: new chat not found 8130@c.us
❌ Error enviando a 50258748130: HTTP 500 findChat: new chat not found 8130@c.us
📡 Enviando mensaje vía API local del bot...
❌ Error al enviar mensaje vía API local: HTTP 500 findChat: new chat not found 8481@c.us
❌ Error enviando a 50242968481: HTTP 500 findChat: new chat not found 8481@c.us
📡 Enviando mensaje vía API local del bot...
❌ Error al enviar mensaje vía API local: HTTP 500 findChat: new chat not found 3665@c.us
❌ Error enviando a 50241143665: HTTP 500 findChat: new chat not found 3665@c.us
📡 Enviando mensaje vía API local del bot...
❌ Error al enviar mensaje vía API local: HTTP 500 findChat: new chat not found 5152@c.us
❌ Error enviando a 50252025152: HTTP 500 findChat: new chat not found 5152@c.us
📡 Enviando mensaje vía API local del bot...
❌ Error al enviar mensaje vía API local: HTTP 500 findChat: new chat not found 8591@c.us
❌ Error enviando a 50240858591: HTTP 500 findChat: new chat not found 8591@c.us
📡 Enviando mensaje vía API local del bot...
❌ Error al enviar mensaje vía API local: HTTP 500 findChat: new chat not found 4879@c.us
❌ Error enviando a 50236134879: HTTP 500 findChat: new chat not found 4879@c.us
📡 Enviando mensaje vía API local del bot...
❌ Error al enviar mensaje vía API local: HTTP 500 findChat: new chat not found 4879@c.us
❌ Error enviando a 50236134879: HTTP 500 findChat: new chat not found 4879@c.us
📡 Enviando mensaje vía API local del bot...
❌ Error al enviar mensaje vía API local: HTTP 500 findChat: new chat not found 3476@c.us
❌ Error enviando a 50258253476: HTTP 500 findChat: new chat not found 3476@c.us
📡 Enviando mensaje vía API local del bot...
❌ Error al enviar mensaje vía API local: HTTP 500 findChat: new chat not found 8294@c.us
❌ Error enviando a 50241288294: HTTP 500 findChat: new chat not found 8294@c.us
📡 Enviando mensaje vía API local del bot...
❌ Error al enviar mensaje vía API local: HTTP 500 findChat: new chat not found 4297@c.us
❌ Error enviando a 50235954297: HTTP 500 findChat: new chat not found 4297@c.us
📡 Enviando mensaje vía API local del bot...
❌ Error al enviar mensaje vía API local: HTTP 500 findChat: new chat not found 8631@c.us
❌ Error enviando a 50230718631: HTTP 500 findChat: new chat not found 8631@c.us
📡 Enviando mensaje vía API local del bot...
❌ Error al enviar mensaje vía API local: HTTP 500 findChat: new chat not found 0866@c.us
❌ Error enviando a 50254140866: HTTP 500 findChat: new chat not found 0866@c.us
📡 Enviando mensaje vía API local del bot...
❌ Error al enviar mensaje vía API local: HTTP 500 findChat: new chat not found 5724@c.us
❌ Error enviando a 50247695724: HTTP 500 findChat: new chat not found 5724@c.us
📡 Enviando mensaje vía API local del bot...
❌ Error al enviar mensaje vía API local: HTTP 500 findChat: new chat not found 9247@c.us
⚠️ No se pudo enviar resumen al admin: HTTP 500 findChat: new chat not found 9247@c.us

🟢 Finalizado.
[dotenv@17.2.3] injecting env (10) from ../.env -- tip: 🔐 encrypt with Dotenvx: https://dotenvx.com
[dotenv@17.2.3] injecting env (0) from .env -- tip: ⚙️  load multiple .env files with { path: ['.env.local', '.env'] }
[dotenv@17.2.3] injecting env (0) from ../.env -- tip: 🔑 add access controls to secrets: https://dotenvx.com/ops
[dotenv@17.2.3] injecting env (0) from .env -- tip: ⚙️  suppress all logs with { quiet: true }
🕓 Iniciando envío automático de noticias diarias...

🗂️ Departamentos con notas hoy: [ 'Noticias', 'Portada', 'Ambiente', 'Guatemala' ]
📊 OjoAlDato cargado: {
  fecha: '30/3/2026',
  departamento: 'Sololá',
  texto: 'San Antonio Palopó, Sololá, contrató la limpieza de la maleza y algas que están en las orillas del lago de Atitlán, entre Tzancaley y Paraqan Nimaya. Los trabajos estarán a cargo de ArtecFer, la cual cobrará Q90,000.'
}
👥 Suscriptores activos: 101
⚠️ 50432745042: sin contenido relevante → no se envía mensaje.
📡 Enviando mensaje vía API local del bot...
❌ Error al enviar mensaje vía API local: HTTP 500 findChat: new chat not found 9247@c.us
❌ Error enviando a 50255629247: HTTP 500 findChat: new chat not found 9247@c.us
⚠️ 50254747827: sin contenido relevante → no se envía mensaje.
⚠️ 50254827902: sin contenido relevante → no se envía mensaje.
📡 Enviando mensaje vía API local del bot...
❌ Error al enviar mensaje vía API local: HTTP 500 findChat: new chat not found 9220@c.us
❌ Error enviando a 50257049220: HTTP 500 findChat: new chat not found 9220@c.us
⚠️ 50230080060: sin contenido relevante → no se envía mensaje.
⚠️ 50247858363: sin contenido relevante → no se envía mensaje.
⚠️ 50232050537: sin contenido relevante → no se envía mensaje.
📡 Enviando mensaje vía API local del bot...
❌ Error al enviar mensaje vía API local: HTTP 500 findChat: new chat not found 0168@c.us
❌ Error enviando a 50253460168: HTTP 500 findChat: new chat not found 0168@c.us
⚠️ 50230465423: sin contenido relevante → no se envía mensaje.
⚠️ 50253065146: sin contenido relevante → no se envía mensaje.
📡 Enviando mensaje vía API local del bot...
❌ Error al enviar mensaje vía API local: HTTP 500 findChat: new chat not found 4110@c.us
❌ Error enviando a 50255284110: HTTP 500 findChat: new chat not found 4110@c.us
⚠️ 50254210055: sin contenido relevante → no se envía mensaje.
⚠️ 50255294247: sin contenido relevante → no se envía mensaje.
📡 Enviando mensaje vía API local del bot...
❌ Error al enviar mensaje vía API local: HTTP 500 findChat: new chat not found 0000@c.us
❌ Error enviando a 50237330000: HTTP 500 findChat: new chat not found 0000@c.us
📡 Enviando mensaje vía API local del bot...
❌ Error al enviar mensaje vía API local: HTTP 500 findChat: new chat not found 1953@c.us
❌ Error enviando a 50245491953: HTTP 500 findChat: new chat not found 1953@c.us
📡 Enviando mensaje vía API local del bot...
❌ Error al enviar mensaje vía API local: HTTP 500 findChat: new chat not found 6094@c.us
❌ Error enviando a 50257186094: HTTP 500 findChat: new chat not found 6094@c.us
⚠️ 50257171707: sin contenido relevante → no se envía mensaje.
📡 Enviando mensaje vía API local del bot...
❌ Error al enviar mensaje vía API local: HTTP 500 findChat: new chat not found 0326@c.us
❌ Error enviando a 50233610326: HTTP 500 findChat: new chat not found 0326@c.us
📡 Enviando mensaje vía API local del bot...
❌ Error al enviar mensaje vía API local: HTTP 500 findChat: new chat not found 6516@c.us
❌ Error enviando a 50259906516: HTTP 500 findChat: new chat not found 6516@c.us
📡 Enviando mensaje vía API local del bot...
❌ Error al enviar mensaje vía API local: HTTP 500 findChat: new chat not found 0948@c.us
❌ Error enviando a 50250190948: HTTP 500 findChat: new chat not found 0948@c.us
📡 Enviando mensaje vía API local del bot...
❌ Error al enviar mensaje vía API local: HTTP 500 findChat: new chat not found 3749@c.us
❌ Error enviando a 50254263749: HTTP 500 findChat: new chat not found 3749@c.us
📡 Enviando mensaje vía API local del bot...
❌ Error al enviar mensaje vía API local: HTTP 500 findChat: new chat not found 8550@c.us
❌ Error enviando a 50249728550: HTTP 500 findChat: new chat not found 8550@c.us
📡 Enviando mensaje vía API local del bot...
❌ Error al enviar mensaje vía API local: HTTP 500 findChat: new chat not found 5779@c.us
❌ Error enviando a 50235245779: HTTP 500 findChat: new chat not found 5779@c.us
📡 Enviando mensaje vía API local del bot...
❌ Error al enviar mensaje vía API local: HTTP 500 findChat: new chat not found 2572@c.us
❌ Error enviando a 50246532572: HTTP 500 findChat: new chat not found 2572@c.us
⚠️ 50249313997: sin contenido relevante → no se envía mensaje.
📡 Enviando mensaje vía API local del bot...
❌ Error al enviar mensaje vía API local: HTTP 500 findChat: new chat not found 5876@c.us
❌ Error enviando a 50247685876: HTTP 500 findChat: new chat not found 5876@c.us
⚠️ 50246032841: sin contenido relevante → no se envía mensaje.
📡 Enviando mensaje vía API local del bot...
❌ Error al enviar mensaje vía API local: HTTP 500 findChat: new chat not found 5677@c.us
❌ Error enviando a 50255585677: HTTP 500 findChat: new chat not found 5677@c.us
⚠️ 50253556299: sin contenido relevante → no se envía mensaje.
📡 Enviando mensaje vía API local del bot...
❌ Error al enviar mensaje vía API local: HTTP 500 findChat: new chat not found 8098@c.us
❌ Error enviando a 50254608098: HTTP 500 findChat: new chat not found 8098@c.us
📡 Enviando mensaje vía API local del bot...
❌ Error al enviar mensaje vía API local: HTTP 500 findChat: new chat not found 5651@c.us
❌ Error enviando a 50236405651: HTTP 500 findChat: new chat not found 5651@c.us
⚠️ 50258261871: sin contenido relevante → no se envía mensaje.
⚠️ 50237829024: sin contenido relevante → no se envía mensaje.
📡 Enviando mensaje vía API local del bot...
❌ Error al enviar mensaje vía API local: HTTP 500 findChat: new chat not found 3437@c.us
❌ Error enviando a 50247543437: HTTP 500 findChat: new chat not found 3437@c.us
📡 Enviando mensaje vía API local del bot...
❌ Error al enviar mensaje vía API local: HTTP 500 findChat: new chat not found 2769@c.us
❌ Error enviando a 50240292769: HTTP 500 findChat: new chat not found 2769@c.us
⚠️ 50258955269: sin contenido relevante → no se envía mensaje.
⚠️ 50258053297: sin contenido relevante → no se envía mensaje.
📡 Enviando mensaje vía API local del bot...
❌ Error al enviar mensaje vía API local: HTTP 500 findChat: new chat not found 4478@c.us
❌ Error enviando a 50255584478: HTTP 500 findChat: new chat not found 4478@c.us
⚠️ 50244819697: sin contenido relevante → no se envía mensaje.
⚠️ 50230063598: sin contenido relevante → no se envía mensaje.
📡 Enviando mensaje vía API local del bot...
❌ Error al enviar mensaje vía API local: HTTP 500 findChat: new chat not found 6628@c.us
❌ Error enviando a 50253176628: HTTP 500 findChat: new chat not found 6628@c.us
📡 Enviando mensaje vía API local del bot...
❌ Error al enviar mensaje vía API local: HTTP 500 findChat: new chat not found 2912@c.us
❌ Error enviando a 50241262912: HTTP 500 findChat: new chat not found 2912@c.us
⚠️ 50256416965: sin contenido relevante → no se envía mensaje.
📡 Enviando mensaje vía API local del bot...
❌ Error al enviar mensaje vía API local: HTTP 500 findChat: new chat not found 6181@c.us
❌ Error enviando a 50247456181: HTTP 500 findChat: new chat not found 6181@c.us
📡 Enviando mensaje vía API local del bot...
❌ Error al enviar mensaje vía API local: HTTP 500 findChat: new chat not found 5600@c.us
❌ Error enviando a 50252715600: HTTP 500 findChat: new chat not found 5600@c.us
⚠️ 50238844123: sin contenido relevante → no se envía mensaje.
📡 Enviando mensaje vía API local del bot...
❌ Error al enviar mensaje vía API local: HTTP 500 findChat: new chat not found 6060@c.us
❌ Error enviando a 50252006060: HTTP 500 findChat: new chat not found 6060@c.us
📡 Enviando mensaje vía API local del bot...
❌ Error al enviar mensaje vía API local: HTTP 500 findChat: new chat not found 7797@c.us
❌ Error enviando a 50253127797: HTTP 500 findChat: new chat not found 7797@c.us
📡 Enviando mensaje vía API local del bot...
❌ Error al enviar mensaje vía API local: HTTP 500 findChat: new chat not found 5516@c.us
❌ Error enviando a 50232955516: HTTP 500 findChat: new chat not found 5516@c.us
📡 Enviando mensaje vía API local del bot...
❌ Error al enviar mensaje vía API local: HTTP 500 findChat: new chat not found 1714@c.us
❌ Error enviando a 50240101714: HTTP 500 findChat: new chat not found 1714@c.us
📡 Enviando mensaje vía API local del bot...
❌ Error al enviar mensaje vía API local: HTTP 500 findChat: new chat not found 4421@c.us
❌ Error enviando a 50241494421: HTTP 500 findChat: new chat not found 4421@c.us
📡 Enviando mensaje vía API local del bot...
❌ Error al enviar mensaje vía API local: HTTP 500 findChat: new chat not found 7338@c.us
❌ Error enviando a 50253807338: HTTP 500 findChat: new chat not found 7338@c.us
📡 Enviando mensaje vía API local del bot...
❌ Error al enviar mensaje vía API local: HTTP 500 findChat: new chat not found 6300@c.us
❌ Error enviando a 50250166300: HTTP 500 findChat: new chat not found 6300@c.us
📡 Enviando mensaje vía API local del bot...
❌ Error al enviar mensaje vía API local: HTTP 500 findChat: new chat not found 3288@c.us
❌ Error enviando a 50232883288: HTTP 500 findChat: new chat not found 3288@c.us
📡 Enviando mensaje vía API local del bot...
❌ Error al enviar mensaje vía API local: HTTP 500 findChat: new chat not found 1825@c.us
❌ Error enviando a 50230131825: HTTP 500 findChat: new chat not found 1825@c.us
📡 Enviando mensaje vía API local del bot...
❌ Error al enviar mensaje vía API local: HTTP 500 findChat: new chat not found 9749@c.us
❌ Error enviando a 50255449749: HTTP 500 findChat: new chat not found 9749@c.us
⚠️ 50236680850: sin contenido relevante → no se envía mensaje.
📡 Enviando mensaje vía API local del bot...
❌ Error al enviar mensaje vía API local: HTTP 500 findChat: new chat not found 5029@c.us
❌ Error enviando a 50256805029: HTTP 500 findChat: new chat not found 5029@c.us
⚠️ 50259108219: sin contenido relevante → no se envía mensaje.
📡 Enviando mensaje vía API local del bot...
❌ Error al enviar mensaje vía API local: HTTP 500 findChat: new chat not found 2992@c.us
❌ Error enviando a 50257582992: HTTP 500 findChat: new chat not found 2992@c.us
📡 Enviando mensaje vía API local del bot...
❌ Error al enviar mensaje vía API local: HTTP 500 findChat: new chat not found 1047@c.us
❌ Error enviando a 50230281047: HTTP 500 findChat: new chat not found 1047@c.us
📡 Enviando mensaje vía API local del bot...
❌ Error al enviar mensaje vía API local: HTTP 500 findChat: new chat not found 1231@c.us
❌ Error enviando a 50233291231: HTTP 500 findChat: new chat not found 1231@c.us
⚠️ 50250542584: sin contenido relevante → no se envía mensaje.
📡 Enviando mensaje vía API local del bot...
❌ Error al enviar mensaje vía API local: HTTP 500 findChat: new chat not found 2862@c.us
❌ Error enviando a 50230782862: HTTP 500 findChat: new chat not found 2862@c.us
⚠️ 50236076447: sin contenido relevante → no se envía mensaje.
📡 Enviando mensaje vía API local del bot...
❌ Error al enviar mensaje vía API local: HTTP 500 findChat: new chat not found 4284@c.us
❌ Error enviando a 50236764284: HTTP 500 findChat: new chat not found 4284@c.us
📡 Enviando mensaje vía API local del bot...
❌ Error al enviar mensaje vía API local: HTTP 500 findChat: new chat not found 1853@c.us
❌ Error enviando a 50235151853: HTTP 500 findChat: new chat not found 1853@c.us
📡 Enviando mensaje vía API local del bot...
❌ Error al enviar mensaje vía API local: HTTP 500 findChat: new chat not found 2345@c.us
❌ Error enviando a 50230082345: HTTP 500 findChat: new chat not found 2345@c.us
📡 Enviando mensaje vía API local del bot...
❌ Error al enviar mensaje vía API local: HTTP 500 findChat: new chat not found 1188@c.us
❌ Error enviando a 50256371188: HTTP 500 findChat: new chat not found 1188@c.us
📡 Enviando mensaje vía API local del bot...
❌ Error al enviar mensaje vía API local: HTTP 500 findChat: new chat not found 3113@c.us
❌ Error enviando a 50230083113: HTTP 500 findChat: new chat not found 3113@c.us
📡 Enviando mensaje vía API local del bot...
❌ Error al enviar mensaje vía API local: HTTP 500 findChat: new chat not found 6417@c.us
❌ Error enviando a 50255376417: HTTP 500 findChat: new chat not found 6417@c.us
📡 Enviando mensaje vía API local del bot...
❌ Error al enviar mensaje vía API local: HTTP 500 findChat: new chat not found 5235@c.us
❌ Error enviando a 50237655235: HTTP 500 findChat: new chat not found 5235@c.us
📡 Enviando mensaje vía API local del bot...
❌ Error al enviar mensaje vía API local: HTTP 500 findChat: new chat not found 1508@c.us
❌ Error enviando a 50242221508: HTTP 500 findChat: new chat not found 1508@c.us
⚠️ 50246854703: sin contenido relevante → no se envía mensaje.
⚠️ 50256521588: sin contenido relevante → no se envía mensaje.
⚠️ 50687637085: sin contenido relevante → no se envía mensaje.
📡 Enviando mensaje vía API local del bot...
❌ Error al enviar mensaje vía API local: HTTP 500 findChat: new chat not found 6795@c.us
❌ Error enviando a 50240686795: HTTP 500 findChat: new chat not found 6795@c.us
📡 Enviando mensaje vía API local del bot...
❌ Error al enviar mensaje vía API local: HTTP 500 findChat: new chat not found 0287@c.us
❌ Error enviando a 50255130287: HTTP 500 findChat: new chat not found 0287@c.us
📡 Enviando mensaje vía API local del bot...
❌ Error al enviar mensaje vía API local: HTTP 500 findChat: new chat not found 0616@c.us
❌ Error enviando a 50259450616: HTTP 500 findChat: new chat not found 0616@c.us
⚠️ 50255541565: sin contenido relevante → no se envía mensaje.
📡 Enviando mensaje vía API local del bot...
❌ Error al enviar mensaje vía API local: HTTP 500 findChat: new chat not found 9297@c.us
❌ Error enviando a 50258349297: HTTP 500 findChat: new chat not found 9297@c.us
📡 Enviando mensaje vía API local del bot...
❌ Error al enviar mensaje vía API local: HTTP 500 findChat: new chat not found 9331@c.us
❌ Error enviando a 50249529331: HTTP 500 findChat: new chat not found 9331@c.us
⚠️ 50241139319: sin contenido relevante → no se envía mensaje.
📡 Enviando mensaje vía API local del bot...
❌ Error al enviar mensaje vía API local: HTTP 500 findChat: new chat not found 4268@c.us
❌ Error enviando a 50257184268: HTTP 500 findChat: new chat not found 4268@c.us
📡 Enviando mensaje vía API local del bot...
❌ Error al enviar mensaje vía API local: HTTP 500 findChat: new chat not found 0831@c.us
❌ Error enviando a 50242110831: HTTP 500 findChat: new chat not found 0831@c.us
📡 Enviando mensaje vía API local del bot...
❌ Error al enviar mensaje vía API local: HTTP 500 findChat: new chat not found 6473@c.us
❌ Error enviando a 50230086473: HTTP 500 findChat: new chat not found 6473@c.us
📡 Enviando mensaje vía API local del bot...
❌ Error al enviar mensaje vía API local: HTTP 500 findChat: new chat not found 2170@c.us
❌ Error enviando a 50255262170: HTTP 500 findChat: new chat not found 2170@c.us
📡 Enviando mensaje vía API local del bot...
❌ Error al enviar mensaje vía API local: HTTP 500 findChat: new chat not found 8130@c.us
❌ Error enviando a 50258748130: HTTP 500 findChat: new chat not found 8130@c.us
📡 Enviando mensaje vía API local del bot...
❌ Error al enviar mensaje vía API local: HTTP 500 findChat: new chat not found 8481@c.us
❌ Error enviando a 50242968481: HTTP 500 findChat: new chat not found 8481@c.us
📡 Enviando mensaje vía API local del bot...
❌ Error al enviar mensaje vía API local: HTTP 500 findChat: new chat not found 3665@c.us
❌ Error enviando a 50241143665: HTTP 500 findChat: new chat not found 3665@c.us
📡 Enviando mensaje vía API local del bot...
❌ Error al enviar mensaje vía API local: HTTP 500 findChat: new chat not found 5152@c.us
❌ Error enviando a 50252025152: HTTP 500 findChat: new chat not found 5152@c.us
📡 Enviando mensaje vía API local del bot...
❌ Error al enviar mensaje vía API local: HTTP 500 findChat: new chat not found 8591@c.us
❌ Error enviando a 50240858591: HTTP 500 findChat: new chat not found 8591@c.us
📡 Enviando mensaje vía API local del bot...
❌ Error al enviar mensaje vía API local: HTTP 500 findChat: new chat not found 4879@c.us
❌ Error enviando a 50236134879: HTTP 500 findChat: new chat not found 4879@c.us
📡 Enviando mensaje vía API local del bot...
❌ Error al enviar mensaje vía API local: HTTP 500 findChat: new chat not found 4879@c.us
❌ Error enviando a 50236134879: HTTP 500 findChat: new chat not found 4879@c.us
📡 Enviando mensaje vía API local del bot...
❌ Error al enviar mensaje vía API local: HTTP 500 findChat: new chat not found 3476@c.us
❌ Error enviando a 50258253476: HTTP 500 findChat: new chat not found 3476@c.us
📡 Enviando mensaje vía API local del bot...
❌ Error al enviar mensaje vía API local: HTTP 500 findChat: new chat not found 8294@c.us
❌ Error enviando a 50241288294: HTTP 500 findChat: new chat not found 8294@c.us
📡 Enviando mensaje vía API local del bot...
❌ Error al enviar mensaje vía API local: HTTP 500 findChat: new chat not found 4297@c.us
❌ Error enviando a 50235954297: HTTP 500 findChat: new chat not found 4297@c.us
⚠️ 50230718631: sin contenido relevante → no se envía mensaje.
⚠️ 50254140866: sin contenido relevante → no se envía mensaje.
📡 Enviando mensaje vía API local del bot...
❌ Error al enviar mensaje vía API local: HTTP 500 findChat: new chat not found 5724@c.us
❌ Error enviando a 50247695724: HTTP 500 findChat: new chat not found 5724@c.us
📡 Enviando mensaje vía API local del bot...
❌ Error al enviar mensaje vía API local: HTTP 500 findChat: new chat not found 9247@c.us
⚠️ No se pudo enviar resumen al admin: HTTP 500 findChat: new chat not found 9247@c.us
🟢 Finalizado y DB cerrada.
